temperature,humidity,wind_speed,pressure,will_rain,next_day_temp
29.96714153011233,51.524806359545934,9.572042156102226,1011.5657678354107,1,30.479762116353275
23.617356988288154,50.93171783232292,12.556004295570776,1012.6734409625969,0,23.65412328018278
31.476885381006923,24.0871365473997,10.220951511638857,1013.6429487858758,0,30.18342018175483
40.23029856408026,53.39819616597126,15.883344375568957,1022.4686146164618,0,40.222718581536895
22.65846625276664,74.65658163643491,24.577428251695302,1005.5278269151326,0,24.130991129245473
22.658630430508193,34.515357618464094,8.831662742870364,1004.5365300848734,0,22.280144043571674
40.79212815507391,80.96965302101185,23.006563982147313,1025.3661974214297,0,42.05143104576473
32.67434729152909,69.75549642168676,8.7466234212249,1008.373552581187,1,30.164340956259945
20.305256140650478,45.31533356057924,8.218982300024926,1000.3696464642294,0,18.493575187213363
30.425600435859646,57.16940725324305,21.548756946745705,1008.1487005790013,1,28.22263892603772
20.365823071875376,91.96643615282066,22.375491024060935,1009.69947264756,1,18.670428956498156
20.34270246429743,74.67095627011732,21.811279494101235,1028.5496272772577,0,24.204245604415703
27.419622715660342,60.17567309796296,4.473620734254871,1022.2482621237674,0,29.59773909499142
5.86719755342202,55.246333660780316,11.272392175423594,1024.4752061663223,0,2.636428197368984
7.750821674869673,61.53218140903319,21.583908736026572,1021.1997364234678,0,9.063316564095038
19.377124707590273,49.76472884115393,15.332334724511156,1022.4624367161531,0,18.205377769644564
14.871688796655762,17.905009885619705,6.4104572304202865,1006.1191787341968,0,12.824535040241066
28.14247332595274,100.0,18.666543513003532,1011.0139784464651,1,23.68525492878522
15.91975924478789,63.10649998398803,9.281541928068236,1003.1008468697645,0,18.835515326248622
10.876962986647085,67.96294530245075,29.356198787137696,1010.8951196946297,1,6.785373537645669
39.65648768921554,58.841845002461824,27.358731699346066,1019.8410499093474,1,39.50059815518591
22.742236995134643,45.29766398550824,19.832779410844537,1014.3458328481224,0,19.903303257960037
25.67528204687924,56.28151038102459,25.88805363815819,1026.1148081896029,0,28.002813888089012
10.752518137865433,28.012104756113775,15.518330800987048,1001.5858420777278,0,9.749462658923582
19.556172754748175,100.0,21.123499955000128,1018.0023835069824,1,19.15278478818714
26.10922589709866,35.30976003155208,26.8217623624166,1000.5169719813068,1,25.807023108308563
13.490064225776973,39.360674323056415,16.9639894543545,1013.9417646917365,0,14.397775230584323
28.75698018345672,51.19481591227199,12.95850262788573,1020.4033342255648,0,28.795994475406648
18.99361310081195,85.76151449704756,1.3630243345830735,1010.8549743317578,1,18.8637935339286
22.083062502067232,60.29017998525308,14.334931794228048,1018.5112660408696,0,20.5278565763029
18.98293387770603,35.27728407939075,21.58738547649849,1003.4026766516706,0,14.258745757679751
43.522781845089376,85.08676721514679,22.565067420541038,996.3631002180362,1,40.16712896646381
24.865027752620662,74.62001253570963,19.034920525747278,1018.570296224878,0,27.0204669686626
14.422890710440996,70.76869914432905,10.669607240302081,1030.4401023407572,0,13.505432320462102
33.225449121031886,74.31468482341681,0.0,1003.039550598301,1,31.23341978786445
12.791563500289778,100.0,11.038279215962119,1025.221941801068,0,8.574379067035643
27.088635950047554,100.0,12.56524103156839,1013.4342340881641,1,21.929694529776498
5.403298761202244,46.26569313993409,12.496568262479887,999.6430847830692,0,3.2936781208176487
11.718139511015695,92.47769985622304,19.948450855823396,1001.6849469864784,1,14.382298073151466
26.968612358691235,67.663363795178,30.885411288118718,1013.1578477336064,0,25.29740177782428
32.38466579995411,69.98191632275498,15.988233614728744,1008.955377120759,1,33.58612237567845
26.713682811899705,26.154583367133426,13.266145686748306,999.8708702324176,0,24.904503323705832
23.843517176117594,56.59228469223608,12.926225495967259,996.059607187746,0,25.76011726420414
21.988963044107113,43.7435281932687,15.995078135261714,1004.5328067207349,0,20.933710638681106
10.214780096325725,76.56117629786618,8.37364991721281,1014.9380900833112,0,6.519127359674236
17.801557916052914,81.42161000805609,15.96158846996844,1012.9359924739687,1,16.994698712354584
20.393612290402125,18.510272979673772,18.606498690654398,1007.9876204249992,0,25.895613545243346
35.57122226218915,59.55930271991459,16.677488508595903,1015.0188719429149,0,40.94087520884172
28.436182895684613,82.43723009588504,18.66033547203825,1023.4002671986269,1,29.89578280402271
7.36959844637266,56.2664207537311,18.469980874788284,1016.9412651043415,0,6.958422000131552
28.24083969394795,74.58127290004728,0.8248265420284504,1011.7869132861042,0,29.1525451002332
21.149177195836835,67.02330935254169,20.094961267163225,1022.2807200666069,0,22.099734212036704
18.230779996940413,66.83320463905252,9.631881234700371,1003.401496977837,0,18.111119739839108
31.11676288840868,54.57370043863405,6.233286695968337,1010.7508046044464,0,32.439594948176534
35.30999522495951,35.66838391728581,6.1643853771600305,1010.9891206439963,0,35.9346758114202
34.31280119116199,37.56939705149945,18.468332883780235,1000.6304674155715,1,33.364884035069046
16.607824767773614,74.18705028910634,13.219400582201176,1008.8012583771564,1,13.022054369622685
21.907876241487855,60.38916511037766,1.5442497281167142,992.250403191047,1,20.527698514827357
28.31263431403564,57.2297551078555,18.824302521538268,1032.1217804766295,0,30.711190861256433
34.75545127122359,51.52219915355295,3.4831349536093814,1003.6258621156369,0,34.6610645977375
20.2082576215471,53.896223090384964,16.11857086814569,1028.8611413142132,0,21.109118296309617
23.143410233361827,80.93823588976278,16.907991405384433,1013.380845057195,1,22.29436365024859
13.936650259939718,53.295118362639464,22.08461665356036,1018.6486413215596,0,10.757857744907843
13.037933759193292,33.17870573396863,29.25347829173481,1008.1120020164907,0,12.322044614577823
33.125258223941984,74.87303551080346,4.082589392795667,1015.0792969196167,0,30.057890521693928
38.56240028570823,55.902466722705654,14.580209151495605,1019.5048963998844,0,35.303532764897575
24.27989878419666,60.627917310655526,12.789317639646262,1019.6455241439418,0,27.89680861080489
35.03532897892024,92.15156612799021,18.4699974876877,1020.7477339007436,1,33.77507096411759
28.61636025047634,59.58878885298986,16.72535016746895,1009.3166728996082,1,26.39190607409624
18.548802453948756,65.78367346237451,12.17963005810704,1008.1964032750865,0,23.402681507091472
28.613956055084138,36.42153017403349,11.472782491113156,997.0582367473239,1,31.058911161296862
40.38036566465969,55.606610952980795,6.06839315852762,1018.2321901117693,1,39.265837988154175
24.641739608900483,72.19052090417202,22.902892659252075,1023.8237871132344,0,25.924648585557588
40.64643655814006,28.892525323175153,18.673633452796235,1029.1598167991792,0,39.93907160335795
-1.1974510408974446,64.01690186231419,22.3421455823611,1016.051726345805,0,-3.2754900787362438
33.21902504375224,62.01582145289613,12.51683090819589,1005.3352022709144,1,34.64309871720725
25.87047068238171,60.825749111748785,9.745316250444557,996.0290385671054,1,24.897565026421102
22.009926495341325,80.74317797316486,6.373479466966177,1023.4166673308335,0,22.236420522339536
25.917607765355022,66.68877029697043,17.871340669925274,995.0372343322247,1,28.981697470054037
5.124310853991073,89.56143796712888,6.681654203774123,1009.5939592225624,0,7.857950165377202
22.80328112162488,40.12820968811928,29.7893045517324,1010.7569317205636,0,21.15300124605665
28.571125715117464,62.71849134436696,4.538859351252476,1012.3054486214899,0,30.029220521978722
39.77894044741516,61.68933572779895,17.189280953700013,1013.3580260003584,0,36.39537170897789
19.817297817263526,38.6149101248984,27.53483765771029,1014.3814755636757,0,21.16854030121064
16.915063971068122,79.12590004182692,19.79271807411047,988.8463673792147,1,17.36054988847144
19.982429564154636,100.0,16.405389699934233,1013.1465590987012,1,21.11936765124493
34.15402117702074,59.65987851032338,7.252130824304835,990.7042442588812,1,33.26168691308804
28.287511096596845,70.10042176547535,3.9458464914583686,1020.32218073091,0,34.53972491755432
19.702397962329613,61.690369516306546,21.160400871340688,1007.4487484419639,0,16.99849883946867
30.13267433113356,45.72830660185648,27.049177926199572,991.4296327477665,1,33.047329464038945
25.970775493480403,23.584794443959673,11.489200076174628,1004.8579532261463,0,22.87568053417541
34.68644990532889,45.884530338092695,5.887507939069192,1007.2992466081535,0,36.19948242921686
17.979469061226474,32.160832380965374,0.0,1024.9069961755501,0,19.706838992981822
21.723378534022316,94.08204156118236,7.1538812506996985,1014.9663774175025,1,21.888306148709173
21.078918468678424,57.697806121535216,14.090745260007678,1016.4444494435058,0,19.59294523704731
10.364850518678814,53.08161341905659,27.792985926693873,1024.812216342206,0,10.788255190914711
27.961202770645762,77.78307649575612,20.38506953786375,1012.0385571207551,0,28.762233770936287
27.610552721798893,37.56497794288224,17.440683237654024,1020.541879610324,1,32.98036218071774
25.051134566424608,44.66271923990895,11.799042709590953,1019.8386111393199,0,22.434113710523718
22.654128666248532,61.36144538497242,10.33467426195235,1000.1353050643058,1,20.986388177306527
10.846292579495858,80.57537982846961,26.24518078006371,1027.7298357762984,0,11.700499250703867
20.79354677234641,70.03370090337576,16.605908326067116,998.7969821992931,1,20.025385401160655
21.572854834732304,64.96650285031764,0.0,1022.1736664947784,1,21.272731721540502
16.97722730778381,61.56235470472033,9.611682816822057,997.8292696309437,1,20.18828281387509
23.38714288333991,68.00471711053551,8.134271745826986,1019.0123678815168,0,14.926343373052203
29.040508568145384,64.03305810258509,10.629887926580281,1031.6191487815017,0,27.24666053309195
43.8618590121053,39.40055450446128,19.503285282280682,1010.8702134344979,0,38.63475133335155
26.74577812831839,60.921584432663025,14.140440945646004,1010.4364435714685,1,23.158328817606176
27.57550390722764,38.52622682164495,14.385076743970703,1019.1043999931685,0,34.78937738344505
24.255540842338327,61.62165085801647,25.507785290601895,1009.7060354403745,0,26.050045244196596
5.812287847009586,50.38704117023517,9.428311281706492,1031.1827870374282,0,8.666982622183898
24.73486124550783,100.0,29.9135962070988,1014.921922494587,1,24.493272296148536
25.602302099410263,59.20211232496576,9.629539269031312,1009.7983049177927,0,27.878443573905994
49.63242112485286,31.915208674768223,15.713585572900572,1007.5971447210432,0,44.33272760229211
23.076390352188774,57.316395786461506,12.750371236777864,1003.6705152982698,1,26.191285587497575
28.015473423336125,70.38717491275776,15.987353068007689,1006.7224501324251,1,25.555941067656427
24.652882302947567,93.46727892305047,18.55673596058503,1009.493266063414,1,23.058934844969826
13.31321962380468,48.210952001225635,18.470681920711012,1008.1236092650142,0,14.828672835168636
36.42822814515021,28.351440519527202,8.975061355035361,1006.418247258629,0,37.37756842089685
32.519330326867745,76.33674022861962,6.016682580419435,1033.9884123035245,0,32.77319047204839
32.910319470430466,32.38802588200698,35.025374327245686,1002.6990492351051,0,28.82103100968951
15.90612545205261,51.2768911698503,11.128125283195576,1014.4663258764617,0,16.205566458517534
39.02794310936099,54.84759028978012,20.59369950937589,1018.9252100976087,1,41.909627169810676
10.981489372077192,58.60733093399784,2.1388695158144255,1019.3010799558373,0,9.38402808377781
30.868570938002705,73.7832891414867,12.763098240762586,1012.4139292421753,1,34.81338207402359
46.90455625809979,46.32731435427225,13.982404928140456,1010.592974281527,1,44.28648045035776
15.094636748693116,54.52541495666479,18.78252055942266,1017.5154749123951,1,15.114280423848237
19.33702270397228,59.71459294101223,0.0,1015.665216499782,0,23.94300590410212
25.996513650876413,62.99195915037576,16.329124904626646,1010.4104116523249,1,23.952313912777583
19.965243458838007,61.95654349415845,5.802068357056857,997.3812142827556,1,23.127199908969228
9.493365689338674,68.7201155044516,17.59476568955939,1008.3207627766675,1,15.417322776004102
25.685629748060272,76.87679019283475,6.7093664252946965,1001.5344983629254,1,26.198761954832722
14.376962862738951,67.85268231301936,8.156138432595348,1006.3284044993368,0,12.79591190058903
29.735924306351816,69.07171047018437,12.810979116853854,1013.3322323851696,0,27.417707897501746
15.80575765766197,28.355536665070446,6.581364243174438,1016.5873614399661,0,19.719565767703944
40.499344050175395,61.004553983313606,11.195724426117161,1030.804527512924,0,44.32942664819434
17.167467076637628,69.59015096003218,5.452993851653478,1007.6259362109619,1,21.515394445243654
21.779384837943244,74.578823891409,0.33463638641018,1020.7462563527515,1,21.680869785975403
33.135172173696695,46.152984515324114,23.143656419434876,1016.0596002443783,0,36.24859299827801
12.691356835660448,46.8192145022271,4.6316104574085735,1025.9599767063978,0,12.544838662282238
27.274599346041295,48.517986494328035,13.570552899136132,1018.7622871959562,0,24.62543398121622
38.07142754282428,70.72827799782686,21.02312865195028,1002.9151857271369,1,41.443957898161344
8.925167654387725,80.67762109848417,10.080447179871655,995.7695397070877,0,13.826778489222338
26.846338585323043,51.850797854167965,8.398672802035698,1016.112616996675,0,23.784532666979082
27.598827942484235,78.15924627254098,16.80990470933937,1007.7154900209961,1,24.480535053782226
32.8182287177731,62.469596183291884,23.943470581817216,1003.1968625404941,1,32.93817452046348
12.63049289121918,57.51428445675128,5.645477879308249,1000.3242229546693,0,15.49887870844218
11.795433869157236,55.77231540364062,13.798817343860488,1014.6097549758715,0,8.393976287895375
30.219415656168977,74.93222729204314,1.140043240261381,1028.0770769931337,0,30.900462867036694
27.96984673233186,66.5115563357414,11.85439197054248,1008.9132765429396,0,26.198565870152603
27.504928503458764,100.0,15.273637476304604,1018.9027031107532,1,29.60741580293377
28.464482094969757,42.95550714005351,8.163002865959474,1011.9773364978241,0,26.070821630482087
18.199752784215093,70.36203404059951,11.344065329398148,1000.1061791089661,1,20.51516178503763
27.322536971610035,49.415979803769744,3.7341858535403993,1020.3481134351042,0,26.84789253915691
27.93072473298681,42.61426026022713,15.616628891051949,1002.0530795597263,1,25.119303161943684
17.85648581973632,59.78265725930056,23.445553991065196,1013.2162663059356,1,18.047555686016985
43.65774511144757,62.74704958814072,6.222849041836291,1009.584795849947,0,37.84382516798251
29.738329209117875,100.0,10.018625867580937,1021.9307743456569,1,28.061045492803057
13.086965027973514,56.317083686335955,19.020369971633453,1002.4184900752931,0,14.099168238947499
31.565536086338298,37.396425410306335,24.69672575458189,1016.9086990780196,0,26.250271749242614
15.253183297726785,65.4602143498877,3.0544815023285494,1004.602025926513,1,7.5397727384105515
32.87084603742452,18.507199249072634,13.649722100672406,1007.8889478767121,0,25.85274407798502
36.58595579007404,58.16086434791468,17.265046578556202,976.647997724599,1,40.56734145657515
16.793176816482895,60.32050564590321,14.183548874969215,1033.920985716179,0,16.562899778194705
34.63376129244322,75.89200765890423,0.0,1018.5055693282624,1,33.036365110421656
29.12780926936498,79.47244498855693,19.008720074470176,1005.3265251406184,1,31.96327347636547
33.2206015999449,49.92860762184565,27.154690808725153,1001.75344311667,1,32.007252552537565
43.967929826539475,56.98771970740134,15.933294009356027,1008.0435124712066,0,44.77331552613967
22.546118839971296,44.677583387786584,6.751151573645894,1020.1687953481945,0,22.623384892741086
17.462638356425103,37.43874890384612,10.894982029085735,994.0791507441508,0,16.04964009416617
16.104855703744768,66.19789558761269,29.159304541244744,1011.5841558070566,0,16.987293355412085
16.841897150345616,34.528289028068016,22.27970032688447,1030.7064187246267,0,19.16168081460605
24.22898290585896,51.70746198856274,20.120212947074634,1001.660536640322,0,23.674263054807994
28.411519748166437,40.09652080201525,17.85130066827501,1013.8038503876365,0,27.029853028702593
27.76690799330019,70.99366372580519,9.710903102472221,1035.0330981525776,0,26.739370769301832
33.27183249036024,96.02860198532976,13.395430554753851,1019.3215162969077,1,26.378094892003045
25.13001891877907,33.968240343933374,14.376618114571873,1014.2592382048546,0,25.979197558305806
39.53534077157317,22.939630342048616,19.39659452851555,1018.06636454909,0,35.90800690460751
22.35343166762044,57.50226229299865,27.07135115413523,1008.991346649903,0,24.24258783997721
52.20169166589619,60.31395591915517,23.946705094345024,1025.9963128530344,0,51.93041936387031
31.25667347765006,64.37318613514596,3.644925153631675,1009.0066997709979,0,31.572036767241382
16.428424435837172,51.0735896953131,16.79195975120839,993.4081839126402,1,18.52941194765578
14.291075019388877,55.98721402349136,20.894106761343174,1009.0869689605954,0,11.511503720366072
29.824724152431852,67.35020821081204,19.950882641157083,1003.332654701233,1,30.932469482484723
22.76537214674149,80.80861785289677,9.966129892900645,1010.1880598780257,1,23.568235304429486
32.14000494092092,20.899024593634344,38.31287372614689,1010.4091594091936,0,31.585662442992536
29.73237624573545,52.62121121937076,4.783323501351049,1024.9742319980492,0,26.947817643444836
24.27171087343127,64.27617587882126,6.3344924266716,1019.9529272666439,1,26.057425965596764
16.53206281931595,41.64047790778528,16.86876065009261,1015.6326548757539,0,18.642426452573897
9.851527753141355,94.623392635346,31.934424439710828,1012.970545886674,0,10.192333831075008
20.53485047932979,47.29180239542526,8.310441194366632,1002.41141991142,0,17.323943232185854
33.56398794323472,59.174146259854346,12.873373074824062,991.1882476233433,1,31.981640844458358
27.14093744130204,71.12044193684582,23.618349384125544,1014.1316001139278,1,26.95993927404184
12.542612212880119,48.17430422396211,14.857102760898131,1020.9464120357366,0,14.6080958628264
26.73180925851182,23.068539043911656,12.323169163757635,1011.9166611675541,0,21.98134105517247
28.853173797288367,51.42690946166933,19.52506321509376,1007.651456772133,0,27.161763404375236
16.16142563798867,80.5888111185408,17.180143921836745,1017.6450216521421,0,14.953407958162064
26.53725105945528,53.26209746429723,23.24351028509433,1012.1666779937565,1,26.28758632124619
25.58208718446,43.07131397082043,25.33175111252291,1029.8574419197396,0,21.67811133238546
13.570297021693769,78.51344419005443,17.456024480042892,1025.3272834206828,0,12.917698686573768
28.577873603482832,53.38450207953895,17.333861803026473,1022.5950805702333,0,27.646422910545063
30.607845263682343,49.796783726995656,16.71288785828907,1020.577341142099,0,27.495069649213374
35.830512431752766,62.98912179326619,18.913044453194303,1000.0983258554854,1,35.476609679246714
35.53802052034903,75.41500419237575,15.441365102971712,1019.629937020526,1,33.91451322999252
11.223306320429089,100.0,14.995132141421685,1016.7632595764658,1,12.71006474795821
15.621749600848773,76.54472215314846,24.57301696661794,1019.0642472839116,1,12.965766917835758
30.150352672086598,83.19679932776688,27.128929442840345,1017.9260948681306,1,30.41985503847196
30.137859509122087,49.880676020242895,2.9395764429326334,1017.5276258784806,0,27.71269299743428
30.15047686306048,39.482637880610476,15.080169213924552,1040.008664695496,0,28.35121414858404
63.52731490654721,61.24662699238246,9.490444532438122,1012.2381433004808,0,64.41918978966343
30.70890510693167,62.14339830519192,12.512228268111421,1022.3633738082933,0,31.413058305458136
36.35565640180599,38.42974517270805,18.22012967788257,1008.2901018973599,0,35.10458985407091
34.54001763493203,56.494109401919744,20.355506972339747,1020.9064158388767,0,33.73178577993402
31.51391251305798,67.98635203438262,14.10298845110924,1022.3931989023246,0,27.15309317772941
21.847307553596544,67.2078679003616,0.0,1016.6442607713535,1,26.055600485338644
32.589692204932675,70.08575706768545,7.279635355390563,1029.692469423765,0,34.65206139856676
17.27174785462428,65.81929460274885,22.171997361601328,1004.1572396363958,1,19.2260920072376
22.63181393259991,49.85982681459888,0.0,1008.1277905833177,0,17.846717281731266
20.146364521708964,49.72198746702314,24.499417213456,1015.123800860235,0,18.359894544241104
25.818741393863224,36.02097204012248,19.16983992515633,1021.8080685348423,0,24.815103307092357
48.146585666735085,95.6955007837019,25.52940865224018,1014.7942952129494,1,42.35340119063305
6.3273480740825185,60.26900729238586,13.411446504952316,1025.8575903651056,0,8.99719836231078
31.862601903745134,55.50293888410296,0.0,1006.3831012903368,1,36.22425536938954
8.872841288103483,41.42415837095082,18.442901132051983,1001.5942151051145,0,15.058646156114325
20.280681342105666,100.0,25.19722499230673,1016.081283365365,1,17.143029859552456
35.889505969673664,38.533439355542086,22.39777444410737,1012.228197238863,0,36.241476460176486
25.642800190954627,51.423041487878535,9.698468132095716,1018.4286372035822,0,29.61125499840589
14.22255222070694,68.31673672572121,15.694088603701173,1012.7259770913349,0,13.461696783866078
17.846962907400318,72.00425931488556,10.737309849760608,1009.5998020937654,0,16.145999165872283
31.795977489346757,79.15864110431369,8.445868286485023,1012.2506242827627,1,26.197924468713286
17.696333682828634,96.15217015538526,22.64310856943881,1013.2884889479318,1,21.09420105614388
27.164585895819748,70.12315310921424,5.419741509878703,1009.9501870015167,0,27.106803627599653
25.455718399038137,38.87938400066665,7.849468555347099,1010.9686795367658,0,23.26769282214895
18.48399652394183,54.86109749756437,6.167794932220916,1008.9640666301309,0,19.33556839342841
46.439440893253256,66.1566474502777,3.078019813607627,1021.5666511986941,0,46.89845701278925
31.33919022318011,100.0,16.171314334740828,1014.9402100450579,1,31.843967530243887
4.748574133423929,32.04389043151406,24.292024387855808,1035.5675247216877,0,4.097279946443903
26.864543147694278,84.05153010450455,13.520985950037876,1014.6070455127846,1,31.731617623984373
18.38213535231612,63.598287390928334,2.9540175954866683,1007.4914252967134,1,17.981156152528854
33.52433334796224,76.75661070458962,21.71955631793622,1039.7067537486307,0,38.382299576932155
17.074792615672994,57.96010566728136,28.48561403227977,1017.1362637771433,0,18.767143394873585
23.85263558533101,43.15134739747347,9.830061406827244,1022.9012478689282,0,24.906146013616205
30.04987278980457,75.01745558802664,11.171565866258254,1018.9210298320249,0,29.710048529970106
33.657551941701215,73.08862054211242,19.125285040667155,1019.2301102929775,0,36.579422022338974
12.997035929442237,79.44113931479444,27.974989982280412,1018.3565405135247,0,13.336011232176222
21.654987641590516,59.7339072924273,10.841326834198192,1001.9791543522393,0,18.858593996249922
20.25054688839044,48.00355953360301,4.34040175201436,1016.6752904756141,0,17.35407031539633
18.46670767426288,28.82426009952317,20.051348850179252,999.7513869614976,0,19.7341615400657
42.65454240281097,76.38746536278813,21.392544585138396,1011.2563716358746,1,39.93240574731148
29.049817109609556,68.47778964887972,15.049051603481814,1005.7438254343672,1,28.86312393869206
12.391160456649548,40.68434734272081,10.534933922740395,1016.5747018584873,0,15.562714072302821
34.17861947054776,49.22852653406751,22.95502984793637,1016.3412624733824,1,35.09053000423076
46.22156197012633,50.66482376097119,19.224288036383715,1017.8114589076519,0,44.05515735914009
35.32465260551147,30.340311360351638,8.852515864772057,1015.8729657274909,0,39.554615140359886
9.806300340459867,43.646352067897325,15.392757850445372,1006.931746582136,0,11.44992605144397
20.157659271337486,37.32339286387292,4.186339743802828,1010.3899651064833,0,23.211038232949754
37.669111491866225,51.750419762241265,20.48712365150336,1022.2039616125448,0,30.86643646223832
17.923305343812192,45.22605003340875,12.902131444937153,1023.678566772944,0,18.91586397860043
29.438194281462284,27.459901582665026,11.514313340922103,1001.5321690137345,1,31.964667790601965
32.74634053429337,100.0,14.737004118780527,997.6907236748735,1,37.84720646118734
15.73069528421917,85.05081462058462,15.322461594641982,1005.7311061679529,1,11.339239531766045
24.404746439382,44.41961156960029,22.159440492524485,1023.4520758203225,0,28.0230902069656
-7.412673400690728,65.4484279330722,19.728724250601772,1025.1488403018304,0,-2.479532543586995
14.756123586657102,68.3493017964259,13.748725769657579,1003.7528811959883,0,8.704256654820163
22.474318486068398,83.82171709546954,21.109345197751963,1016.0730935373634,0,23.910091815677625
12.522168180351505,43.627899466798425,18.205898029532904,1031.3443133314008,0,14.375030623373611
41.32411303931635,81.84213567964852,11.587202909711703,1017.1531147724033,0,40.34309005136063
10.698586220393674,49.041893915861294,14.002254734108114,1027.215032852331,0,9.228302840194804
20.59955513303016,33.28275191662773,13.814216889255034,1022.987265700831,0,22.60311687289363
26.307405772860914,74.48273118628995,19.042090745393615,1003.8980129377209,1,24.46246051262902
39.412732890661154,85.81516848244857,12.063819082226866,1011.1001857650292,1,38.76098490540686
10.641378488205607,100.0,11.876726508626934,1013.3475447829185,1,13.07868319067737
36.63163752154959,36.00549469819573,30.75005847547167,1014.0413338802134,0,41.893766672530184
25.10233061019587,73.97839370161577,22.517883853976834,1022.1632895343857,0,26.716283427821924
15.18491348952049,51.80397512412934,8.915194684598887,1017.0868476227541,0,15.585366975764025
29.62103474263271,75.66717421048062,19.567527951537585,983.6379905622189,1,28.071842288650398
26.990596955734702,30.59020897537499,15.946800525241418,999.8715972690727,1,23.958796833781534
18.997831228412053,34.74460448602872,18.13240940208075,991.1261908502396,0,22.3265659529149
25.69802084990019,44.48250353667032,16.098730596520838,1014.7536524065533,0,25.237671296519537
21.1468640313824,61.57928091336169,24.517141163881888,1015.4048764946776,0,24.598973855382585
26.13517345251248,47.178374669232895,17.764962757211567,1015.8322495861072,0,25.146517818526092
31.621306745210468,73.18108687826839,14.5032904142857,1003.4107173228539,1,29.673440761127434
40.86016816145352,80.53789236515829,23.33752461586414,1019.7414400511999,1,42.12256482793607
12.621845011731509,71.99155082490711,16.866280328702977,1020.1626249646853,0,12.392237193926308
46.330333746562665,92.37575279321736,15.971828634632462,1000.4485093279484,1,42.713747932730456
5.4791220047749825,68.31653258910686,17.512180819888915,998.3396179855113,0,10.931226994120525
23.482149049644168,35.66206579319666,14.251127813069068,1012.9986831377306,0,21.601197728329254
30.883172064845766,87.2675302707668,15.073815943963751,1030.9178227361335,0,33.66594662836841
27.809918677350325,47.89687528788005,10.306443289905019,1029.9974274219865,0,30.33548856553977
18.773004801794063,78.2083699937114,8.99066224300897,1018.6340436044806,0,14.994616507050992
22.918777496427246,91.47468433110213,7.0114369081404835,1005.7000332841992,1,19.911614562577792
20.069990653411672,69.13376021460799,3.8641337056233915,1021.8684265948858,0,19.16546263431129
19.106352430557884,30.076823736707006,7.962261108923548,1008.4757573519096,0,16.509412796822936
33.496020970210246,41.63575666980417,13.605863724264594,1005.324929633262,1,38.67539008584631
28.570154859650472,86.45488933770271,15.824940659565096,991.5603316837801,1,27.96962794925494
18.07090404739346,56.617546287143675,12.829627494818876,1014.0238219834765,0,20.740151175835663
33.995998754332504,61.59147069884332,0.0,1006.7013265086263,1,35.53691092133312
28.072995208766095,75.17648832327218,27.59669086209874,1013.964303795285,1,28.865062555755156
33.1286211883896,73.92645724160647,23.691840983123054,990.0064230376294,1,33.24958482060836
31.29628841923612,65.57599624770921,18.56607880973703,1014.6982667258369,1,35.00768054260221
16.710049890779278,55.826632575590686,30.259925380426147,988.6887883602838,1,14.234770970774228
19.398189598030307,53.74663108535285,7.181087060130315,1023.8794025326855,0,24.577195529400065
32.472936051232615,77.15797650582687,30.101000965008037,1018.2189123413508,0,28.61126650972033
31.103702654334647,71.07139062135586,7.2782873859956165,1010.2133522857541,1,33.44823783120192
24.790984060358518,54.85399998764421,16.90990340233085,1018.6271986008207,0,20.575492480539168
26.17327383308782,81.64224625986282,4.809301398926365,1003.2192573733645,1,25.22615717640694
37.77664895788425,57.419317697404324,15.117552764354935,1013.723755156149,0,38.05657877206715
19.084286111641703,42.966756513312134,18.08933198398711,1020.9477403846033,0,17.62420006515316
30.47097381170038,44.8205860219331,13.762477350923563,982.0571075090861,1,29.925965102849705
22.97807347566106,40.42518327380468,20.7110195527211,1008.5277564032248,0,18.817162131868677
22.823187967727797,54.551799667926254,15.792115595898059,1012.7735586986363,0,19.860836561557143
35.9877685198719,84.67448556672386,10.820682172979925,1011.0370638225423,1,37.482562641459545
33.2541634898803,43.89809637938983,10.465493457581285,1027.571018262274,0,33.34317896481263
33.135096360006386,63.76951522036206,21.487310180925572,1001.7609887507712,1,31.063512282541865
38.05478807154329,46.86621308745174,9.770063761544261,1006.7884075655477,1,42.02762136093231
25.210038416327592,54.79381917457125,22.323223763879497,993.8413097369155,0,21.550245716356944
31.819529712949638,29.799175760294958,24.78169434265545,1028.1028665127315,0,30.73475831535745
21.89733243406544,55.58923541686925,1.6502891012309604,1010.537098573912,1,20.380363599530025
28.241663524884423,56.12589240390076,24.063411098408277,1008.615911119633,0,30.086776408167555
23.698569456323153,70.80575888071391,31.48338158755759,1012.4751731768929,1,23.843060529734736
25.969959649927183,64.46561826510741,17.016030089615427,1019.3623582843032,0,25.645463910323393
30.951570254369138,36.032157500959094,19.79267348235858,1016.4736340351612,0,25.41892014276742
16.817793167665275,81.68396488087086,23.29604259495327,1039.4788421355709,0,19.412896609561553
45.92387275685461,64.20606080443991,12.796141478567822,1017.5393588840377,0,45.2703953123594
14.93982618500298,63.967870343549734,16.458241788302956,1008.3475457083092,0,15.28680923783424
12.85811387212268,59.81635293229722,4.486403763015126,1007.3864326247606,0,10.612424211841047
36.581108735000676,49.644851055555606,16.10908022824361,1009.0724104758319,0,33.863622446549456
32.91662693962936,64.35604679497452,18.984895965156333,997.9816307537017,1,37.41449021505642
31.24119817052155,69.51176871857164,19.129304183411755,1013.3986420749159,1,25.921482435734312
31.2834550926428,25.0620861730889,23.523397788780642,1020.8346810620892,0,28.120858009294484
24.877532271530853,49.22478325307809,8.801582574915766,1006.8663639937677,0,29.319008729538094
16.027456285141685,54.901060591928214,10.739145946612028,1004.9261994371589,0,17.949695428137648
25.758045581937264,65.12341211388556,30.16405876793084,1028.1594514629423,0,24.781657986710005
18.228382884878883,83.86622011854251,13.79737300989032,998.7351684337883,1,21.968171827744843
34.75119733417751,44.56518370806435,16.600270298498625,992.321816235227,1,36.091777683365535
23.529426184978615,50.04076306364316,14.463919666198231,1001.4709805635262,0,24.22740646090187
16.745028032074885,49.749317787068996,8.426553389559821,997.5956728287571,0,17.42171408338214
21.786141583470066,43.96944819790917,27.98823368713445,1016.8622606410459,0,23.181856235113546
29.129314542756244,53.05627009775475,10.778388704635155,1009.3929549955043,1,30.646392046648604
19.36275447196025,75.41604439975943,5.981715810344561,1010.8031295497616,1,25.950673630648122
16.777796044335687,38.92329009271309,11.394077781577987,1024.5293417697478,0,16.19311760931767
27.436872114919122,68.55628790305806,0.0,1006.0866513883723,1,26.94473055047451
27.449665711087228,25.96195539963329,9.789700280134547,1020.7508941174564,0,23.738986148375087
19.9305682462887,48.77324007115588,7.254971217181387,1028.113227992032,0,19.774876085825646
20.28961694381677,53.41021399564028,19.939429047418596,1008.4433750198634,1,25.878277642451227
27.320499373576364,93.49719345828129,9.61268608352102,1020.3702285555631,1,30.273954380880333
10.519156585026758,54.50395390494624,22.102431484630788,1010.5818208747102,0,8.888153353400774
10.925362256234447,15.97513053098163,26.187871944554573,1022.2409812884079,0,11.015486349798302
17.81555778747564,20.022221862775005,21.249402690300794,997.2851081242372,0,13.926242660720657
22.865528482881526,60.68059172693362,13.276893689119387,996.5448775487465,1,19.958170449986607
28.109075655980046,72.27541711579818,16.128915973644744,1009.0873228509246,1,28.557399113821198
39.753562169495524,67.50911715254506,2.800120478847523,1004.1107519094023,1,38.27019836103417
33.576596232020194,63.351402116019806,13.929765019830082,1007.8329089057012,1,30.44279686388494
23.40061470036573,83.24519195011334,8.116492255465335,1010.8047341755286,1,24.870136994579404
24.809837920973113,49.208175585257365,20.554611049194392,1020.2001353183625,0,24.563087661013142
14.974706353621912,77.8982111205365,35.582019113955795,1008.9233942143406,0,10.272055238548795
24.8148686400761,27.35970229947165,18.998573087790476,1004.7613868937691,0,18.589427741572734
22.113413610798617,41.901043341238676,0.0,1009.484866232411,1,20.403379115075854
28.227185603380896,23.859172101363676,12.110158456685017,1005.3085472019338,0,23.462390173056313
16.72769056447677,54.503093986604156,15.979927402995637,1003.6599449793729,0,11.120956345064808
30.193465142411725,59.07477565467315,15.69885940208211,996.8698318642303,1,33.58037274661798
40.32738913002578,62.2820298445304,9.153494995129975,1013.6947811622108,0,40.0342564604299
23.912398515431423,61.237667057742705,16.962333941095483,1007.3129429340295,1,23.116059380754916
29.017117220989412,41.448933383765436,5.059993304644902,1022.6627873923467,0,28.451899772537164
31.901439917111126,56.19518311173569,7.440730218519464,998.5260390794106,1,28.48794346473222
20.987795281141636,30.051066627885028,20.16638113282969,1007.5791644495212,0,22.22072377618414
27.24092481810417,87.264579502645,6.874694152961393,1031.1290722065876,0,26.848823837906547
25.12592400781795,53.92747854203998,19.305692843938058,1003.6039048290215,1,22.853698039879713
25.97676098548832,50.222277619126174,4.0442898027515355,1010.6346674790387,0,24.15387493191332
17.269902161445337,91.77880656888166,29.118607070333887,1000.8415601717463,1,13.58752602180845
25.245101742589426,35.15506932901542,8.805840620767562,999.5157248721902,0,24.02637312388392
29.979982912454496,37.48825771936062,13.210667425572447,1028.4731098308769,0,29.261099270106953
39.51143607795042,38.0755935026287,17.644906088723246,1014.7103949263715,1,38.21458609056053
34.59270826085207,58.64257236601036,10.477200379991245,1014.3367883823762,0,34.75817193287683
46.531824575115564,68.63263259275195,16.147247688570435,996.0368376488378,1,46.296289460830295
17.326524371119504,74.79350936235667,19.602853796161007,1016.5874138810831,0,18.018829987113325
33.723206367206785,100.0,22.684905860027882,1024.5742194599381,1,36.55249747797157
26.833420057383517,15.011350915984721,21.331979487783656,1024.4947706082853,0,28.612490489022758
46.89802933217672,72.17471178248834,13.625516289578607,1019.6833322960616,1,49.761798853707724
16.917017146448487,48.85738854855538,13.826945807651182,1001.705144224046,0,14.3738144569698
16.60278157819224,48.27169702222453,33.79286846420026,1016.1312341719299,0,15.076936895926268
19.00607354555978,47.60455743492245,22.599112545994338,1019.6758496047661,0,20.966863597397683
3.7610427569019294,41.824606583840534,7.625410749438291,995.055564149111,0,5.775475771198188
19.74244978319239,93.69049669206903,15.799905310124414,1001.7872040851821,1,17.706587930581748
17.40867338446302,76.84594654027805,12.31885488977446,1021.8815732174344,0,19.243425161808247
26.503937864762076,60.4639195711475,13.917326128615123,1021.7604577667192,0,23.67334151482425
28.417559757771595,87.02031504974,5.164038738335297,997.5141696637861,1,29.860726930196975
43.761708392158866,29.74942069402249,11.704614124912375,1020.9502145926917,0,43.68281978956194
34.5042383818605,33.385897373381475,29.492446185551305,1013.9530339915361,0,30.350931570141494
19.23096344337597,16.440645356106245,19.632610407004023,1020.8100895460715,0,17.928741978097747
16.01585328651642,46.01170919753425,0.0,1006.6547867656606,0,22.562656715602902
29.919191715065057,63.23397053409506,24.733787939983575,1019.451834964809,0,30.527532803480042
11.797667929793578,62.05717155864668,23.71703618327329,1021.4382877448562,0,18.699017859948356
43.31458765854354,62.98683822119761,12.125717565548667,1009.4866506454429,1,38.98280806891843
36.79440120721287,31.778863378678363,20.73810835026572,1013.1775254617329,0,39.0466265852044
20.308243478952953,76.06309485228044,8.124806313462393,1006.5147837049535,1,12.705234903531606
7.868654709091224,64.79255036477996,11.23795426986914,1029.5163894868588,0,7.867948254346874
38.538723741654124,74.66108562931997,26.98837088535883,1011.7972806067423,1,40.432375874608084
23.85460154747382,22.14475644819896,12.826159681042332,1003.7797567482282,0,26.36827183246265
37.378163119734616,66.2298171759558,0.042146704360071396,1005.8417408612524,1,34.98035394599338
9.055723412056329,36.24469520164946,14.493574217749305,1014.2677060114212,0,12.172994677986537
19.006249770462272,52.05353494897276,14.371292856685146,1020.5333117177821,0,17.40510549032819
25.052436997181832,70.68729797272766,24.58694855498768,999.6417315484948,1,24.56014524384464
25.469805937647422,61.82187212511826,15.11469137740608,1031.4766000294244,0,24.16983927957752
20.499345285207564,42.96920040441363,11.627341508477658,1016.0867529405562,0,17.09017723301057
31.22849932347499,60.12546312368836,23.360449161849647,1017.6645597296941,0,35.93765808573757
14.323795706174057,29.36929369512714,15.966321860008883,1012.0281045617656,0,14.467849157648287
23.576205149787064,83.00534791796592,8.999818547474263,1013.1925896735113,0,26.83816028576295
26.20295631711899,55.89431961007497,24.23998048433294,1011.517168620726,1,29.33709004241279
30.14438834058749,82.37099888510652,16.549294116134394,1023.1779596903596,1,27.24056769776854
32.1161487808889,49.46936625807914,15.023407733435501,1012.9207141254662,1,35.7645305239037
13.753579081621307,49.52848023186834,16.423267131293237,1020.670502184927,0,15.263821812269274
9.658858292643778,44.71626426724307,6.434653028667224,1008.6615247664743,0,6.536152699225111
37.77676821898509,77.52347863386152,10.778769790573302,1014.9564052831231,0,39.123320713009605
28.323140119795916,45.81137685343048,15.028660814662267,1004.9607965576058,0,25.254236465191713
17.515134634434464,72.89190864830353,13.442690439802561,1025.1652823254954,0,22.334509738370386
40.51151975522523,52.350952046614196,25.179427062532763,1004.6625275928088,1,42.952879989991516
26.156746342928585,20.48073400216761,16.739246821816028,1009.7502055573867,0,25.94330065635548
36.792971840638266,48.59371864427068,21.83923138109122,1009.8503958754526,0,40.58738269528982
25.67518481410109,36.417835712743035,15.075162836606795,1009.4604861232623,0,20.92922187999048
45.60747924881987,60.67805447364675,23.450307869968984,1020.2249576944293,0,43.35945534845975
42.55340842443204,36.191845286510194,18.180222052585233,1009.8334223526335,0,41.79614925921093
22.510358515209266,78.51950201429233,15.10736388310768,1026.9392453054106,0,29.21741255948582
34.71570950954356,58.178482792939455,14.893735288327845,1004.8152491386983,0,31.50426080692334
31.453759495851475,56.44808010482522,7.364490989672293,1014.6937746994271,1,26.331841670629455
38.68631557532349,73.11784275575165,19.055325761090486,1005.242140106874,1,34.35315903182868
15.350765394198955,79.27813868151725,14.678362123708968,1017.2097278253146,1,18.069413001815757
31.86051459998439,59.598024964606964,10.984064318550363,1012.8405027302323,0,30.07793778836782
35.58424486849588,44.57599400901419,23.85169416649657,1011.4493795530152,0,35.10698487539004
7.412605135768857,24.52060767775741,4.9982717928415905,1024.8847496650353,0,9.70110306079231
13.16741487334225,46.2790048592964,11.620032836540528,1006.456581289449,0,12.693160989468515
4.607678222398995,47.65575506704077,23.22174999023627,1018.86515157618,0,5.220118035923162
22.305931655554424,62.14114905984594,17.524183527362027,1005.3104008732521,0,23.91157709838351
32.17542255795962,53.09706237723945,14.617128578777942,1014.1268520016038,0,30.883393382078975
40.02357052096028,73.75865944102856,17.008028345201172,1001.0442467177655,1,39.524619341171224
25.740947804197752,47.740334574586214,16.43531336839073,1006.3748285369326,0,26.466814011160785
41.286155455712915,58.85917666294117,2.8666996297126293,1012.1785695442713,0,43.890693274872575
11.198985417851086,83.67974886393779,12.205904917216309,1031.1464916732307,0,8.821877625309138
7.966175606448452,66.83650427909933,27.93217323610999,1014.0080387045978,0,-1.0955521590408868
24.444523011033812,58.79924916622871,9.72540692178266,1029.546683158667,0,26.48327245919075
28.840654489393074,47.96111116129646,12.453591887165327,1015.2032329169092,0,31.62380224564333
24.67305251905907,47.335372065700454,10.6670338935265,1009.1291575552506,1,25.273155005449585
4.325578999601234,42.98773494096105,14.303878213454901,1028.393565226007,0,5.130458656470841
24.108799604872114,49.17986268434201,10.335017349405614,1017.3701762207342,0,22.415869922451602
11.955304994951469,75.11331677488629,18.89393201726448,1006.5727840611729,0,13.455855259556241
31.696725488300384,55.56223457415463,16.578507298322133,1017.705714594003,0,34.25622594735295
28.665982460968483,33.00453861237538,21.188380920856144,1010.0740525009239,0,28.835471485223938
15.601202136726448,95.36338586119567,6.592470670488316,993.1096580382871,1,23.074947126748246
19.861330826633065,66.39930382290326,12.277276136936774,1022.3597315926562,0,15.170107563618927
14.407864781110485,31.861131989736613,13.19421894710292,1023.9493405564193,0,14.896749793679525
24.37320902726828,51.163021455183525,18.64517528070876,1031.3794202999227,0,20.850150140316337
34.551423205012384,62.21772765656836,8.654230422343725,1017.2214369219527,1,37.190960976883055
15.142739536644562,94.09184186594754,22.325230434066754,1010.5127657591747,1,10.398313252518019
30.040465155178445,37.837750834822614,24.49132472414087,1021.3498942737858,0,26.038700527025348
19.69742381627559,79.52081438711893,7.089021218915329,1021.4982036531891,1,17.797862994627977
17.071271677376558,87.98972853944686,11.073016840851475,1029.3828118313643,1,17.868768186942756
23.92969640045442,47.426913898508595,10.744547933663261,1012.5537237693355,0,22.14328223446957
14.64757677580626,54.44972762279533,36.05908963741999,1011.344210274324,0,12.89125298800898
19.463506946528177,39.2738150525246,11.560799158336906,1005.8445558024147,0,18.920835581749923
13.021221074111516,55.9307771783939,28.421003537249078,1018.374620867252,0,12.294500596926998
44.64725132916389,59.26820051314138,4.866944039147123,997.5173833176916,1,49.109599494119465
25.352635519717285,73.19299996164742,7.0827922706850925,1020.7608737286256,0,27.41036887872419
18.002744920074143,81.80366942040894,9.507163745214394,1018.8783512186579,1,17.02901470072021
27.13979910734222,45.03807870756706,8.23448550842782,1018.8507020245837,0,33.43083484098306
23.876719503091703,20.65349871548011,12.856810126732011,1014.3822523650184,0,25.35170302765973
22.79030400466777,59.575104414475156,9.329774378228015,1028.3297824753108,0,19.883417838727127
31.141667000434254,65.87075059937281,8.445267258123412,1021.7199346542686,0,31.911208220409787
32.57507710047305,64.98835375370084,24.26777597178662,1006.929228086243,1,34.181614735069
19.694988523894725,53.46653504981912,24.79034898010532,1007.1082095030235,0,17.63211436671068
19.2418175935532,62.49504199327869,22.594371987002525,1004.2032618658536,0,16.08429086113508
22.24948302848356,90.30889616704495,19.191991644674623,1018.5128333277559,1,22.508860298610887
1.9807883526441508,67.63468337925019,15.741944526236418,1002.9986107876005,0,0.9001230387260439
9.848089378014478,52.53263149993831,11.02375447467273,1023.8339214358335,0,14.285473043380804
38.66874267444525,49.99604365808008,7.374739961959264,1026.2297330834554,0,40.892210146699995
41.449677135012834,56.60295284644539,17.9039656274615,1004.2098373104955,1,39.52735131275309
22.509639604436217,92.73479923661279,5.610956859625617,1011.1445146540715,1,23.78745393728198
30.765569630557664,56.333985809476054,7.048632566596853,1013.1662098136242,1,34.56695405873188
28.11250154543536,59.60411310958584,24.223306049638477,1021.8398316046967,0,23.931088207736412
55.78880808455238,50.35372858127394,30.205192333776694,1029.0934337560989,0,52.72047336158912
36.195749114345766,81.9796671488393,18.146361105331845,996.1450760713142,1,36.162243262507175
23.720824085192334,99.1967450948935,23.851657218357154,1009.8181928247332,1,23.827629988907436
15.444595593995743,69.01226098862776,13.033213460448133,1010.3398330443965,0,15.288003077607161
8.935536797424277,61.655458075708516,4.2986065112985266,998.9933014511345,0,8.003205261061243
27.03463635867223,60.7356566634847,19.89737294894867,1008.1488998069594,1,26.05645539131617
17.436492547156966,12.313864224285084,19.554314586160512,1017.2776894435061,0,18.589266957621852
10.777462904023258,74.90301728569635,15.573348431041953,1010.2132109716044,0,14.179290564940777
18.534271157574736,62.68332831991687,13.060996335159109,997.5537883139259,1,17.091412968509456
14.18451996385605,68.5668410132145,22.697684628648783,1041.7408269800992,0,21.499717999368013
41.871416350725646,45.770756118325906,7.114135732580205,1015.6617786520418,0,47.7534906579466
33.816397569494505,52.310862420458164,8.809755368874738,1014.1169413010667,0,37.80416445823475
24.920273586833826,51.77950126993654,6.935147945916576,1002.0207363693295,1,26.78772359051851
39.79944138890026,80.43245968146078,15.679783701086617,1015.6070616197128,1,45.82340570831073
25.773683076476182,52.42480326793813,6.296855903125934,1011.357862159585,0,24.903336981477956
16.387157986717362,100.0,9.526062555878053,994.114765872846,1,13.889344750746659
40.23124077269657,68.61724838030075,9.353955502182416,1002.2974455998558,1,38.65332459448462
30.389100436846586,34.48634680008537,12.915133341328335,1020.9492601767395,0,27.380272027576343
14.627538456735437,57.429074134960864,3.101004428768185,1032.4401765000043,0,14.992942423675546
23.096613219163917,46.96649755687169,15.697639936298136,1016.6716540504304,0,23.996104611547146
16.24381746615243,16.112350603599516,24.978429205317422,1024.0308327829337,0,16.846336982195748
11.172002690356639,91.9894188022758,16.083930978534095,1011.4424469141679,0,11.13470863381124
34.26177547531641,74.06285084440007,27.330569158410565,1012.134538393194,0,34.66123905983126
44.094166404701305,70.66414635798625,25.6719854870154,1023.9097902761946,1,49.30313783125097
11.014324261808587,63.308073205994084,21.221880377982835,1029.6277728917946,0,12.874479864725838
30.629692366905708,32.35964862615125,15.597486741095086,1026.0109669346562,0,33.39721875672017
18.49357430878173,50.32765720889127,15.180003105963516,1002.3363692461518,0,19.065944118842097
20.12874616235304,76.83561549568026,21.11039817890608,1012.3304110968476,1,15.281980066948806
19.07606075761131,38.97559940434995,11.86663512396774,1015.7752468447629,0,13.634413346202775
16.36009230320184,9.36461367498373,0.0,1010.4032203649247,0,22.608522273827383
25.48521627944827,55.45787984438148,18.93603243282368,1016.878575434156,0,23.889749453754607
16.69049883588962,57.16484891944923,5.95145096052023,1021.2057681166895,0,14.840244803433823
27.70456825779839,62.71126832829418,7.302870174476922,1023.0280975195514,1,28.441557981930135
24.49761890550863,74.57037287029073,15.001791583966304,1029.8587015222151,0,26.148827840498413
22.610519531335903,72.75211624462418,14.239000979572241,1009.7055889527517,1,24.64110594333914
15.92436337958402,65.17539610487843,3.7033951494749573,999.3596683516068,1,21.247618978224033
19.232286694316674,83.91062776173419,16.323932513065124,1016.5823459401445,0,23.7344958422905
32.55391225825756,29.620604383733706,22.72911728688839,1031.838110311848,0,30.1211125843411
30.00917187624381,70.09163628954781,5.973267437873737,1008.2302414004594,1,32.91537559650918
15.224447552014489,72.53076726673885,25.179866646790074,1019.8684697706371,0,14.072174797382093
25.993323054292258,35.208754278395205,2.518633398960448,1019.9574579247264,0,25.58079682099993
32.51387123371789,29.942587826352213,31.938593154967627,1014.9144204734461,0,29.231903615863807
8.305947188786284,45.08115747048797,11.709916556132134,1013.0692472104372,0,3.226728627292056
30.43360192379935,46.76917114969416,16.16493597461513,1003.7657079427861,0,30.338916785902484
18.373762410541534,75.06838927004861,0.0,990.1833792757942,1,15.505816662207797
30.70598668593159,47.7092243261781,14.502911468245532,1001.8814929333597,0,33.4894277216477
17.36740843457483,42.873029634375925,16.827857421745534,1009.0969585088831,1,16.524173704014466
6.951178993354809,47.76732526610882,14.310703167204043,1023.974226874227,0,7.876949650204429
8.724575621168373,82.37264668308424,10.49535138358101,1011.9687193764862,1,12.827152882914667
25.48084946661382,60.260867487539045,7.427483851777481,1007.8097428108185,1,21.024963921267496
27.597225017214818,56.41497949286176,24.044212956298487,1004.0901455804657,1,25.423372851565755
15.956833748955914,57.79989002597897,15.246457079983601,1019.5680582850948,0,16.499484622653462
31.38592458777374,85.84120668653046,27.32601901213418,1026.583571664306,1,32.32349903524352
8.3847993773104,45.016565467935166,10.788141161640617,1023.6343572186746,0,11.695291881127378
24.339202013526833,86.31016581880208,11.521642453022265,1019.0614969975846,0,26.94066140064863
12.889838002375434,64.20992597843008,21.524753956769302,998.2438725361706,1,13.180638879567653
18.48163892197841,56.79161236049305,2.0162003039714875,1009.4832575715623,0,19.391852933770174
25.47398671316414,100.0,5.292293118776616,1032.4730422888967,0,26.467214386135613
16.395866347160478,38.88721020402807,23.77987977082531,1024.2195049191523,0,11.986729253139211
21.154444557701748,52.92628480865988,5.624528566214442,997.6249678176528,0,20.68531812563686
35.0629280921444,35.351375216719994,0.4475918775796188,1012.4440947680073,1,35.80834774613568
19.231081304768512,79.04923941072339,29.948217504584726,1016.6309843266104,0,20.60673388112383
33.35692112065142,93.78377867303358,3.849458817006356,1005.3784153697378,1,30.583830800458944
13.702931453423819,93.39845562809278,16.472955186625356,989.9079597859115,1,9.896537715837145
30.29804177915283,84.47897506292009,15.552681541794168,1013.9882404501643,1,29.59444400159859
39.415686206579004,56.047590644080685,0.0,1005.1224174237956,1,45.317784539853484
0.2835549987271051,52.69518045020307,12.86146381465753,1005.1615826091531,0,-2.174187539458901
17.031047445295233,26.576604550118702,18.587305995832878,1009.4531964006924,0,20.552832187359662
30.7707212718054,100.0,17.834475052150886,1011.6632408534518,1,35.52494020094076
22.969546139570074,69.37956156296936,22.228165470428014,1012.9091720590432,1,23.105945718269655
28.711458733713087,50.160861902610336,11.900069480756528,1004.16010101078,0,26.671914929752734
18.960148132841795,86.56113777973935,20.700035536737285,1010.7979047036592,0,20.49860682381647
25.865897874729,40.54470966479998,9.485367455359425,995.4257662959725,1,26.45086875102749
23.443227646079205,68.13244068445348,3.7162606686977995,1016.1103906536808,1,20.86591570550828
36.67782061659807,56.547417314183306,4.6181729945501395,984.4372458665885,1,34.70141213748274
27.54420843301213,72.77354279760601,3.3031163584366823,1010.1050991956638,1,28.904947989448125
28.37602662075202,58.72852921627757,23.07668774312955,1022.1918615367696,0,31.176347845257666
20.881230338775325,30.981442177775516,2.8834119275315473,1002.4065931272518,0,19.912859734829162
20.123937759275066,61.51152745340076,17.192310725194424,1020.164302036574,0,19.916537064610907
20.67441812180379,80.97728283750725,12.872606447420536,1024.557327121209,0,22.68033383333703
28.94452142378297,59.41567188292029,14.178811412394948,979.9210004750262,1,28.427060771261164
20.79015519179737,75.50230243178171,25.9088583615976,1011.4863709642426,1,19.892174271909717
27.89774856896413,39.08941028651894,11.492581062277813,984.2422657237172,1,25.631726109782452
45.75400798645439,59.474784134602956,19.892812492397468,1011.8179155442905,0,43.4359541163323
33.711247034316926,47.50979089822845,15.300506811048894,1012.9282878901868,1,41.7178953089867
21.73976467832159,74.93961680209419,13.783848754938417,988.1745601408916,1,21.151159698084342
37.012139221639444,60.62983124523991,33.39975299509179,1032.2483836207987,1,41.10731418617612
20.919246269784487,73.80147352673225,3.4692660342770427,1015.8601580763462,0,25.9712262823417
4.618754648221461,81.75420852315732,25.31305468349956,1004.5097656791796,1,4.068007779741984
14.919136890825959,73.83237150242776,20.251252523919778,1027.653794274985,0,16.024426316130267
6.292080789741444,65.46236868587289,11.163800042945727,995.0438677935769,0,6.59951623584054
21.484865159586914,40.035754829771896,28.034548139532895,1000.7082896648168,0,16.648318107610883
25.184183791895517,59.94427778666198,0.21511910089170705,990.005444763301,1,20.528264755151028
41.76437312275283,49.338191959683336,10.825866741607427,1031.0104519653933,0,41.91091852346565
28.269273737641626,53.11872086591547,5.332142365847391,1016.32346371472,0,26.994533121815838
22.808994711911357,52.50931698499498,18.29666771897168,1019.5940178984849,0,28.483735727092128
33.294055811834895,40.401488504355115,6.095487190502579,1016.0100123391848,0,32.58433699575104
2.8886469099211496,20.8532282173202,18.46451157393055,1018.7376776114459,0,8.741433901125523
27.35614558108566,46.63713903344466,13.508508673427567,1013.7807771389599,1,25.926971392679025
32.708651938869664,63.86758903848318,11.165168458751324,1015.7092134270744,1,38.44525320069646
10.214137542201584,33.0364590914502,18.109177968266483,1014.0760343622295,0,11.733411033043623
36.43754043206929,60.31364472943249,12.851027008495487,1006.9140819443072,0,38.127416119382886
28.38496407494414,98.0053684862193,6.2909212555276905,1012.5337523478534,1,26.849672204743193
20.847120860991986,80.46113110504479,37.41098391707983,1015.7359457326168,0,22.577872402203052
31.32781866106285,92.87083018241059,11.102662535766843,1014.1054911955213,1,36.405958960306606
47.70692857804396,67.82255753865452,0.0,998.2222789224668,1,47.27244609586354
26.818662550584953,83.35019645972892,8.263210482228892,999.5501333139159,1,25.8004721044851
27.48220586300336,45.52070539064425,4.861786493018158,1023.8284143391639,0,26.741918246423097
20.40639100459756,47.113194659560314,21.609164928324127,1009.930059541166,0,25.26672581961687
16.501556305352082,5.217195877250546,17.57322127673269,1018.8472534703594,0,19.067609926355342
33.303358165442454,83.72290948084597,18.189702414322753,1002.078800902776,1,37.64639813685581
16.439161740911327,90.80647959639772,12.039820273302045,998.2685412335347,1,17.380029872364137
25.715662372193925,48.936455093054605,12.765198023544627,1004.5640338746829,0,25.833620442527423
20.223425532348834,54.9209658720553,12.032551171138653,1010.7743492922858,0,21.49525764956073
29.789798257463918,44.92275772618077,14.350454526916241,1006.3485970071558,0,33.00027386070154
28.336621052869482,67.65307102954984,21.68266748291868,1025.9393352310572,0,27.59526632510589
35.375399442578995,82.49865090606482,17.68860330004277,1014.7952330153746,1,39.48143042264935
19.89983601145253,25.14456052237918,19.000902636966934,1031.4893861856185,0,20.99732768265016
22.301250647066286,68.18877061284505,18.996471265993623,1017.0440815407142,1,15.082416232975751
15.212362842176926,54.46656456561709,22.075539499053903,988.8744918208018,1,17.86284312349251
20.557067399238882,62.26788783933379,17.305200332322038,1023.5604160645855,0,16.740152359452935
28.773004930448522,69.17988003348582,17.87078458143135,997.9044837753005,1,31.350523212470485
32.56988616645352,56.23595122454358,24.510449929545253,1015.3053366721134,0,35.27444016116802
15.778346758223746,57.92826293188439,9.679632655975103,1005.2531594233616,0,16.76802455036737
33.6960592010566,55.722496648907224,8.154059360387944,1034.427110344642,0,35.32710189768668
38.55637858804951,79.40632403576564,5.512627206505153,1027.3959792743015,1,41.852990951581475
29.134349032237008,68.37519920254994,16.46331650896205,1005.5817935829824,1,27.647466010804827
43.76795812558066,64.41167075474722,0.17014207024701378,1011.7264233187889,1,46.148247104688096
17.26210800896427,34.58096557815435,18.69723276847742,1015.4459806964921,0,20.751177917835378
12.55345296688583,52.42840513573692,14.12645524399558,1021.6341407156161,0,17.833700759501266
7.212797510957213,77.97338320678348,24.077117598568456,1013.2915191232502,0,3.895456652778103
39.96044311489183,60.753931462478455,9.624661516280074,1002.7510510061913,0,41.18599130985513
31.543656563540576,73.19062939178276,13.373453716659945,1005.8244136079994,1,28.659188966356183
24.44415329089545,95.33023600655267,23.97762666634695,1012.955182036232,1,21.432387237790955
27.799686263198204,80.77212138417633,26.065085174225217,1025.3445697876468,0,28.876769580416145
13.745109527016234,61.86316675399485,9.55878107398544,1017.2783786053604,0,13.97747697140465
49.45751979616826,49.78021659608546,16.45424986069728,1005.2658507338498,0,52.89252423173422
26.292211819752275,8.929008078882035,17.355351821472386,1019.4837277770979,0,25.253682470969647
26.093947946048928,56.63230155054295,17.989227244969186,1009.1301516112184,0,25.691793637457895
32.25766623898692,53.47975008366302,12.899394725475023,1021.9040800518684,0,32.89217902600148
29.810092317367133,67.80732388790751,25.25106718498908,1038.270104183286,0,27.224605763057763
27.238840242791312,56.92189546050625,0.0,1009.4117362905645,1,25.06963070774352
17.095255445546883,53.592298811264115,11.630958121591327,1021.0160515972638,0,20.443551442864543
29.714683571359956,24.41202138985559,18.583445862183574,1005.5460666796228,1,28.06781844751663
43.82024496475034,41.20064341699867,18.657798495594747,1011.877362328087,0,47.3676746640994
38.454200461549775,69.53302081601115,25.822072244918104,1013.295622868721,0,40.27613820355466
40.93186626639397,94.31815262265388,24.585803145610296,1011.0631633995562,1,36.28927318992716
19.88784323568815,58.049492325087535,12.71566699754221,1037.6301368877503,0,21.478979311201513
15.103951797414192,66.55622147148247,25.398969948244837,1009.9340692532162,0,16.671391266696574
23.74213079900352,79.0495631390561,9.287666049780361,1018.8685153878487,0,25.010916624537376
25.557249122886947,43.78212127599501,22.4470990623347,993.6991313067657,1,25.131618943737916
35.94191518470949,67.33628086570884,29.484179827367946,1017.3199656336961,0,33.12171281853393
8.075353702851807,45.19019787335683,24.719552854839755,1024.4205459235225,0,12.113992001189668
40.29550319460614,77.29648876982023,15.846163068192986,1007.7240265742095,1,39.990764428437636
23.419921014210107,63.028060959034654,12.345769825823023,987.8977785895959,1,20.769702533204004
20.7311893005258,65.9690362796288,2.77126962992571,1012.6134823117268,1,22.103595358789825
14.878956247398325,44.34802805162822,17.484317103313632,1013.1718385038553,0,12.650616335198553
8.451433281342307,74.1406471922157,6.078262176232647,1020.2407505074431,0,5.604175196486944
33.231705839619146,100.0,8.654922691088505,1033.1090303541343,1,32.10528800301183
25.733179671884038,39.84176609143588,5.474033594106627,1009.199463493997,1,23.736986378929814
12.100391002589461,53.20481984704952,11.316861338746758,1004.4371187633972,0,9.363664246635738
12.04921227936384,64.63214948336184,14.776244684104142,1001.3308219862855,1,14.468447566149116
21.642153007098717,75.72812423991633,17.18891664932564,1014.980786170316,0,21.30066956371152
41.69021525289393,48.80907429421062,10.195946916688293,1017.793542588185,0,45.447055089441605
22.40408648636395,3.3393941971451966,23.554269651161466,1007.5434460563741,0,19.840558053174146
9.968570468818939,87.1837898832805,13.334357936080272,1020.7868274572579,1,4.7858873559099315
22.542569359140558,75.21012239168286,8.698220533875848,1017.6538407681918,1,22.988880406888807
22.272764302523296,25.1410493902667,16.81033813794749,1013.4323168964489,0,27.840701067942543
-1.9688664294157157,47.84862416440888,30.70842266835053,1003.9758527925587,0,-0.3759059413297092
24.457051334821877,91.36364859054652,17.68128453228094,1008.1813568451528,1,34.103173923460375
22.69065469791322,88.95592836915732,12.097154981011144,988.7024470231745,1,23.686832060760487
31.962063648134183,78.7728004535789,2.7803091510503677,1015.3578706419803,1,32.66872028199845
43.48956094945345,56.477751320802746,13.244701432223437,1013.2634128874744,1,37.023472936279695
36.26565029547757,61.6597483762502,16.879425000704924,1014.8847899108948,1,37.54949261724315
22.311113094451695,57.38148389747747,11.89935286995544,1018.0431901556456,0,22.81711637450957
13.934740912583298,82.56479566537675,1.6769228940720033,1016.8582148643222,1,12.712477317969686
50.733598032498605,42.4831518700978,8.195476883972528,1011.8961681935397,0,50.32326143132139
25.592184340144883,43.8840069023159,26.63630768710206,1013.4866804316275,0,25.387882617118347
25.139292919129463,80.20549173672032,26.472008029843686,998.9568358330383,1,24.599505460333273
24.758749128899968,59.11277088976877,7.9068866463632155,1007.1627935431057,1,31.027894018277852
26.980847607678548,87.56934710907616,20.382054297595374,1013.5047105368346,1,25.86826152426352
23.556395880760576,46.56975586038909,5.5714177218386105,1005.6414642408764,1,24.06433705232215
19.263379931197637,58.9044327932235,26.23453025595962,1021.6015079587255,0,18.051676681039016
19.531410587596078,41.55174030312094,16.96188678315389,1006.4136791904497,0,21.88170414752772
24.672467297840015,60.14725362847134,22.59713198893227,1015.1630541124831,1,25.202758397756636
19.565752288662352,30.42906126002402,1.2792532225396887,1014.1656565681534,0,18.726020569150908
17.871542173228356,50.24733158090074,20.421096815399103,1020.4627759361041,0,12.093638335506807
26.06430227691897,31.274922701437646,14.938607490523973,1022.007911740283,0,26.79422695278522
22.450227825791448,73.87846466382516,21.81543256632674,1019.9403261096794,0,21.521499005052195
40.039929885826886,74.33178679519304,22.318942384782797,991.9399379861686,1,39.857707915165584
-1.5096980839301182,25.394745390313098,15.526277515797995,1024.9414814801312,0,-5.0570719256661185
35.91506851922462,86.67771491001146,10.193362887232682,1028.273082241946,0,40.214915037385204
37.46085192497629,100.0,21.237569457435953,1008.1787571567853,1,40.031081452507905
4.266097675918505,60.92012773472682,14.518764004758978,1015.3664691267285,0,8.5582156688404
21.573124059196513,47.1777147955071,8.01772037177886,1004.0916831986922,0,25.014061961539376
21.285591340042085,100.0,7.638782148338514,993.5162149326785,1,23.062543246424468
10.924883052821787,33.62063003394979,3.182684669500947,1005.6128473445762,0,7.498035526642459
17.221833124091248,60.402129337381965,10.917670723495494,1007.5986096053639,1,22.751994616306824
13.894241545341712,63.59244545263847,23.821536368595027,1009.4514926864819,0,11.111336092679181
42.52270443423623,86.9029524090483,16.422638397643475,1003.4108590999401,1,41.71748156201134
34.35678393147461,67.19477950253577,10.761858352615675,1005.6657483318276,1,36.47749077335537
37.71555094994159,50.027322084230974,21.438847505440638,1012.8899367837159,1,39.9851733115038
32.21672064043235,40.97631259224087,8.34018702621289,1005.2977301688986,0,33.93343082126602
13.709482287827708,53.16356359507729,15.762802194662228,1018.4352433255003,0,12.50861684384044
19.754797337202262,39.861452781097114,13.562957018195878,1019.8166065139744,0,17.93400245513584
29.89374561227918,60.95650639569366,21.233045004706817,1036.8038774616448,0,37.49734331809759
12.778721911080545,48.71607640279027,2.382173032643994,1024.2567993212347,0,12.660780095581044
32.12998430172388,30.119244134204987,8.198418033482753,1015.4310305832842,0,31.64467014780737
22.59674601841865,85.10291576749808,1.8940347272437315,1006.7973570333232,1,20.45607654560239
21.251791924504026,50.04654953141921,12.92322622552584,1015.9374735167399,0,21.9858029717169
32.10959968203491,34.63726390049375,24.691420029059444,1016.2659595991636,0,32.703668083769124
29.4426331148604,56.63481731024917,10.956422322771783,1007.8668691099434,1,29.393954488747514
21.3903383418092,61.36743131935317,10.914528494434794,1020.8373139675288,0,22.53551828217286
36.59329803364248,25.07066548841933,21.97379539347309,999.0190198531812,0,41.883910540969545
14.189366724001026,66.63295334251525,23.548396467642398,1010.5560016446249,0,12.40420860512833
31.159356069442637,39.05684862619471,14.291431461849681,1018.558584593174,0,31.288607296048998
30.931012579683838,94.22057618381575,20.477718832399137,1010.124158524079,1,28.98746722203217
21.904535606860097,70.4792102415347,6.384363672976429,1010.9324559657073,0,22.78863068933698
28.26133022242118,52.00200019781367,26.02379467140331,1011.6221413880772,0,26.555921718297924
12.48886423614697,45.09664459365299,32.18965035149641,1004.6439875931226,1,10.9125352618444
34.24027019206901,57.90064584872752,19.1697263295098,1024.7390093157421,0,29.861700069902135
23.15097863557011,72.25581483166579,0.0,1002.8196232807718,1,23.444362984029134
19.772769794809605,59.49011742829601,10.534157900817725,1016.1815932740989,1,21.062078660524538
35.49009225836889,55.656823857262864,19.90260257335457,1017.1364789828237,0,41.07152131794577
17.95656309457241,61.16740581635791,11.628136022669098,1003.5137809879103,0,19.365070538141946
10.915387036364404,47.92282137526091,25.177588434000782,1013.7310425438075,0,9.566334666472445
9.433708264760963,53.13588146313925,19.70525811548692,1003.903678272553,0,5.354671001702693
31.060099513456397,18.28415122189992,9.348195993873627,1026.9104247505595,0,27.39623849645996
12.19570647503717,79.47452461704735,15.258118486170023,1001.6121706302379,1,8.308821456621253
42.54794181984364,65.97595560643524,7.849334234887279,1006.4610290576803,1,48.182067926191785
4.1807059211627795,44.5308831193314,13.539320972700466,1000.7577499164441,0,5.044137411941889
41.96456368290038,97.97469962710477,10.563254076539586,999.4230127313244,1,40.2156650251147
27.110174672026183,61.740329607847734,24.398094401864306,1028.912152908823,0,24.23059585656639
24.032868881296075,39.27712856049607,31.92809645464796,1018.4277467391256,0,21.46454536011431
19.550809131910505,77.13474842940917,3.550493334113984,1014.4029342570054,0,17.72291094839137
28.99136114352071,67.96096433018525,0.0,1006.4342303665308,1,32.940126792286165
24.623652975751515,67.89159970968439,13.038620625188914,1022.0761181104676,0,24.533822634578268
36.03301882016521,51.48488790696819,2.8526744093705396,1004.7577756063255,1,31.690619568343365
26.142276486620396,69.00991447556069,15.369692829367338,1020.936392943301,0,33.07365431081151
26.503017614618777,54.76483419557811,20.991488910447416,1004.2748872339437,0,23.082534196521085
21.36387787786144,71.11882903291685,26.953135178134602,1006.5549229812433,1,19.59137194808984
24.430543762789327,21.90111091978722,16.61115646972225,1020.5828238611792,0,28.360976925690974
28.078017688920593,51.32253074041622,13.454758201203369,1021.6382734415577,0,29.32346658674779
7.898316073433744,94.4431019561639,0.0,1018.9747293389676,0,6.488547074561115
11.51814577894287,44.658650891993986,15.209481193486388,1002.503258842432,0,7.824045000661366
32.43264094022715,47.923234050136266,15.570298084395693,1008.5327313427717,0,29.532570613452073
26.70865438127942,51.0407732310005,20.111654513701964,1014.5689874119852,0,23.98916602405002
23.160166636473207,35.70387728222713,9.33209518776727,1004.507190380899,0,23.181262030021855
25.18433933065393,15.834384475434959,11.519579198113123,1026.7096276012928,0,25.757524782497843
28.47581705361671,55.38827202952774,3.175981957566526,988.9805305604946,1,28.02985316772268
19.602403196906387,62.71718848163314,0.0,1005.2126048463085,1,19.4847617551334
17.216952745976872,58.94989862922696,6.132023273625734,1007.9043349713016,1,14.06478316039391
26.958452550976816,57.10242876104226,2.4373934859758677,984.5605633522823,1,27.837860869648484
15.21627222384968,60.86081741700775,17.693698363364888,999.0377086976381,1,19.05782813436067
29.08252755714472,80.45682943101528,10.854927546665142,1019.2528951254207,1,28.594152511896013
7.974163957621595,56.19107628141566,10.694102959401686,1013.3028363655296,1,7.4273038383331755
35.29155637325644,48.51834845825461,7.124695630598303,1028.731360220429,0,35.540559529414985
29.725974824130432,54.37749030223827,0.0,1028.4522644588483,0,33.08058940340861
27.560297343138757,71.58693519513551,27.066485989980404,1017.3304637860394,1,24.876128344822835
34.82690983945514,88.24053757086499,6.997835817785694,1016.1323824900071,0,39.179451846651546
41.65474444462576,47.43712521661644,11.700639441200744,1013.659311085789,0,42.91841116293148
35.1437006501813,61.97867574057767,3.3608626776855157,986.4491798212051,1,35.2297427372779
6.591257686683548,66.7671488387192,22.77544274752507,999.0544048667392,0,10.230974196676508
12.204230332642984,40.14843986542354,16.147431496298594,1014.0067550309893,0,8.658044111013616
18.751814223043212,60.40834334425836,8.38907771787305,1019.1602570874767,0,20.31795083177734
25.260910502108338,30.6865228531581,11.86216310924781,1015.8966981213814,0,26.55183919562819
30.17659020469123,24.618993925212024,28.42543937699896,1004.0753503228434,0,27.370225011509852
17.742561868465344,67.33492815784514,14.416244544949773,1022.374062824695,0,19.124476237326807
26.867667644770783,52.32250517338434,13.546131699072752,1027.8244402875464,0,27.717583182912243
17.446170676466775,64.04560815242438,7.468948110885878,1022.3798960029134,0,16.909956317396972
18.884821970080516,59.642100459832996,0.0,1022.8959932959048,0,21.473274635771514
10.933389031517777,40.47199902672405,13.719690611365245,1007.4077420204479,0,9.218126274444783
15.767667538890958,59.09491396071327,17.60388089859694,1023.759341227008,0,16.578631276421063
11.483153943836664,35.337973899702895,23.796675714621358,1014.4575863932765,0,11.088132596470707
15.241267470226672,87.819447160028,0.0,1018.11555528522,0,13.39717700120367
35.536417966078396,32.880593102800724,5.999229383815768,1016.654318428247,0,37.04507202143471
15.50601111168057,56.084294580628374,10.354071275548398,1011.7851289455959,0,14.882803869633115
51.32382064837391,39.15456823905503,14.972153211414385,1004.399975248777,1,46.90480127224527
29.933179008808892,71.40842346721591,13.83973046777262,1012.1786333644595,1,24.529980694654938
26.84836123694874,53.37137257436994,14.026490514501843,1022.8676161748282,0,29.215533641198345
16.416422198187867,49.626665607575795,18.264768468559556,1008.585241946871,1,12.754621876507375
32.003098794089915,77.06403090103109,7.773655113767126,1021.9334726260814,1,32.84125227429173
19.243621737622263,60.58861183355104,22.473131537869556,1020.3707067061767,0,19.408477418506713
26.220098146453616,70.33288891871935,18.467619533595844,1010.0106260298016,1,25.114502815540916
50.60084538268795,40.3734812696507,12.441341886975366,1026.8880010361959,0,56.470850754333966
24.0394010027535,31.90366112144986,27.807263935111322,1009.4445332880929,0,24.578423058134838
36.49273326285676,62.14415924080267,27.451328284574135,1028.0954686261264,0,38.75963371090295
17.968235748741126,53.62307289010538,22.46316284155047,1017.3412698154098,0,18.822684394760554
24.650115095030383,72.52869344907889,0.0,1012.8413408154648,1,23.95549682567794
42.7080063563551,58.40183094674901,27.631560741743804,1004.1219861966234,1,42.65074010564727
18.730329422122324,64.1015067846926,21.358068179775472,1012.1173976986496,0,23.105957719103774
43.12448557996929,27.532349401175132,31.051269101703493,1010.9624048650558,0,46.388801457770576
32.07751935455475,97.76873879228513,24.89971673386831,1000.417036147491,1,37.933478649620554
19.375332241057322,56.71516029935936,27.626741419978284,1010.8238457728233,1,20.040258519975975
31.32407739055521,73.95173940678399,22.029238801443032,1004.9619681990291,1,28.693266193452967
34.7255444962673,43.27816659560747,25.7895455891641,1018.8599176897878,0,33.40399366318786
31.218099622171962,66.16019804434681,30.95298992587552,1026.062804757282,0,27.654765046776188
9.297752801095436,33.943104729505094,16.73243790702565,1000.7308432370476,0,11.598885187721269
17.728628241751316,69.04135676519343,2.4221556473749626,1030.1230772836693,0,15.970879293519571
22.52481364448495,52.88051831228334,12.540312799878862,1011.7144896561487,0,13.35885980552642
24.255665708999537,60.58381007871135,18.119564795067493,1003.2497861506149,0,31.646992803989328
31.20672097550678,73.95948060260196,15.599100674972462,1020.5775478020819,1,29.494917560041834
26.77701000933254,35.3491937755944,5.027504270724588,1008.5354552174496,0,25.047237232875112
11.646556412898988,46.310165387744064,1.9514589984401685,1012.1826332396851,0,16.66139149088009
28.801978510059634,69.14648562173531,9.070698650921365,1008.9572175578792,1,25.177224157667087
31.10585745283823,100.0,21.461916447873207,1004.832620681351,1,34.51567511243773
30.597904479310397,57.238353306770364,27.642718166583755,1020.239970324019,1,28.835577149038333
35.807807255546216,71.82272235847864,22.33254091022161,1010.1369859710582,1,31.83642092175564
33.33922154548904,57.8605706028304,23.45941829691309,998.6334820782075,1,38.45637482962345
29.591800792284367,98.84491189512599,14.35347541469154,1018.5106012421593,1,32.36109163347195
24.29834288541353,25.055566660694886,1.0633403383522886,1000.9441764897624,0,27.058345838958658
8.390390664840087,61.89242089338716,11.358235352938356,1001.4673982732475,0,9.49335730520641
29.296182191325858,27.489119328758783,12.92988470502097,1024.9260620497732,0,31.0934870905589
27.07687687163111,9.868568589265664,11.023580105314542,1001.0366010078978,0,23.38040279738698
27.715788371953735,65.94924106235634,15.43755892299701,989.8355514307251,1,28.05062094368772
12.232514241796906,62.789955922949176,18.531358079143605,1019.2286148496149,0,9.44622524044437
14.189434595917376,54.30326124515597,21.82412150594798,1009.9613657051887,0,10.022613038728213
35.53152853332904,57.87611819920494,12.775041085069327,1010.8234487886189,0,36.764388525453136
24.60444846143345,100.0,0.0,1009.854996066498,0,28.078897128412084
31.815006973726245,54.83649723937131,11.136978245670921,1015.3166993901873,1,30.66490050104205
25.283183761304613,70.2024872250015,15.349683175935871,1005.4728075809693,1,24.647145084300988
25.29756139495745,47.01270360772238,24.782463377067266,1027.7611487456577,0,21.883109459708333
34.382838059759976,65.90465150081207,10.457537262527158,998.237695196906,1,34.40448949802367
19.839552717826262,55.23532649888765,19.100349027195215,1017.4487491667712,0,22.119781054991506
25.961207769409835,51.7896303454054,17.32070319708346,1019.4212100387658,1,28.335790979593156
20.377247112949576,96.3779706440065,15.351204264987107,1005.4034823916662,1,22.012775639842374
20.655037725676845,83.54369926368678,22.44426655459673,1002.7626555472218,1,18.79974422409324
21.908278765313607,62.73493294798461,9.713270425979353,1023.1717421417015,0,19.95789163503215
27.22133771633713,13.915761281120666,10.398508402851869,1003.0913924598328,0,29.60755113605993
20.212513783365225,52.779815534948604,14.904793415246175,1006.9333605924943,0,22.64851058001542
37.55756125573521,100.0,9.878827959250401,1021.8730896245975,1,37.04157629943953
16.053926977804963,55.38676666720583,19.0640983284368,1013.3474123353902,1,14.775411255107906
23.13128355838641,82.06435144107317,9.294461565070938,995.0285633237089,0,26.63302483872351
20.60268941725825,88.83884803905201,16.810433661961074,1030.470591445535,0,19.52284342281851
39.46977884353733,64.3792783171195,14.198617849705947,1007.6998924122004,0,41.70757551710867
26.965547765115748,43.163567362636954,16.719407718213645,1008.9724271009359,0,26.55501824054145
35.31844539468635,11.29375336434223,11.322068839495687,1015.5578425232636,0,32.175847051575346
10.144396269630281,73.6832641721791,12.287293643785384,1019.2507679700408,0,14.98133268970139
27.670502658692588,43.704879943529036,15.7680741439764,1032.6110429129146,0,28.030694345887017
33.89630795623437,63.523009037753845,16.6165960492905,996.399318505943,1,31.764076016570115
25.822839892754242,35.00359320821272,14.966384676870751,1021.2595220892595,0,21.65042288942863
35.654803750653514,54.69524919059596,28.642898852104672,1020.4300969405008,1,31.784801355943014
19.827115498996278,60.674381098021065,7.074104650069726,1011.6283508912588,0,18.708381286712473
39.0934744018558,65.37187162088595,14.48636964037829,1020.8727369481622,0,44.86886105245658
47.9889812361925,37.703556252951714,2.410967823064123,1022.3427401763655,0,46.234995600169775
21.37161439560341,83.93821897522704,17.97665182933909,999.18037215013,1,25.71397889264202
20.54497478599228,48.06210430536058,6.078027708985488,1030.4976650588083,0,20.15268378018303
39.53384477117701,26.510610790935097,12.77351795298739,997.4123774686186,0,35.990393597871964
40.795721457307124,57.81953160073073,12.023485397349393,1001.6468371876123,1,39.37608789195593
19.771399728467316,60.687506180529205,17.24712901280937,1010.382123263759,0,15.928435957254987
20.798131829041427,63.21178866343519,10.577672659638559,1032.2494051318706,0,18.230226473149866
22.182153911394927,87.24264807370159,10.237554418448141,1009.9174337024662,1,19.524909725767174
11.55549488965723,55.271023265282814,26.486851712687184,1012.6806610994919,0,5.84408328721343
15.813480535158018,57.607607512624575,17.27653432379621,1027.3207860390457,0,20.351868741602196
14.958592332479322,37.93631237533813,10.511593183821855,1009.9968185743453,0,15.591643423146166
17.322024348958713,76.41107005775794,12.993330625510154,1001.2156328706933,1,15.263189132104408
24.653151126132187,63.68618128156207,28.16283961816596,1008.8276516476169,1,25.318424365432353
27.342147325365207,51.59944545411675,13.118680973991225,1026.7079183380579,0,24.835706144439023
40.50500492814077,21.90650613069073,9.485787014780898,1013.7086499705514,0,32.4918190320315
15.01645959261209,88.88824390110175,9.52003079898886,1032.3065825905626,0,23.886534492291737
34.843223984765835,35.446400710878855,10.606988152083382,1020.3793492626215,0,35.412023614797015
22.86011155774491,48.17443981260588,10.24401822058622,1006.5519106360651,0,21.093072439800615
24.50536290347567,67.16689022152006,4.7628172132060556,1013.5107630446507,1,18.703618468443374
31.748194921666038,36.06884142766627,6.006399224424175,1004.4678188185812,1,27.265745536238356
13.772779784377015,30.12980443493713,8.36543700510904,1006.3156696935123,0,18.73625557304173
28.824097461840505,17.5210483459867,19.732568147624782,1057.7908425102576,0,33.32991310823591
26.66452208213056,74.41993905811272,11.950101701817012,1023.186245100338,1,28.924167190127402
29.924512640081492,49.09627510547356,13.342706487247678,1021.6109798900667,0,26.57928152485205
27.891686439078182,100.0,25.160704202039177,1006.7681968469194,1,32.421608403009216
49.55300139910894,40.11289868738253,25.360057199507345,1028.6958406628107,0,50.902349252942
18.62260015748684,41.57097953142157,12.74300045489812,1023.9941560179294,0,20.587373502541443
19.690030449981823,48.69214059429197,9.953091914532727,1031.8162128935778,0,21.02854328331156
18.768594735752355,64.86269310276978,8.084557490611697,1031.3311414839845,0,14.247633181874043
19.445228808397452,50.59593322429377,20.542206157665902,998.2091071190248,0,15.85074595615679
18.626128726934823,72.24664428005025,13.362342131821698,1001.901605107301,1,17.095474227709737
36.89016531107552,40.428232200226915,11.908040877417678,1002.9621218453636,1,38.82108443367486
39.20504247989855,32.36816563072838,8.490683398899577,1003.5605935666756,0,35.06374623316911
19.29253706250524,24.03570521181785,8.842668727908892,1016.2345236426039,0,18.76649781767267
16.676444268957713,15.528516641256061,17.560465531945958,1007.3319654790419,0,16.14661573846856
29.71415556386404,49.638619610498864,4.476493872901903,1033.725985407625,0,32.09237463184677
19.477769557190285,53.98039375213556,22.958949550303508,1032.0467988208163,0,21.501784164013273
31.32931817755511,47.37125945033633,10.729242849480652,1012.9353840592096,0,28.29864039039871
27.029230208513,84.86811594374323,13.80291244598566,1032.553262161498,0,31.369288716974904
9.84255885002768,84.5606041921627,4.3041763348755655,1027.881346272402,0,6.352839363776811
40.47505201330061,53.303940251109964,14.901072494061085,1008.4929344082274,0,43.75177033900286
42.95877673095522,24.121577736160738,12.373432458475522,992.9078465597444,0,41.30834203591003
18.872113095156138,48.66589783889894,14.599355209148268,1010.8203161503927,0,19.363890955456252
21.12298440064016,48.00357212165877,26.773671186895122,1006.5537786892153,0,21.800946780953076
27.85865390724905,46.85730075443884,16.42158436632192,1015.0650562514583,0,28.451776229375437
28.34456789987025,46.0456219220351,8.642726526833568,1013.8922828687475,1,30.36806549517396
31.585442726728303,46.93074208550385,9.309440715627455,1013.6301765889923,1,32.7598212205289
45.102045387663495,52.2691676820448,19.76104948731015,1018.2368474137917,0,47.45299277727511
23.230527725059506,47.28917802368887,25.389546327947393,1000.8747805291632,0,24.624387606094913
17.017027554615463,64.16645017251184,17.2553441660084,1017.1136027756971,0,13.223661777837933
11.206807719854728,67.20737431809722,20.509701956438157,1008.60383846983,1,12.016204943528692
17.69069960058081,41.787098256350205,19.87790178669364,1014.9998219986369,0,15.999089893064811
24.668730271262028,85.42130652014066,26.35251530686017,1022.5740984523219,1,21.340942837540176
42.94557863517788,40.398753963187715,0.0,1000.7560022677897,0,42.07605895714598
19.823887009638284,27.643987723693257,20.337751514436228,1010.1870634733043,0,20.373593806743557
27.237879516388986,67.61556142730103,22.86988835122851,1011.8146576597113,0,27.98690460035234
24.83577103927248,43.65183731171321,4.290210350915412,1007.8573102842936,0,28.003845274693283
36.88393273448084,66.42582941514776,7.914654527948672,1021.9982949613295,1,40.805860091395566
50.26932425873622,11.92662797798939,8.193738010974773,1005.7961164119953,0,51.278166751008285
19.691312270796793,87.84911882966135,9.169678428980934,1007.4459960055766,1,21.242631401825022
20.10560557481778,73.44586816080805,11.146263592515792,1005.9008086704794,1,20.391532674344745
35.44160877069072,29.990469016739965,16.94082250443953,1023.920554114388,0,37.74328516163948
31.818914896263113,30.424457523074288,21.925397209338957,1008.0755588758778,0,33.279879312774305
43.46707325736034,93.44531808195055,23.650535662148293,1017.6004539088356,1,43.30360897578693
30.83928185325964,45.25240193004083,8.297415510657746,1032.7570510123007,0,37.29522955427254
21.407079092129404,43.31630302534752,8.242376010376137,1012.2518157964942,0,19.768529001803948
30.906548306923092,14.678958117014346,25.526574720129783,1024.1206068003316,0,35.2699191770481
36.087035805829075,52.984435887968914,20.173951483349157,1029.7135408409313,0,32.024157026848265
33.204821811973645,55.44560770328494,15.662918734951969,1023.2719156004041,0,35.64567142132801
30.072740311072977,74.3098619353897,18.78669340443974,1012.8319868402226,1,34.38244536625349
35.666746895891535,32.01843143631049,14.761569745188474,1019.4210775899861,0,29.945089682867774
36.692955904456724,29.59426415518781,19.19667746438092,1000.1262140686465,0,37.109807623622004
38.82158991037527,69.01925269552953,12.311466427954077,1005.1995684185005,1,40.9678320341074
31.48709887589643,80.1346014245413,17.150439475513846,1006.9532481836808,0,32.24298968828063
23.328819196831457,28.57695297764234,2.9156315970440296,1035.4061212017427,0,24.463287003652347
26.467136864333227,81.63028172599482,9.497725641396553,1004.8741548574474,1,26.87580635146322
37.06508966508357,60.75083682973643,9.583910585677252,1004.7252324873817,1,33.78234618599879
16.83064329012764,81.83610678149292,12.004879734344687,1002.5607901975102,0,23.934780066593966
28.686733088729014,58.595592769647666,7.587893961762015,1018.5981176193076,0,27.176119498781617
21.066611876726395,9.554441650240989,10.731650993415347,1014.4262139266888,0,22.36909559306311
25.287448229348175,56.96065235367922,2.884687500815035,1023.8675897702657,0,23.346929198091892
37.78451862607299,81.2028763734254,19.3896038111592,1019.7125966607736,0,30.956929056010893
26.910990680199035,42.125079618325714,14.339891848708843,999.1961015327594,1,24.137452058952128
25.464365481561487,52.240700621850955,1.3583391377918659,1004.9272222998962,0,21.12154540473607
11.401438590200808,56.47732992898043,8.321360715626614,1026.6532874827583,0,14.676141207874277
32.46253566027221,2.0097224026303593,17.692811420497335,1010.9670175542319,0,30.641931612138844
31.454841811410752,93.42695150874953,10.655824428913682,1024.8759181801802,1,29.912567793870863
46.6325472330546,41.97248640205651,9.424468318895226,1011.5031905208468,0,43.43955509524339
21.922217650469992,70.11470864945598,14.40325858393539,1003.3234357171148,1,22.2043238466153
27.191503276639388,58.26597727703582,17.74878028142573,1009.9673922233329,0,25.042127727555545
27.49383683710755,85.1523811271872,3.5091803436867153,1003.319502044503,1,30.470901030847916
40.77453279763475,68.12112244856162,19.401027849743034,1007.3444723759758,1,41.68065076690223
24.04704467613048,55.301514569580505,8.597653747140987,1015.0092570656525,0,22.331567318957134
27.79021525770339,42.1296981496144,14.85657625400161,1018.1160509036902,0,30.34091441321445
31.078965097165394,75.95701402764277,14.716638874467924,997.0980867674571,1,31.102786666235108
26.86609123156358,22.531173920907662,10.783471054081808,1012.8263199249091,0,26.93058194863343
20.535663854494718,72.91780840551785,6.810722030954285,1007.1338426444024,1,16.14775914329894
26.940899928983075,38.019104968902546,12.71450761526189,1006.5158519104119,0,26.727641530627135
35.73631749859772,85.0456732391328,28.002642472601558,1014.3268461913308,1,36.70095141655172
14.734847005889398,63.225990853253904,4.106599756290953,1007.4954812731079,1,18.735547472484434
26.32969674146876,72.88247535700218,28.538504152839003,1026.8213799484668,0,24.07401585175879
17.998791850608267,61.63977627649439,12.922230631387741,1024.8806187625105,0,24.8331177207648
36.950466289248425,24.952458097180063,15.282971336709114,1024.8182829394204,0,38.621071239735386
9.768130952162252,42.78541673209323,6.306313508922182,1008.050898045097,0,5.20989532406083
19.410781527284115,73.44778675222764,8.829844666580154,1003.3750116508068,0,16.875187185027446
28.77211875064521,63.33311634719688,10.976722799695846,1013.8202992938811,0,33.03511624329567
40.65524029234341,83.61979810611345,6.6344402329767025,1011.4965163371373,1,44.38492772123059
24.34249738927012,68.06549126074344,13.328656341033026,1006.9117683757663,1,24.396777833951628
19.448004733068018,40.6659621859468,11.743872865545832,1001.2426555333304,0,19.897757842241575
43.8115706944059,44.07871724558732,29.806249139485868,1012.5848203073193,1,40.317739873227985
10.51986099583756,62.058347810464745,5.672206514556311,1008.9593054974753,0,14.484189216543585
3.0119404337991824,13.71911867999789,15.821524133988698,1019.8834703703802,0,0.04863917347578095
29.400144500533322,93.4688377124597,16.982770255214596,1019.6510605152148,1,31.934367833903575
19.979457756473888,68.83493472755114,6.4374356107853,1024.007998054227,0,24.0355848624693
14.787671828692869,84.54069194097744,20.494619963622707,1000.4070444811996,1,14.932138491351395
32.08356447299353,28.38792118381662,11.813383896946975,1017.0105830769363,0,34.98639857136013
27.43800713771199,84.89130320710511,0.0,1005.7253429376633,1,32.98092626178907
19.359213692632714,100.0,20.27879689683652,1000.7958578918891,1,20.16312009026493
12.196956013291055,33.58243289245365,6.0644729271810895,1008.7139776305129,0,11.671050563995216
33.724573282801444,75.42803589807534,6.617800430887208,1023.6870498013461,1,33.52401471014689
31.50201177958661,60.022198893745866,20.503216663139185,1009.2768164642952,0,29.273048071570344
24.00824136220617,29.111323035035113,12.2227081406524,1028.6545465995912,0,21.711489983995552
43.466369960476655,69.85767943703739,22.342177204412003,1018.4887851552033,1,44.793590251953766
14.299152336738475,76.67206409674696,24.68132876292255,1009.0590952101942,1,13.80730287029062
9.74474829075261,47.97746894662306,9.840572317421618,1024.600484289064,0,10.727455821306409
18.080919301187556,83.31833040510446,21.346099967640246,1017.4539677211428,0,13.611110851629842
24.544139836445023,26.664731864216044,8.956313588856945,1003.674406115533,0,24.2662833608836
27.433394493226917,30.104877071007117,32.86492733705741,1031.5880263558051,0,30.52374804349831
22.587639421436702,62.731947911775045,9.456343963750278,1015.5947882308648,1,19.230866590508647
28.520553965142966,60.507705559445434,23.208699527680032,1013.187961919855,0,28.57013320754662
12.48460575809556,45.6685302315179,21.750320207052603,1004.4446733009438,0,6.920777825400327
39.437646040732595,76.19188871943771,17.52870257687147,1024.7953826760775,1,35.521259973913075
24.178488216074314,70.61788628431898,9.635654708666536,1018.172754273613,0,26.60147087910846
36.172958315881274,77.16278141868031,13.788820064468727,1019.2923818029524,1,35.24510543594243
28.427253463777042,57.53727129295465,0.0,1007.9246865647423,0,33.89347206039267
29.56753219153784,72.05160535956682,16.795360307058004,1021.3410057191007,1,30.864861522810777
30.69767280232204,51.08699393940011,17.79692264822708,1022.118135935708,0,32.289459796990016
29.477085600173147,100.0,16.06799535249097,1006.3122176121888,1,26.24763945048845
31.42722759867544,43.749084597560284,0.0,998.8300986031901,0,30.271911468142083
38.29152530132431,100.0,4.874908439281512,1018.8137305933892,1,36.09361675518148
26.965211697014702,60.69775894178817,9.0152721372107,997.2665305039426,1,23.768886478362944
32.09003757588512,32.489782208625144,17.333271465512368,1014.5201577783778,0,34.08171695417352
24.102643057127732,87.36158700977202,17.314711245143876,1008.527548952127,1,26.69619065443377
39.40117215449473,62.51802776789918,13.638209664230565,1025.1866521078891,0,40.59798373699708
18.2360769794073,77.02248196760476,20.081964292831653,1009.0715610923279,1,15.75187539972934
43.00940432910816,84.47711837085187,6.7900609975768,1024.072729720038,1,44.001594434400545
24.598420493556567,66.7591110829005,19.88188004555197,1007.8579055563697,1,18.8603852891596
10.692248978819519,48.15518310374371,18.797936838719128,1022.9999100505961,0,14.66127678494364
26.281044149107892,79.514267553385,18.020437862703282,1033.6034154383683,0,22.386593622195583
18.18948342525119,60.01511014909191,13.543676551314753,1002.3195286163376,0,14.8281064779358
33.406435489887244,73.71715637216838,29.645950598650096,1015.9203572173091,1,33.75231229859782
18.473760206976092,16.92538852417077,18.945565507919028,1040.4878241591007,0,19.08623888770223
20.538165667852205,68.93963434019705,7.253313093971529,1013.6658882690292,0,20.31991987249685
6.104592690544692,47.2282834970994,16.986443805887873,1013.6178827022965,0,2.7742088675978023
20.476936807509233,93.06619274357061,21.01986701659375,1020.8849894735102,0,23.87698078831911
0.7612067337104342,72.4617469577819,10.295131208605524,1013.4108086409475,0,-4.296640869497317
9.160971765142767,64.79715491698593,23.71417797544879,995.9277400542944,1,4.711164793797432
32.604146561442974,69.72619986700442,18.056269645728086,1024.3228737483894,0,32.28319824557953
32.85800158650832,40.031182942465634,0.0,992.9705158613481,1,29.06529964097516
29.254575617849646,92.46513381056107,17.39737581870341,1008.8320834886166,1,32.92245144667742
15.33023856870787,99.8274083683381,11.751766764698278,1025.0742574915664,1,11.795594662469124
24.5228864385802,67.85827021096432,19.297438516333887,1009.4345757135721,0,29.193967895211138
24.963974609094315,91.80807137147278,22.553718722014516,1006.063035075356,1,28.069341106409034
13.416353108074572,48.61703602654932,16.561296377134543,1021.7926390516656,0,17.121520314597323
40.0339830176715,44.057728675500385,28.322017871557563,1004.4888521316561,1,45.695300966531235
33.77362290575671,60.818494974578456,13.570344923492033,1000.7777428040805,1,34.01730667804401
22.79035826170336,68.69882076735797,19.998542584431,1015.7451398749329,0,19.75143447424349
25.268858389945308,52.12026637513759,21.43954058909878,1011.170767015874,1,24.95983476263938
27.083828079475524,70.75536380736968,14.221232248858138,1000.5632688581115,1,25.383831263248634
4.582651315757094,66.12778964146828,21.230194463822258,1019.3695253999487,0,2.4550774982159265
22.528226174794032,40.0338644941789,10.24261610270265,1017.6448760557723,0,22.98078648521453
18.180157520022014,70.37586034903443,11.619452647830252,1009.4024498339437,1,17.245044877398776
14.983799901050844,77.27056485043042,4.5000904773095005,1010.0866799387505,0,12.727170848099854
22.188997071140452,63.42938635180782,16.931272930960375,1017.7039274200915,0,21.45278989337868
42.976865268495224,83.05296206523386,17.602013406834754,1024.9036141975207,1,44.62380066110634
31.4084286126701,35.65192413006096,24.434105268633836,1010.1720678989068,1,34.27768023244819
19.28821010217203,69.35900844263703,21.32912003484707,1019.5468849300814,0,14.479438362599062
30.725827813561587,36.59438587206451,12.721635546820535,1018.652002170846,0,29.81622455457596
38.99355436586002,37.71837283533825,5.574562501325785,1021.7930729270897,1,38.56952474943591
34.246336829127685,47.3813833252442,18.462803220159792,1013.3930919874347,0,30.69877676244479
25.59630369920174,41.1587963285151,23.886025379317136,1003.8767448593364,0,25.237186500079645
18.530632222944263,49.040083625177246,21.041479790431545,1008.3750084680003,0,18.974619051564346
31.9822331361359,55.716993785776225,23.6758201988583,1016.4285346578165,0,33.538736771978876
28.934853854217497,76.74308972662769,13.30488375041406,1031.184643783816,0,29.16632793111251
33.95193220027733,53.57681922588595,11.267048254594837,1008.1598037680372,1,31.30908397028466
31.351718016819696,28.287485864608147,9.104789182145609,1021.047874435274,0,37.387808099535235
35.49552715319335,82.8013569299032,14.552828267091236,1009.7194354932324,1,37.982907468058144
19.64764788439432,43.25819732769921,14.371273632249444,1014.1046875588613,1,21.30580711834392
38.173940656343255,58.82559145790743,16.65342102831293,1028.153967492636,0,41.188434427376066
26.975996046923996,68.93073013881423,13.965620343715937,1020.6429258142043,0,27.709823562355428
45.75260872625265,63.99220836805566,13.93097816218583,1000.5870072725904,1,49.61151138281852
18.10812181910432,81.88359095042951,8.786447576222848,1007.2752497618841,1,18.27873766996161
42.359638031652494,69.58006286785518,22.532952108411926,1025.5622134444136,1,42.364880412475046
26.97910783462648,42.77380840605784,15.612144497949691,1014.4187804262849,0,28.884793271000092
18.485819963855516,100.0,13.604448525717743,1001.5115988038414,1,23.214892602728284
20.161141659456785,63.88666926676466,9.020565974006363,1004.8104755502628,1,24.697287505324706
21.7965269180568,57.05319546756988,4.344695116871312,1020.0349352271118,1,23.575069712836786
29.241659464019165,79.27850846111141,25.46371354039475,1022.9441028121763,1,30.791495039749563
30.228354880354996,64.98901891860145,19.437109665054457,1013.1785530148218,0,32.316482113644454
19.26299996061421,67.98456385878654,2.0086572594402625,1037.753138009361,0,22.219862700624002
24.75645407739017,100.0,21.105138405677256,1021.2415236345564,1,28.652649895629896
46.42270358611864,54.497571434899065,22.379849361864874,1010.565189303671,1,45.71295133410709
42.275431701007115,53.644782119652085,15.995008978407435,1004.8429395190066,0,46.229615570519286
29.363236696740323,62.33157024024928,27.784887166014073,1003.2511569536096,1,30.39222203895424
25.380034781682003,81.43031871162077,16.733757136983066,1016.3542132048037,1,27.332829649181853
26.20031326718261,29.86931939619202,3.665411776406481,1008.1122295508659,0,30.346161231784595
31.135179727304166,20.688882170469896,17.921352008386567,1029.7374375398342,0,33.376366477576205
14.772074348015945,48.25769458759705,16.959178413701835,1027.6631180291786,0,17.520061037474466
22.426234625766547,27.321540818814256,10.17362520977476,1019.3306654749723,0,21.257979025919283
8.314159261224106,51.50337304948723,19.5884706950194,1001.210038270431,0,12.809093892473147
28.992231226052795,70.0499939225858,1.6586778704731042,1006.277811274476,1,31.07929135928117
31.471959397027412,42.18502272895473,22.924534619542314,1025.5567752574111,0,31.850156550548906
20.16813537700626,31.46346846437315,7.975026371156379,1007.369338002049,0,23.471358537685568
40.73986763290033,61.38674323430696,7.120430999063741,1024.2214173391953,1,48.50335912618183
12.742343369976588,77.25086969230341,14.089401821540186,1017.7460392303476,1,9.235569864510783
10.356251197901798,26.100531229667745,18.46378342434908,1013.5171788481318,0,7.945053329131952
27.24451818559972,76.40464796611968,16.31139250874744,1005.9716718706455,1,35.300434112107375
35.470983026121544,76.34612407476652,9.058726673820974,1012.0575615647525,1,36.751067553034666
41.83927691457869,79.08170204313257,10.951285670464891,1014.896479548749,1,42.41188595047339
20.4111573713106,84.36960429743372,5.935661220980304,1023.3253889830112,0,20.065000146324106
35.78680833431296,100.0,13.202560786961039,1004.1426439936624,1,39.412116337227275
24.614915304992927,52.87815902761889,23.60016971608728,1010.3718315747388,0,32.44865723142379
23.273727000591805,62.19143160155716,14.965896498848991,1013.4482313193229,0,21.27816137839177
33.83659937486672,51.671231335039494,21.875314038075626,1019.6267835768616,0,33.545969193298724
31.523228784134197,60.039536895116214,26.643210701809533,1003.9153566247722,1,30.4710473984306
9.236078430157505,90.65746711272624,10.295851847704263,999.8343020711278,1,11.434673360615339
39.76540349725896,33.099710321386624,13.507413975557082,1019.7396515171005,0,43.43258381021068
38.800913541474515,42.779006556688486,32.369542888499964,997.820508850533,0,43.66371189747387
18.744372984904707,87.54361873009123,26.55474729583956,1025.8497971476218,1,21.04452783276555
28.95803533437409,80.4007301380418,1.6207637935011796,1011.440739025171,1,36.51603370810494
29.94030186282739,52.73736706365844,18.097186528487253,997.5246891772555,1,28.21604291320515
27.60673765823907,77.08804002241439,15.004479938717564,1008.1957978059651,1,25.103116000940958
19.4969484615458,66.82431684984067,21.6116248868701,1016.7912363306924,0,23.904981341494427
18.283766320619485,90.00549218001976,9.040169860119558,1007.6729891244502,1,18.652263279408494
24.744459290085548,61.490191876535455,8.283133023674623,1013.2002974882435,1,20.616638319839705
36.72729019259364,80.51264227745165,9.591434277651125,1020.4007836570529,0,35.77910127768129
30.436001545944322,100.0,10.424571630412537,1010.9780966461238,1,31.202977508236145
21.29385667913894,71.96198310094933,21.522593334472113,1003.6294232353387,0,19.355111965416874
32.716987106483444,60.98656331589687,5.5503906148089595,1010.0101600262816,1,29.673005045199677
-3.4854262063007546,74.44893970441959,10.019088800325449,1027.1484013645927,0,-4.108313615878382
36.48765700372103,52.694382835922305,0.6879008759884702,1029.850643453332,0,33.2940567426359
7.602862212219005,100.0,23.056942587298984,992.8007382605772,1,9.5082553291597
21.375590585968677,63.601420753919626,25.168240795449123,1023.9102790919147,0,15.544176045290138
13.803301053738561,54.541333595489746,12.383412553089709,1015.5014771603536,0,14.074575837634828
12.053185242790942,43.286219899599274,12.616405081494216,1022.2398267912015,0,13.61171490711585
36.608267873785195,81.94440383212877,18.62577521826318,1007.4951173973237,1,36.33664415454007
20.32298798688109,77.34374825655478,26.795856059026043,995.3173649049852,1,23.60265667809371
28.465038817307157,50.05291257171814,18.26888598051134,1018.8448878864746,0,24.35335511469475
24.53079421120816,71.52902690244845,9.419664460199083,1003.5902273871728,0,22.427525707079816
29.770408272231215,29.82888063574287,2.0494194241084767,999.1170756851515,1,28.780304333478547
25.768218910602553,63.699411501463125,6.0789898986920985,999.8159861752654,1,27.906392618830473
12.170077758114303,69.0551270415339,15.58575560249972,1019.0091378241533,0,12.825600516252665
34.9626681944714,94.14659619118446,9.757379814393644,1014.394524660292,1,41.39276614269865
20.062434168386876,44.58362394542621,16.559741647926067,1020.8246602187468,0,17.645076477465196
9.43418101340249,34.432947423953514,10.576607870110127,1019.6907525449636,0,5.249214317660536
20.718848390340874,42.091440781499166,6.534828549644708,1008.7906643541623,0,26.086115339140058
40.00759790634311,33.2686299937016,5.583746948375431,1012.2952642612255,1,35.71502215454596
33.50221742113493,86.73314715517967,27.49883607498584,1007.8856247121746,1,35.55140555533207
21.513478655921407,90.97278590048073,22.111901993469147,1010.8967222713451,1,18.577468529855498
21.507422956815713,66.40433155897658,28.84414361462367,1003.3274526201893,1,15.299467904272655
21.783649487826175,84.42589891370297,19.31960720604082,1016.9048429387434,1,20.65929810638648
45.76747983560841,62.679167611604704,11.560068731081287,1023.7512074898176,0,48.465979723039894
28.819354522315535,58.09776704598468,25.586727379919502,1004.8338697017901,1,25.154041256896313
29.300416471910697,53.339247618924766,14.735455989105857,1025.8126964540133,0,31.02870065634519
35.30283454031842,53.79218017244869,16.76673416232282,1014.1352149647794,0,37.59142522387778
27.387891590265134,29.043968873819374,14.657404967395848,1015.4107897640581,0,23.57282116570722
22.409578541792968,65.28509527214678,0.0,996.0057048039248,1,21.726294675655858
23.036501509150217,59.19332179571912,27.837880098358823,994.9273769043426,0,27.767725976131707
24.28398740585936,74.90721448155752,18.92803156766203,1014.4411636277969,0,26.23576526575059
24.627777634901584,61.870469928772195,17.63858448694808,1020.8973212463201,0,23.843300241173523
32.2762954363698,56.74592596861817,14.505791501835514,1006.2861955635505,0,33.522181880131555
25.519458858072994,42.576139399847385,16.307422563089048,1029.7009390058308,0,23.46366893266165
32.32640077215579,61.443064736435225,10.221768513230018,1020.3493597425431,1,35.66748780731087
24.192834198914177,74.76474461632324,19.93263481845817,1003.9165874829201,1,27.532614392720596
25.786351903160906,37.13322017832279,4.543213244806941,1013.3084866705351,0,26.14906964841907
5.017993154678923,61.74947507361478,16.488547459764376,1037.769291337234,0,5.710111624052003
34.16327674702482,64.66085903058968,19.492587764568835,1000.574359972003,0,31.1668861220078
28.464884758979927,45.63870432763471,13.410646929416776,1018.282699389151,1,24.408775477776437
34.98010109859652,48.24287390184,17.9669423397682,1009.7725544727666,0,33.85028686677193
-3.9625537819368937,64.61221697532429,7.069324862125998,1020.0689629091851,0,-4.224758911010428
45.883747047807276,37.331579634147545,7.273385832832287,1025.6727364631838,0,49.07162953997124
23.60410371844826,66.99847430498785,16.893736968211144,1009.1376291128863,0,26.371386970303192
36.081828167375164,42.092912526816,20.428397236968415,1024.1891227170718,1,36.63632683245244
14.60094072874469,81.25707386066432,0.001074755986312681,1035.2120339427197,0,18.17255768186305
31.127739050625696,100.0,19.176165080886133,1013.6627473734424,1,28.297280514182486
14.465844368263438,42.78486396596361,10.654387996989303,1020.8488868749419,0,17.697855030098548
18.76231039304195,70.68415724749349,13.4575513015407,1007.0955922979673,1,16.39102424999355
44.14031353866786,45.46516190235961,4.2838566114797025,1013.1925930903121,0,47.85939712886059
23.093175992366533,80.8190834759558,8.187062078506335,1011.2332490729176,1,23.05313659805659
27.174328731797228,34.6948318182957,22.72900260424249,1020.9693592565859,0,21.179468702184018
33.70067730688754,69.61173516855425,15.262906991841705,1025.0467593575693,1,35.89114879898187
29.956818879726047,42.540220662212946,11.937772786323531,1011.9034515088254,0,32.385456158228386
26.504189051435766,55.86030821803263,14.068093178951722,1028.3362284573293,0,25.13444888797002
28.649610024662255,39.379494497053855,18.91369459731441,1028.3004744156162,0,27.535831289480207
49.03415585238275,76.44700941791507,18.5239559693067,1021.4685374317991,1,48.55552001272894
24.423812029664145,43.26039291120826,14.399783996825594,1007.8397346827827,1,18.64835659178533
27.010990467149675,71.03928518663655,23.743672887173346,1006.881711832601,0,19.916805947864244
35.50654396007612,53.11803943475334,22.763701095253328,1004.8761864530996,1,39.41142087446729
36.05525932957984,57.71055256402274,18.306976233043166,1022.4916607023816,1,33.58305632734811
36.8703030556038,62.95511814800257,15.436894263280564,1000.8823179251063,0,42.43609538433289
31.387302220291847,44.763506566823025,20.25856876095631,1019.7683765411101,0,35.49850762370859
13.569950872695165,64.20734227081773,17.514139374409467,1002.1889065217589,0,18.27153681550438
41.334315323010955,90.60669128708822,23.48640057444758,1021.2354611984198,1,39.38341846560949
13.53654606981312,44.438104283345716,22.19649101390646,1013.1721958273056,0,8.711342509021378
28.02635465239033,83.4362028654769,6.853968788658172,1026.3363856185983,1,24.765707732607268
17.457241499806422,89.96195266975569,6.312294634066349,1024.4145457832128,0,16.117877318347688
24.358616534070073,43.67690021943912,9.39000364476739,1027.350654120021,0,17.238927335518152
28.287624103034805,30.89890789818896,22.80910952053537,1027.608187182891,0,26.861347035662302
28.21357215450273,66.0392180034353,2.3895280258300353,1014.436308339882,0,27.6085380719694
29.219207542352848,49.05184954466254,18.158059112863945,1001.4120693357539,1,25.335944627592763
41.13711269058647,97.37206438326004,17.90034472874369,1002.4747694500262,1,38.015657395848976
29.535343015139798,60.696150809996645,24.30118446948954,992.1315147068407,1,28.873547451597393
22.558433647093512,43.956011839296416,16.4427095253111,1002.163341665719,0,23.627293292024415
34.64087168288357,37.05680977976577,4.254324875328795,1013.6882365770465,0,31.968403678882837
36.894704889246405,81.79809918181661,7.325160314815017,1007.4034581917484,1,37.77146271797521
12.723921848630075,48.576320518316265,5.544035824817403,1011.1986439559015,0,13.134459872593641
30.97400069849858,60.87657598920857,10.696448269334876,1017.927154194614,0,31.11465827555375
32.01172742310898,79.11605490224962,13.536787460608585,1009.9593474193424,1,30.05568505153925
22.024364966400082,50.314832961383395,5.676467790231545,1001.7817119958742,0,18.024226178293933
38.75706813311619,59.08142342519679,26.765295925218314,1012.4676633243657,1,43.84642407281841
23.499444129674732,59.6686318035496,4.397749024380472,1004.0150951322715,0,25.39036187904701
26.25576453471542,73.66649023032184,25.768827390899844,1010.2921350302094,1,29.272959493897638
23.269281757161306,71.81488671020651,24.48130425151472,1026.42776964423,1,23.01839270264454
25.155790475814676,55.59772537490343,22.186420397512283,1010.2949469590383,0,24.663714149034263
14.037249131047982,61.27298122993035,9.449867140025997,1030.7095755334774,0,15.509228173224145
10.599491174057057,52.56441976953023,17.73960703341521,1027.3163598693798,0,5.095426122700321
40.94505063224972,30.447751861611106,4.7810309315950565,1007.2069469142095,1,37.60112022419028
16.530386516816723,65.15201714796258,22.287256280269993,1001.8887623358422,0,14.137061882731604
15.086076505436928,97.84383521666135,14.408121747709849,1012.4744583807981,1,13.72237723781164
3.466098863962852,42.32561718617875,11.725438283306518,1024.533277633969,0,0.8270118255523897
18.610382523104978,44.53940580794594,5.210041226749846,1008.0980909377131,0,19.608803898857218
11.769102065925017,42.58544456712517,0.0,1022.0809029826214,0,12.013443769313524
41.42015160136369,74.49183557446246,6.6916731437139525,1025.0843998913608,1,45.598745670617824
35.09817089342634,68.9697090839288,23.902385564903252,1005.259743496374,1,42.51944836476403
18.118496548222762,56.829246151670866,11.777332572201567,1006.2394891171141,0,14.329945827777463
47.52435805344309,41.639618767220696,13.645369143079622,1020.12662032127,0,47.96627369534843
34.81765486991594,61.847535832798485,20.24443486630762,1014.5184754964157,0,35.254232504536866
21.751686164913774,28.707557453283915,29.44535102493012,1006.1393847345632,0,21.709091955619787
0.005942851264268967,62.86853133714986,25.60003723956511,1009.4781955188041,0,-3.2485308616322355
47.90942572590742,77.43048772175868,7.221319969470495,1012.2948044727258,1,45.15783338897977
11.10427533236404,34.97601726732644,0.0,997.3514557504454,1,11.825492168112397
8.546012530431081,29.349634463406726,33.87691407280083,1020.656431064827,0,5.709962310509372
35.225704320096405,91.58875783389719,33.15193289327563,1008.2130781106081,1,35.70352023659743
49.39752406339273,47.7648072099083,16.507628771434263,985.162837762019,1,48.65967470975591
38.84272818510518,82.71895691887644,4.836094035345427,1012.7612903169055,1,39.26770189446903
30.639091200523595,56.920046696043364,22.705812271151515,1005.5842874110649,1,27.779189789220293
30.94754341665286,56.76090366117345,14.136130511899118,1029.8882219230268,0,31.41995114365647
33.53415558780308,68.7682539899329,14.096151015147116,1007.1455497908004,0,30.89129783737331
32.589285897867654,42.32002286507119,22.155670744841032,1002.0235663642139,1,33.07137272383841
27.811914239693756,62.64994286991291,17.67499797498639,1018.0793266996202,1,31.830102607011227
26.042011039518762,52.370211703518144,5.5134807118804385,1006.3955263199242,1,26.824962589566972
24.374068721004775,33.59013113189937,12.40206451934421,1005.2054379874777,0,25.339679868153947
17.46035411133324,66.74964149452798,20.28922342929077,1018.0950138282441,0,19.911973663825883
22.19324923133226,54.733843862441674,19.082017779240147,1002.5953269211043,1,17.98257419791247
8.070431858046145,56.85950343110584,17.096132594867807,998.4272634180055,1,13.227196579215182
24.016603732052502,35.79678113171684,22.467383635806915,1030.2599800209434,0,20.849833754215393
15.114088928490826,91.82800735525609,12.106264097461883,1018.7949873760065,0,17.753071920597638
13.96410682784229,77.53428372772233,16.429358201752578,1010.3579071500563,0,16.204836789611257
26.798941511534785,79.28311768343957,0.0,1012.9652279029806,1,24.092442427020504
38.92002286344599,53.89110595116636,11.402798449257489,1018.0586435811615,0,41.94668127374628
34.183166060023126,25.416342209931592,21.111223268605155,1022.7333744961342,0,35.67660435926305
9.29499396376823,99.05834764979022,11.87684426306286,1005.4402470868499,1,14.964929896975002
15.103718634296625,58.77804983988264,11.270180866263104,1016.6614652596568,0,15.683854888320504
34.40771187988216,45.024004079598924,6.6683763858014515,1007.9329582378977,1,34.082081885314366
15.175126064616904,68.33603148966228,23.026927141833163,1011.1101875548737,1,13.630838480862291
22.753668500029754,83.34241576006595,19.387706188324564,1014.606928674649,1,17.523602685976236
30.50052099024552,59.538988878290674,21.603316782584677,1012.9332142694733,0,29.54583829599204
15.316555451363648,85.57150335878748,1.1902883043368835,1020.3556689830257,0,14.488860268587016
26.053755061459597,81.65999877033737,13.716399653874928,1017.870865591156,1,26.8399296091319
11.659745050817955,38.472376251958835,12.75911193799995,997.9183079062782,0,7.390435718170558
18.98632356048786,46.52419788681047,12.75542634721158,999.4217679293456,1,18.269286926927222
28.19781934142537,79.15074326559535,10.071779650256353,1009.3028331524071,1,29.926573517491715
9.070062664683308,5.74774872379124,12.231165825759877,1031.2862526244182,0,11.096591691160857
29.40474737960399,57.01088613670022,21.797158261653216,1004.4840816749839,0,23.82530185119201
24.80362201073319,31.383375967506563,0.0,1010.9177729038724,0,26.92284183669286
30.524899544171475,50.4689239713295,29.21835814424363,1007.6365397304348,1,29.785177804807
27.239141340646615,54.023598219415916,18.870729000211693,1007.4595561591192,1,26.68410870815095
38.64140429973844,52.835112441849844,14.661344834718298,1014.7823974390506,0,31.547858190170928
26.252245026479073,48.95477495774783,22.25467317098341,1027.0077727619564,1,30.732958514152713
20.70594458874747,38.057127007423716,3.38532203865252,1017.5596839988059,0,21.236341243781357
26.22297503032284,100.0,9.682392758791888,1004.9646903857291,1,21.628593750754717
30.43298029036388,97.34924008322702,14.03139654087557,1040.532295108032,0,31.55858501511328
25.488600703257042,36.75868359487434,25.92448296345742,1013.7857322096113,0,26.522036025798116
25.405916912038823,91.64233502607135,14.628027350987537,1007.2277904361789,1,29.07354937083779
17.980083121932445,52.010690190542945,18.60043736948117,1027.120963746776,0,17.05101681405981
18.37099082449052,62.58374946663421,10.283368032510978,1008.3092938205618,0,18.406979031306278
10.973947282003065,58.73452080206168,18.89473655173993,1029.6291365498744,0,9.045523881289341
42.495767431869396,46.80502717492068,28.417916743795654,1004.2935720903333,0,44.28961327384761
12.561367646087149,79.67704687212293,22.964213533392915,1027.3003038892136,0,10.210896621062
18.070948022040927,62.51773061153315,14.348352097776965,1015.0104766428169,0,15.391976470800238
17.815927344308026,50.46897153561517,20.403926778123758,1025.9105223270244,0,17.612534730968264
33.949243769444415,33.90821112399055,19.620135636857693,1032.0176570870156,0,30.27165245553293
22.050503217079722,42.12809972561759,19.052701373578206,1001.6739270947875,1,26.856896872697426
37.477420726737336,27.17239768795806,23.89562688688327,1025.7577182075831,0,43.25922090996296
18.265093757561317,60.24447096830339,23.835821630699733,998.910960955746,1,16.90432350129587
27.78994162223802,36.06668815431208,13.982731225000926,1002.5281564475177,0,23.630156602566522
16.646529467402427,54.68878974962917,20.13503249182215,1004.9659054020756,0,17.656305584108612
46.45149127773388,87.40203707220742,11.93524063072165,1018.0363663617786,1,45.00518372382711
13.124015809704872,83.98599145843171,7.615420829475379,1013.3301587693486,1,16.648059207288966
28.098207102270276,59.35446211794764,12.844049954368108,1011.3286391583716,1,25.736767315680567
31.337768809320984,58.258305477137,14.389774786083338,1014.4623527902236,0,32.97130847660631
29.137990974514985,97.59749098842016,1.7073520865760639,1018.9128958929348,1,29.479971742690065
23.147123411222918,70.41512240717422,21.882660475333765,1019.6824812394135,0,21.118338879382687
23.701793002665738,53.44387080246954,0.0,1023.9416683561514,0,24.421942488141564
25.438114719791095,31.47963765759096,36.71853551589057,1031.2003481276745,0,28.073712395215644
23.529979983715116,67.87746436329486,27.01503307037055,1012.7863762755852,1,23.790525540881305
34.638791167949094,76.58647545165725,12.911930206621491,1007.7891103786908,1,34.93064516332787
47.10523001591351,47.36696950972712,15.075410884510186,1019.1353612918518,0,44.48687973235249
19.425082149921664,65.82405510276065,17.423774988698266,1001.5574518373538,1,22.85769654363407
11.301970204209223,52.72853410169942,10.286716896088464,1006.2129586788839,0,14.435609938638773
24.11717951648745,56.31935201601995,16.540953180695492,1022.9938094639278,0,22.88550195042796
50.79709337654319,10.243558848753374,13.84800017838671,1011.758716251823,0,50.4242279980942
16.963254320302692,55.56437192567729,14.245818262152271,1000.9180754164196,1,21.205916338373672
41.391168054440676,79.38738604816109,16.45168850784511,998.1019693463483,1,37.990455591298314
41.77700814076441,47.37194888866884,4.491777613168045,1013.4871667939381,1,43.58987331484075
19.464117582920053,61.050527364306326,15.316557793069185,1024.41896536968,0,17.78827626352667
30.689830791852753,44.880985866161595,16.30758197293982,1024.285457775312,0,36.02406442210768
41.283966231285376,67.20883352585545,16.030796970847316,1014.1088050289284,1,41.47430641728139
21.208722590125127,55.66953604927653,13.273353956510764,1033.0890941909613,0,24.989858144545256
22.964196398976384,41.21516918635986,24.102862207754974,1011.9517963405954,0,20.680214353592998
19.183190860513562,86.65102935330256,12.17077956094759,1011.6143237660259,1,15.437604813540759
14.852432693071332,78.5786402706443,16.818607254585523,987.32564090261,1,14.149654321467995
18.50722454933993,47.9018647214365,25.378380271404367,1008.5263705083878,0,19.29527492318044
12.760597332377435,69.95576618835555,14.364990879837501,1021.5201503490849,0,11.228402286328194
25.34083468259226,70.74824005640761,16.715706139740412,1028.639613368597,0,27.615756961417162
17.30026768941358,72.84602470022352,14.228922909480824,1004.6976536633272,1,16.670406985982293
27.337859117907477,26.114882080098447,24.898958348508792,1017.6225232929305,0,21.09354763260766
9.441043537963727,80.13213082065256,12.938203507309638,1023.4687903232328,0,11.09947947554273
28.308802322144572,48.60602074148537,25.266836618305646,1013.112081531959,1,25.6611911447031
33.33528961608925,52.84344133117466,14.171296842823482,990.1671954247277,1,32.250497471059695
5.062643574285445,100.0,8.124322212415866,1015.4728999957425,1,9.722037184903513
28.74056569847572,66.03746761442024,20.43498536459297,1020.6143062406089,0,34.05900087083899
37.27668992473292,52.27355049105649,12.562657329954751,1003.5257710498154,0,35.550209619454485
12.903589813087946,15.894112544881878,19.964007192793304,1010.4584546912562,0,14.636949704983465
41.72572386837703,87.79528267892711,0.0,1001.4450395787123,1,40.0689003971091
29.19019009366045,33.09580658382795,15.04164209515957,987.2985245141965,1,28.32957115696464
17.94988144241591,39.931221930009926,11.323157609940157,1023.2700441178765,0,16.132555197720254
24.44230922342294,53.372954018243014,6.493930507749775,1012.9625146619815,0,19.269278182233485
30.583269125217225,88.32823583400585,10.574071985281606,1028.9767499670497,0,30.868434796418352
25.760053914124114,75.46479973331519,10.410374845658787,1021.5732219190618,0,26.624550074962613
30.38755992446369,56.8432498031948,14.616113641195351,1009.4579023833455,0,28.374554688530274
15.793264069206337,66.16584127277642,4.061388309720353,1012.168193398956,0,19.056639203517665
26.69360824036078,47.99228614257788,17.53019024207771,1018.6617739077017,0,25.385367589075123
10.862855030950199,62.793073791307016,25.929718281646302,1022.6688341675574,0,8.951219556373154
23.887739386512997,61.46673489556273,17.24742797558261,1016.2267063074202,1,25.467248740837316
15.960923585352102,79.37539791362707,21.47190887383207,1024.0559314528948,0,11.332877615434516
17.644700574102334,79.34356244877898,23.756499636910362,1010.0333126332553,1,20.36473766921075
37.36093175210438,69.8795476441129,24.891916097473413,1003.0285645321432,1,36.15442427992129
35.91310120594269,52.753048849077956,29.96110954257044,1012.3519074643887,1,38.88095943512496
31.09138120907177,74.83644588780253,11.006384013792559,1015.0518489073619,1,34.95577278655924
14.07687235327421,58.16063067593907,9.252128118711068,1000.9846460526071,0,15.997332680345632
21.835915503051982,38.36171262573734,21.26772518659788,999.6327791585338,0,19.39999562486705
37.130976999791834,51.93424416178122,20.6661297572592,1017.4738629647343,0,33.37848188033862
26.417169136399046,61.69053967568649,21.205402396925514,1008.9364314862958,1,22.114951146393338
48.19329539981695,78.2043156732949,30.114259634002018,1011.34159094338,1,51.50202750492088
28.93317839394372,56.32943655685694,15.090959270387954,1009.4030733429918,1,28.52877805734317
26.920491164900316,35.816025775207876,18.409252477169478,1028.2060090176321,0,25.12282578130777
21.908835357974986,61.13483366593639,7.156893988132201,1025.61761160395,0,21.51258890335831
26.33540904782282,62.269120801131045,32.08256899180766,1000.6264630996084,1,29.577272674685325
23.475301636194562,63.71675257805506,12.307640630327112,1007.6720678691955,1,25.811520992273213
32.0810867668859,78.3974303190886,12.534272574713361,1021.500042679696,0,33.39660523401247
34.56702316794584,80.37846480179797,12.226000871934058,1019.0193623710325,0,36.480681340225054
17.140105394920504,48.11578255236667,9.840833130845297,1012.5854203767021,0,17.68062246141135
11.687670464422219,47.67713083902113,9.164503609218805,1001.6239979503576,0,12.594009636311494
6.637946268967035,39.19602578089054,10.8103657368838,1006.1745995384646,0,7.301021962420176
30.079913269125438,73.97631340560953,4.073632575592443,1007.8323243245371,1,30.079729532242776
13.966333938261265,88.97640216675431,8.717456637894093,1015.769943311191,0,16.22645558975511
3.4710940704751714,53.69836144182153,30.591704891580953,1030.0372715469723,0,4.554940389076355
28.88578604530964,55.171388705500135,20.885241149130948,1006.1311976521188,0,26.243640951988766
49.92999517432791,89.33565113797953,22.407233413821743,1002.7396475244476,1,51.51661833089587
24.939290884601068,70.11115706430016,24.41767029933532,1011.9141352317206,1,25.68103208373898
33.38490774451642,68.7247140960211,29.673076514899126,1023.3173898051406,1,35.21914815126171
25.81829358547565,36.18166988052546,0.8286195884492482,998.531170332393,0,25.505672844630567
24.011103468088574,73.57456138558838,5.160935077707675,1027.5363415087495,0,26.446324409390048
34.190764829877686,41.41727318980483,8.570210712842517,1011.2796863788433,0,34.006539177279215
22.097254558113487,37.31959628130084,11.242161628083219,1005.6567999768663,0,24.268893617915122
27.67392314071903,53.064568464665754,12.595444875318009,996.9981071323784,1,26.304508592867496
28.216978061960138,48.2841455310262,11.424179577551673,1020.0652077342063,0,27.05521589966328
18.31909546356951,55.568006112299216,16.754471305056434,1011.2882880475846,0,20.125253033199883
34.92042349536523,31.180367309501626,15.282363125961727,1014.7070548275451,0,33.92510331413099
23.250402433045913,79.17632612935344,9.217321638574003,1003.9918825898864,1,29.867750517290396
17.442548405071552,82.55372589032858,0.0,1009.8090396574897,1,19.14188336540863
30.365098435704034,21.053150517183717,7.057050356970414,1008.1341875364526,0,30.439868894166636
16.015320182089628,79.569156113331,10.606090773499398,1011.9940689462179,0,18.475022512366174
25.281811573691282,43.78942740356747,13.023364505538245,1006.3044767362419,1,23.83977034376173
24.908810033557966,77.13951073965572,5.962660325515705,997.6581903931278,1,27.67785449125702
35.85895565831578,58.63107014667169,11.073548268028638,1040.284997452966,0,38.544661308306374
29.74698232879953,60.575511281619974,5.952100892115309,999.3659575266248,1,33.50758450213818
24.749730412548562,56.298047011575626,13.993445187613336,1014.8145900694254,0,23.42730181850283
33.17766299200287,84.24258408466972,6.415269373099077,995.2797217157596,1,29.509463229589638
38.90207549017313,35.208239749499434,8.208762749036284,993.0295256338203,0,37.07161157256549
30.578103063518622,72.15680677470017,4.530526952086888,1013.9782649185227,0,29.73321151560038
25.103526198433805,82.02660329779101,13.77199443544173,1014.743675877683,1,30.10516100098907
11.881637676498404,74.32680161080822,8.068417840380814,1025.6149899080237,0,18.46667376388165
14.348863369246274,100.0,22.254274133403435,1016.9954684101571,1,15.382850283178222
21.947752956453325,49.42106474550602,18.24680213354319,1011.5018928125421,0,21.97592478050912
18.904877978407168,79.14609645187062,14.441185054530855,1003.50399755935,1,17.855154486984535
23.13028697014554,57.87818729317159,8.620116021249691,1027.9901206823356,0,25.604358020778143
25.56649924897107,84.66812152705339,18.04416244253042,1022.2885124605023,1,32.13224342494562
30.296927543567307,59.84622008557261,20.525607114789096,1000.5367052225157,1,35.65448021713212
24.295012219409088,52.24248436275061,16.141507297613042,1013.3796372821064,0,27.70894205722659
29.865016438262018,86.12144407743259,27.829614843735442,1014.440522315265,1,33.23492403160358
25.644744148101204,50.1687612196214,18.67709854459853,1009.5434634339433,0,28.141673806863547
5.245334336461287,31.745484821988875,22.308857740544273,1020.718504858068,0,5.103462399335682
15.606646061812457,49.66306233652343,16.068523324287824,1021.3173313834818,0,13.39700139419007
23.559124442783844,72.38065893177065,20.405315626055813,1011.095143021949,0,23.49668217480002
12.903052571588924,87.84077503174183,8.625750138646598,1010.1913075420234,0,14.170071377982984
30.999287299962045,62.22258750593024,11.332813094297649,1027.9895846266754,0,26.63838560380716
40.30750832343698,86.36394134468051,17.79490842785904,1022.3283889236224,1,39.84865613533835
37.18761851697317,32.83650157044813,17.736795852459053,1013.7236038990839,0,34.709821453199346
22.865571290697922,51.13473070364194,19.06089458354598,996.7079096091994,1,25.907094773902347
39.90726136849952,54.22849765691798,23.803143138229835,1016.4400010630503,0,38.25813616202939
26.486674572021116,57.708811450549604,3.600230625476703,1019.9808346491767,0,27.47133556796408
21.629140288819606,61.68188776500393,7.204379619117631,985.4547837160163,1,19.529079410012876
18.8659733645906,73.81821914784385,16.836581128594027,1015.5186944831803,0,23.659071342473347
21.975303135118715,51.10386323659019,9.205090945572314,1008.8330801320426,1,16.873032325514956
21.118231814587713,62.78057373906251,42.02214593031489,1010.7914571987045,1,22.545752945119613
26.704162223754878,59.09754219351897,19.125756953361087,1003.9261904723668,1,22.87238921843508
26.605739810498648,41.482201922177,14.373353208558742,1011.5181070959636,0,25.077741859044096
25.030460201534144,57.72666621837129,10.876245815329128,1026.9199157618134,0,25.64902031258766
29.3693816974635,57.12680940205764,11.158701734455644,1008.5360150118448,1,30.13545279141401
36.906462747863415,56.69838869993908,15.241125290521419,1022.6557355879319,0,37.59426327114966
34.495541354413234,60.63518913162901,15.895855460970061,1004.9366878112039,1,34.95078877733974
10.151020315500965,61.51347081226772,11.346406842451897,1020.5875619265604,0,8.225487529880636
-0.5392113490195491,51.3540964178534,12.814782027840785,1013.0165585562195,0,-1.0313713182859823
34.34319911239274,85.45429467942529,25.75427660187677,1016.5202482878929,1,34.438101160929484
11.331213015845789,36.61038741593967,26.076039701208273,1013.0715325609749,0,11.917294206122437
22.752345981073166,45.58059783060207,17.016271839479018,1019.4162523244121,0,22.5553045626522
13.298869739406404,100.0,4.269922182106098,987.3241488206625,1,15.48764100235977
6.980195624199801,39.2401729002154,19.308025253112348,998.8017468654243,0,7.260356534652629
30.41462728204788,32.92490650580483,27.434259532888206,1017.1708049800865,0,31.018605184912722
32.59155160302647,74.68953490002436,25.95824881569903,992.5646164610376,1,31.443594558091917
19.234895992732806,18.45760292452252,20.875406822477338,1007.6941964435279,0,16.07757021288954
-0.9104229214490971,55.29452180055122,26.379383642286573,1012.4565915896335,0,-0.44833612925168553
19.537555517475173,100.0,15.427074179832173,1004.718598623871,1,23.159893649363987
28.918040054025465,29.10128155693199,20.02482375866964,1006.0843859730622,0,30.249623746216702
10.210884312258713,20.360710285225736,9.553795469398558,1015.7158220015359,0,7.758402488614339
26.833599197791557,30.016375960846034,17.3381236492457,1023.0929495577981,0,29.277819275247367
24.846901508270044,77.96719136693972,25.636273951764196,1003.4155061874519,0,23.841550304888173
30.792914996010886,82.49553439971625,10.284612708104872,1007.2494180381264,1,32.93687693745175
26.19580368414153,49.74822406042982,8.10845256428571,1005.6873902667296,0,25.089416089453046
15.269310591184444,73.66424808002138,15.779911512189575,988.7862024812272,1,16.329229910666555
36.965715016644914,87.8051065502398,13.186702370208003,1014.417117903175,1,35.41022300677187
23.4147042697303,95.74692828859651,20.193181768563363,1022.3471774582849,1,21.9355467803193
24.72695460490068,55.073294376403034,11.37392379242366,1023.1664320731588,0,20.02815850361346
15.66732040926804,13.970565646600264,28.74751692482171,1004.2923362355926,0,17.20354486675152
20.567177488084898,43.58242155180626,4.682591216311554,1000.4830195147986,1,21.67768639254591
16.15197285973099,51.46391610129485,25.029878289757875,1013.2160554759168,1,17.431301008513817
23.27053940076577,54.82122406843219,8.881206173535176,1021.2927368656647,1,24.096531084161203
42.11708480142343,56.24281197982561,0.6321381233278132,1014.5485044831038,0,39.83033470145352
11.280988570686436,82.37789195861339,16.90300125079094,1015.8930463587376,1,14.178686364167175
8.86438602123259,85.48856853375163,12.963136111888932,1024.4183092773624,1,11.8427239215094
39.711703274936085,56.566526921504334,6.123125056775754,1005.608634407693,1,37.34699087942434
22.90676322848134,81.96969752103638,1.5489848662778876,1010.8002991332697,1,24.50313520253121
18.309272613400836,67.15322733262178,14.933113701828345,1029.346055117612,0,20.934246169504767
35.39904687396076,61.290119457251436,22.80669513299054,1011.0318887690237,0,33.9887520539296
18.94384460263136,78.13088314219928,19.679627944691553,1000.3266303403343,1,18.055737534898302
43.260097135469366,61.44504096475831,15.453653190714125,1006.3064390374971,0,44.86243736010472
31.779258713392693,100.0,18.83078058574188,1003.6182014877876,1,27.24826940514979
20.120885918542974,31.231776664108818,14.782286940977144,1016.5716258570127,0,16.855334253940974
46.57308213265503,49.696582018159646,3.5622060557570308,1004.0405299641122,1,43.60375710904635
18.942850769966615,57.469622060921,3.632848118212454,1015.7103425286125,1,13.553901675490128
32.42095372009307,68.78905380915981,13.374651768122568,1005.6393478145935,1,35.67577304265551
27.992925804064917,85.35920974206178,13.714773709071405,991.7662146160177,1,22.028530361489917
38.01741289398798,59.512028655276865,21.80786142805412,1016.0661978698192,1,39.04674488428208
40.615111967268525,31.555407009875857,21.058433790197977,1014.4846368154689,0,43.05016215153419
25.320041490657665,76.85027792910009,19.841064126071593,1018.1775781570884,0,24.439253627417862
17.465821296538167,75.09917532283929,12.757738295382554,1006.2701278083474,1,15.460718422344431
29.599721429391163,21.16282681241188,3.954782639118884,1005.2045552464062,0,30.29824878160108
18.22284630247894,59.92391732658401,18.29656909652819,1017.0146685848155,1,18.228345304262383
45.13387247526623,28.197163386394042,19.201354506097346,1028.1901957253099,0,48.14438706251548
26.365353310827373,46.70697804995875,0.0,1013.1116800950633,0,18.4797898896335
21.346784486878914,41.943821460744005,8.325294507338699,1017.2458509604714,0,18.590662058434532
26.846803058649083,76.18529396483972,9.471564980848832,1009.7841231557429,1,28.531533710397248
11.528737104703035,62.336603483443675,15.94680160898749,997.5636947812632,0,11.680079433026416
15.283859614893485,34.28817998487945,8.573116537874448,1022.6742941915405,0,17.539962092484085
37.00413907944426,77.60131925914685,14.694923449402877,1022.0841423908616,1,37.79019900816324
18.431057210286042,31.32388352143171,13.315720477176065,1020.1077402517519,0,18.026846020562104
14.530890173180603,66.60227580941887,13.726804227698176,1011.1805456165758,0,13.624024843900091
30.36652752527286,43.71978661416888,9.26884565039403,1018.9705609973854,0,37.34169257289962
36.85704154662997,52.6864583493896,9.888119567466578,1021.9376179738783,0,41.46188036872451
32.18953310665067,70.08541496076768,6.357863521754458,1029.201586849567,1,33.67604840093634
34.960476858058165,70.42898798119057,18.040539524590656,1022.8852610464744,0,35.19586853840341
17.432049114305393,86.7393814711192,19.568821028730945,1013.6382122503364,1,19.046446762365697
10.781893332581562,58.354926006570935,8.835056398997288,999.9174674457563,0,13.262397486200285
40.01333651955487,66.12901725926682,27.165120768136354,1014.5565829767174,0,41.2698165766684
21.773201611578642,51.24525355191351,12.483188420463609,1015.5657739584931,1,19.519061241418967
22.491669835449528,63.639797652455954,27.241484990372484,1020.090297753183,0,27.84520213862306
38.281941418490575,68.78972096017023,9.862982609347174,1026.5389185932343,1,39.020566101752635
30.5623000940066,58.03380305091248,0.0,1012.0484948794322,1,36.60409018517604
29.558877720816078,23.924990318150073,18.21758259929881,1034.0098718981312,0,30.12032018144808
46.65002344901084,66.6294179266179,16.9883608409519,995.4071297995943,1,45.913063392634236
18.56481769619857,67.29122954710914,15.275150362460664,1017.1934187246162,0,22.717238068337963
34.278401280812375,46.39653047304098,9.862140172448086,1005.0147960781597,0,35.181962155045674
25.570131248970846,34.31225927854972,14.723422196113448,993.9277800031119,1,25.970399152498715
27.68592278863257,89.5175830100793,10.909924337043782,1010.9822562370084,1,24.084830171704787
40.28468426412532,69.82891021788804,12.581203469345995,998.4282730157904,1,42.265337679532806
30.078357562896237,55.418379381565806,21.7330580461206,1011.3857210196718,0,28.598426414028513
30.38296079049633,37.259342337050256,16.473737836240748,1013.3476924809446,0,29.03958716327441
35.72507337309802,43.56370343157308,19.87961109865582,1024.1854140933594,0,34.253426836882504
21.350472704571146,86.05180793572464,13.14505194699368,997.9241486523606,1,22.667574208657054
16.607903326609936,62.75323881736092,12.2638612335618,1022.0844516564578,0,12.001774505882866
14.551908059789664,48.98825865998587,5.772139752890851,1013.9808045027979,0,13.919372031612243
5.336434106239981,70.19378462449312,12.039707099454425,1023.288491536096,0,8.277271079568115
45.56207129940322,43.71203625107353,0.0,1008.6824882496887,0,41.8250646913832
13.96791634278317,90.01686060560758,10.278224269554922,999.6775541323656,1,14.486553225586924
22.78746376414228,87.05601069793451,14.345006582473287,1000.8250067378414,1,20.89326550332978
22.231867001110793,50.66851857594447,19.509389234161247,1000.0819254633288,0,21.02078764271389
28.074066978091007,47.42659505938279,12.850576979800346,1017.7781415292066,0,33.03952375926073
33.15737212539297,7.637336026154401,17.781388337959996,1027.769220222147,0,28.205904574757945
33.60473488359745,30.36838456897264,0.0,1007.3504847334478,0,35.9016258981123
19.169225614310616,33.21060450084488,14.545305182344402,1019.2913529825778,0,17.73544080797898
23.328782862135885,62.70380681974772,1.5639776566927726,997.7655794186438,0,21.745790906698883
27.825799504882998,53.47532591117281,5.3335718747253384,1014.803212491773,1,24.491112477418195
22.51308873816453,33.09329025169517,13.502675617089112,1019.6856261633712,0,24.774787649985438
41.07345576019993,54.37671915070885,25.210111902988437,998.5187522472313,1,40.49924191134788
29.90974951638251,70.10674295294697,17.96965410776047,1010.9611653102014,1,28.956741274998556
32.348777860498174,70.55678699831174,15.145847977096937,1020.1591714048557,0,32.678288648110396
31.628812686674127,22.006594382822378,14.843756884263183,983.6622935277053,0,31.117951309448724
36.73473857485325,57.43473039032338,9.290968854364262,1026.3545306170174,0,30.73267493559268
26.81021558703707,32.33318446056779,10.648132693018532,1016.5367937589104,0,25.337743038104996
12.031680520441535,78.03457394280548,18.419008363766377,1020.1672764771735,1,14.718003193286508
28.996879517526416,75.68292832706997,3.917115852444045,1008.8728072080523,1,24.477030125189494
18.48643106208171,42.03945547351083,19.74443240226417,995.7727751843464,1,15.216617362512647
19.713833182502434,44.679095951992004,11.891943463049177,1018.3406295631695,0,18.433458996306857
30.86364018755093,50.774658990033856,21.604456598956524,1012.1740967458348,0,28.686769931639507
37.38283071433636,14.944132105373214,22.688747657856666,1013.3211545543232,0,37.29917426791153
25.212715767360617,66.71936346881154,1.6153278999540799,1023.8760698519895,0,21.933485512324395
28.08833012598964,54.543109073197385,10.347353894182255,1020.620638738626,0,26.924766554561522
42.02214944635238,79.40350165135717,8.15577849647501,1032.212374170896,1,41.87816585155438
27.40753179488568,38.031815640748945,0.49817627941485654,1014.538542288735,0,29.354353043509594
51.01683114180395,47.617541035001366,6.739733790324715,1006.0878756220889,0,54.75119930010273
30.65509645631544,29.869494839217694,34.53004676212272,1011.1158315309127,0,29.87045499475512
7.3923724084418225,39.91418873011494,19.876079169699523,1017.1566337253861,0,13.0565531321793
32.53341621104533,36.36036007863562,30.33830374884603,1023.1585651899297,0,31.981702469411754
28.811583848827777,79.91947357692891,21.632787520146685,998.3296604856129,1,31.29820929359737
37.897527540827454,46.03476302497215,9.065254711932196,1013.0853761517917,0,43.69205074500779
31.731813512699585,62.48351369489227,11.945830426607657,1029.0954165703838,0,32.14973874040739
23.61544016016226,52.38473192276391,19.70748944192246,1010.5979112899748,0,19.494860295429653
12.757017637106342,34.610694679743744,18.50004962778429,1022.3101185486911,0,13.029729208729236
22.909767427139748,56.633991536567144,10.38126387433333,1017.9311752721601,0,21.074838762525015
16.494795457907,71.9820666372719,2.920054635366345,1022.5586060652498,0,15.671499376989644
19.194765501952773,35.844812149132956,41.30208949910991,1004.9023945840007,0,25.14969614943842
30.885784044206098,76.18225581462758,13.870802621257555,1004.9459832993442,1,27.21749377453447
41.69904504351406,43.005581570446076,12.39408885453904,1013.2027189212229,0,42.60044551043164
28.94671529822981,50.34032147854319,15.906675711242414,997.6777821275969,1,26.313551457264637
13.041169379648156,70.61366246020096,13.05817128551177,1010.3025939338834,0,12.118195556045412
29.446026682201406,46.73127685561024,15.981831261643869,1015.5287665751566,0,31.680553687814857
36.966314866456514,60.75149718671731,25.295578288931353,1030.8463560694977,1,37.92080669687558
18.902170956806177,53.70618342423815,14.00361216250861,1017.0271818926982,0,18.22707414992141
23.659828333270823,62.58736013407637,5.698316485377909,1019.252284708731,0,21.710427357476938
25.14688194729197,12.385217889530054,13.706849644171113,1024.6447584705002,0,26.095116523752814
17.1510168691776,23.406363695838344,11.284785748720713,1003.3534241110494,0,22.274077020637712
31.48280433843859,72.31934012093676,26.39119149797481,1011.3491733762902,1,28.77874851056772
23.790518513922184,80.74362811298101,24.368952517900567,1037.2541259180389,0,29.5255101702955
29.195324439070276,41.790265929369575,15.86020000344639,1012.2087777761549,0,32.79381679124573
16.125078221979,55.11943295657731,4.770113161445948,1024.164307487822,0,20.2331383247123
20.625416996765896,65.89438505804603,5.192861892480433,1022.637378771731,1,21.5507141395547
32.22381357827771,73.86435203317409,15.120986092676429,998.2188628561231,1,35.7372029048074
21.27166847908233,19.44645456658303,17.69058375457025,1016.1047927700594,0,18.24517463173045
42.269638512334055,42.27919506043246,12.00301744539156,1014.4674747220522,1,40.26550678878852
21.003638143853976,53.3484124030025,11.158643326342126,1016.2995878784044,0,23.301079585615152
27.24684725751886,74.06280394472098,10.257606134570825,1005.4588752020894,1,28.134382423190306
34.325908318730896,100.0,14.812848318048431,1001.8308048808784,1,33.88077054323759
10.816342670669684,55.439885463805645,0.0,1008.2398999997915,0,3.308515998847418
7.391911880192239,31.860450757920226,6.189386969842321,1012.022050029158,0,6.085489736077726
9.743436854299052,68.04536154402597,9.983593236421196,1024.8498444760032,0,6.221275513404255
37.62584103427182,86.4199157908142,24.660025559615363,1031.1731081972562,0,39.10644396820633
19.481418541075534,62.16028241959002,8.489490864568566,1026.9659784622318,0,18.907912955373828
50.58199285668252,41.867029096914145,16.443745134649653,1021.6018521078184,0,48.697091224183005
19.357524013426115,79.15987882960039,16.812342007447967,1002.9565973770041,1,27.286255461299028
26.84551303197037,73.2709123699687,25.383332045286096,1008.9110382501051,1,29.960036462053075
40.421099525678756,39.478383116087514,25.1006192557132,1015.0992605241299,0,43.588715949746934
45.06092888159123,67.62851235068683,14.539976249640668,1006.6756096192382,1,51.66757431563775
45.615035766363974,79.94531135317746,11.196122070484456,1018.7720565252795,1,48.021611114413304
37.083662305931426,83.63780085117787,9.689335177394478,1020.2048610825428,1,34.770800277512826
35.240625258114626,58.67102049381088,13.071494220273753,1018.3629006256547,1,32.576936203039416
30.92526949201183,52.83841107641362,11.5277331654112,1023.2513460455758,0,33.81997776827453
32.78361076166638,84.54547644162525,19.429019274865855,1003.9540878628693,1,26.60554792234085
19.488142836714665,35.7967899403823,18.362478539881636,1022.328287040922,0,19.254803943685967
16.81801116577693,68.7715858184201,19.734409529160125,1006.043545498798,1,10.304638033107587
24.96625542589048,32.599467452711416,25.07426969148935,1003.5906404735712,0,25.262785951058998
23.298153774750716,81.30752544519206,29.902952971201415,1018.3211613418638,1,25.860364526886578
20.46771950672725,54.83908968777677,15.997307147260456,1025.1587356219898,0,21.305966110538147
31.963874474567152,85.37166471294938,23.795710171165226,1017.8801348637601,1,34.77820255147895
34.553052085705104,69.82825512711054,12.186718529326278,1013.2080402377254,1,40.44753291068485
25.884068862918472,35.5355953987614,24.480055868664124,1016.1015382610151,0,25.453453551132444
39.77530081055262,88.49255464154487,23.49207325740675,1014.3642691806727,1,48.198253160389264
13.58310885866495,91.02490532855458,23.06732775954393,1001.740491038646,1,14.221118727175414
23.06340540720282,77.64572985198431,15.752558729532192,1000.5737985505508,1,25.910900595273894
17.83177679397195,44.7682426992756,9.653134688072889,1012.2117412052654,0,15.998588650276748
6.3346338292694,53.87972091285182,3.8437724970761877,1013.7985683576931,0,11.192575768161445
24.17319314157301,62.908544348115186,14.679702339831206,1013.1133237836773,0,27.298323737200896
23.782524916167166,45.925792013371336,27.26410033799346,1019.7610161364992,0,28.19687882387116
40.13449743242131,93.8469314492641,12.521240789087415,1010.8452328383567,1,40.29801069774318
31.308116845547776,62.88652943452074,21.281012683680437,1018.6297918190486,0,27.541864152397906
14.75813175670795,5.933039057852852,21.751611204151448,1011.5541323267355,0,16.13932407558417
43.54092566334188,66.7871162551244,12.730510232582617,1031.2335896203647,0,38.44986622337133
37.21033695525353,53.03685206365374,25.530758700156156,1013.8071372672645,0,36.201779544387676
30.82097703468616,58.50146887763104,0.0,1036.4072261152567,0,31.39421834458291
22.73515901150168,52.62761268428601,5.2179977700946,1016.5201159109087,1,29.866831889033982
15.405607632765202,76.14092833213374,7.674941629132322,1010.8632282941178,0,16.361253468591023
21.27793223928947,82.39375557106763,8.442279817060882,1004.0055202374033,0,21.696544646538587
35.88748619704186,65.66106324517307,17.690103609487164,998.5711142594231,1,35.69838892493598
43.84586305934609,53.213776257236816,17.320302424431215,1003.0855771560384,1,39.81959034505103
40.43243528272189,59.173255903816596,18.151924577400063,1004.2039369083601,1,40.689912802760915
20.111505782137257,60.391992331552565,19.768651953059894,1016.9482002041218,1,20.420153810547575
13.803825667109887,43.951399202703264,7.399163446834805,1007.7383462893981,0,10.898000180748735
26.40886246911204,71.57857297142469,5.2545914655414485,1014.869270525545,0,22.848625625826948
7.315606344371485,69.20084647720932,18.1705574560629,1025.8197836237669,0,5.870894296068285
28.231677141847815,90.80882479553347,9.958143410828487,1012.1219164836515,1,28.426476077565894
23.52397413701331,85.1069956057695,2.4361996370562355,1033.791566984668,0,22.151311592868936
20.339634981317577,46.286501648197394,22.77075427633185,1001.241890196608,0,17.187008632363014
9.052969327332045,76.4059674901793,26.16081525201838,1011.4941645162507,0,9.92078608334496
30.136001065697165,40.98093233811056,27.457287117589274,1007.6068707638902,1,31.752601538204853
19.672991603380886,73.918642018817,16.496061771797763,1022.36506606057,1,20.036884731047593
13.30083164289712,49.66771602479784,20.00745676778322,990.6020836963388,1,11.61188350126632
-3.7226221328164932,39.53493553248831,25.958945786895285,998.5688471082219,0,-1.9380990691197186
24.724850949493636,65.60090685394809,9.868673679812527,1011.9265317754904,1,24.15323908031269
42.72251596669744,6.508657436917183,23.885421472432736,1028.513777210095,0,39.15526484466199
41.6125921454787,24.980488511895437,17.20316987314567,1015.258418340373,0,44.721325210482895
20.429037434137282,56.45016232451434,22.309693218740726,999.4845254573577,0,21.48956149193675
18.977879396382193,61.64883533269685,16.488744167007482,1001.0283340730977,1,18.620008479294974
29.687742560750237,52.613624596836225,25.370053677984014,1029.7298970284496,0,24.974585946246062
15.016145608117085,28.411274025648027,16.788190100332294,1006.7886520120376,0,12.781564770711451
28.01791899819466,43.64216315722989,3.1281675242606592,1003.5703662755024,1,34.07361613534344
32.660802783846904,67.82418654474787,26.615413058517774,1027.7737256063085,0,28.135776598204814
37.26933223884308,71.63563541256725,7.419754072223104,1023.1109700558699,0,36.515284399918
23.99845923520047,59.675537648081175,25.024465681951312,1025.7405964326679,0,23.94945194813961
22.963262498230343,83.13667562073978,14.278056948477424,1003.4995811973419,1,23.924692866465005
16.220174132434387,67.94794046918469,24.40808788158165,997.7489435898564,1,11.728661324955144
16.7311964596014,45.05088692083575,24.07814891893412,1014.331664893627,0,17.2537252288152
22.735211080984733,54.38995893176765,18.441143794522972,1016.3512613307366,0,17.676894693569693
28.673655068161782,31.942676855842905,19.068282541017048,1016.6460180370483,0,28.965941456748315
34.13584626233249,57.837220192171664,18.381028937540528,1027.78183935639,0,32.178652505303745
16.96821049319655,82.24201238442677,0.0,995.6623290999175,1,14.370602692443121
39.92688568959522,73.70580169421936,15.946641751185618,1021.5969505129776,0,42.43133716559798
22.288763989574313,88.04018651838244,6.07148659142484,1002.0337495585268,1,21.581945259482666
24.78632705651564,53.942295124020134,16.369497149965305,1021.5573532086084,0,26.20745947123835
17.527883208521764,86.92199589028516,5.856459628934276,1008.2504329547862,1,19.048363942655214
0.7575973972705832,56.1339154710406,5.5203844701914,1004.8602820410949,0,4.567457864135889
33.8404539636105,89.43170165139787,27.839476014031213,1006.900972930508,1,30.215680738747427
32.36843897092433,59.56286505115752,23.55557910499352,998.5438979922344,1,35.1254859584836
22.186724428817865,74.14462747608553,14.966859320446764,1013.4042893983346,0,22.236109296132007
25.66990717224872,89.5022472861971,16.478149201992192,1005.2732660933955,1,24.53553343113994
30.159392177040996,56.131447428375886,13.01667179405593,1020.8629823090027,0,26.71164061947015
9.374541431134574,64.36777975088349,19.559011007836183,1019.4005608103291,0,11.194314015763158
19.709473226537053,85.77726850412604,9.591565067609562,1029.8815705290278,0,16.942799662535396
32.94264679621827,57.33993672139873,22.94992210294366,1016.6632748354108,0,34.496066557149696
12.457105768307507,33.582154349876774,12.975305271887112,1018.2067776708008,0,18.2405980872089
27.935579321666292,100.0,11.641224033350168,1027.0009981182782,0,30.87551044274428
11.43418195376595,50.60471071325726,15.173704147878741,1006.723373039733,0,15.608484929217898
29.664299824335263,63.17512101875086,10.270825360595115,998.1174178717697,1,27.507285492660166
24.643585177025166,83.12013338902254,17.629458795971864,1015.0009405912839,1,26.93178431542115
8.848681840944906,47.83012192537596,10.701099285492802,998.7736653078559,0,5.416036975535734
36.64739354457171,39.84264173555739,18.748188822550688,1037.539386729254,0,35.94694483684787
17.654084232019507,65.07474593549667,24.728052311291812,1027.5549829207894,0,22.877900400676864
16.89747562985619,24.13847204175221,9.24542650553461,1034.6397633330157,0,15.073949010576737
27.005691972309428,54.241878462641594,13.955396341638629,1013.6244697666313,0,30.33976052482871
36.48637349428715,64.90077328630812,18.690645704283373,1018.505735937016,0,39.533313693286296
14.84178181021603,54.600962063496716,11.513141160148745,1008.4052456804735,0,18.066005560878544
25.616798498479717,29.130981136285058,18.71456448661332,1021.8292480558675,0,21.8157925701159
29.28816500330573,91.88355912408025,19.44319088521392,1000.8445678794894,1,30.863767901352766
31.931056072631442,62.07076307898351,23.66609421035443,987.5690681052522,1,31.46126037488085
26.764415552772252,88.62304235523482,10.152079631320705,1005.0928938051144,1,30.029906125359588
21.329721609166775,54.799274996391105,7.457798078156204,998.4452652438268,1,16.36472040998624
16.724097793512804,42.39976036618472,12.53938088349005,1027.7792673615954,0,17.827461460709614
25.861438830463747,65.38361840510319,7.2579812836232005,1031.1567745508032,0,26.54056443898395
14.27860988014393,55.68425747343561,19.515985632379977,998.9707092758689,1,8.308259668397124
-4.213504834946072,36.444770840172836,5.70598959858871,1025.9171560752125,0,-6.869765903231003
29.36559804157668,89.39568517574992,33.664131346021506,1022.5138498350077,0,23.875141402226127
34.039348410861955,47.55459554212008,25.367422892590007,997.3022331528113,1,31.860282505093235
1.3706756445816168,23.194672304088627,15.100606156802513,1009.0973246906838,0,3.0183268985770604
14.902692952900624,86.56332107914665,21.939155943983806,1007.1983627787548,1,15.488789679846446
31.19154261005198,49.91403968374753,1.9055850855136676,1020.479953986272,0,31.699742851832625
45.574954697116986,47.843522147687516,35.18698665119646,1000.7122064909498,1,42.45571037032284
25.207937076754078,24.69224825940052,10.278283102396085,1012.0112737434051,0,28.569288551285673
17.719970587708655,94.81882973193981,14.036020688805124,1006.1406549605039,1,17.663511552624634
23.171035588951597,34.21038825580625,0.15253370249250686,1017.7334118338514,0,23.272147025724124
38.74876419148185,61.168989614112995,18.890298437927157,1010.8320796831207,0,41.56996289832024
18.540358208754647,78.2524064508088,6.149246743383129,1007.6475429605961,1,15.566320965677031
17.008079933497463,68.43433866006194,15.813246092528233,1010.8670342436792,0,17.693723243113233
20.172564778179677,58.80691376015617,10.645804536603695,1033.3604283284012,0,21.442952252983936
15.466713917412877,25.966682834251678,6.378048520557252,1008.8310036388061,0,13.830009466531333
26.226703159947956,43.80550328465432,8.565107985899063,1002.5899478171622,1,28.183823302227285
41.246784584695604,63.75600676085044,16.80630427268417,1018.8343356915597,1,42.67815409658431
28.230792731160292,44.25651860026007,4.748072217049405,1011.5647533057704,0,27.927262594328017
22.476464978737123,64.06718919997536,9.009506631811384,998.8476606913352,1,22.080012308332538
22.081887310844557,73.63486817630283,20.306187050115824,1035.3149633520247,0,23.65253028445847
9.36809191303343,79.25005771600203,35.819838998994506,1009.4752105441336,1,11.733505033073001
33.83109777147159,35.47641284374633,18.82071055642404,1009.2213054603865,0,34.01979752369151
24.22162802987198,100.0,7.6619068625817,1014.598353519081,1,27.582196411092518
23.195200864093742,75.34958689108261,12.063086639421511,1030.3011676920885,0,25.17077875138549
56.93107567844861,59.96571692661872,15.252712049220627,996.2025467348101,1,51.56568382926816
27.987529083656863,81.79073166153282,12.20460039491434,1015.7598584942054,1,23.772838991030437
17.482089499048158,100.0,22.224465333895463,1033.8727216179363,1,21.02879515611314
20.736424037944566,31.22559797886261,16.739787864113797,1014.2872868073965,0,19.996104643531872
36.48445709196755,55.49474715017293,22.262819079278962,1000.6466602069652,1,36.97698456035997
26.132704105377645,12.431366802533432,12.484449677618965,1006.8160314703935,1,29.55057565835508
10.617220216826333,63.85303065296049,25.604001757770053,1015.0688252975679,0,10.59798656471081
34.19228934575204,67.30788483850282,13.668115325747634,1026.3080391563985,1,34.304092174520086
18.31855914461006,59.216757691144814,7.230481046896067,1009.6066415558394,0,15.712371446234872
43.73297776217545,46.9093285800338,32.418563048337774,1021.2665179743243,0,44.84296128385801
35.80048065714649,19.0097096762335,0.4001780243110655,998.6463117295311,0,37.56001731404696
20.526781043412488,67.47067366823538,9.09009019756058,998.5628163040494,1,18.79313553240392
37.81016361735113,89.1086896783065,9.983777185356843,1008.1719931131505,1,35.04409948243353
25.678555105274032,48.17963088533136,35.066450184452506,1027.3802872187325,0,33.55742287085972
33.52773675122219,68.8011985804629,29.454871073172093,1013.6887463951377,1,33.249011341677345
29.84732817294475,28.637113731598987,26.95142514913758,1015.8981119556662,0,27.796251154116874
16.536433450091266,69.14426127385028,12.354730700989347,1015.7807959557352,0,18.656192785968052
18.56450167682538,52.13235404510686,34.4094240307342,1024.0920798258674,0,18.412119571141705
35.29960817581161,44.75164098794171,17.94681603072777,1006.8977930746214,1,32.0423092060253
21.652246678934592,44.792727175677385,22.818106962424977,1019.8828510848823,0,23.101407393888927
20.963515367580033,52.127768359339804,16.437563048849654,1004.6911733614487,0,18.404152460352577
15.44877420650647,67.64866631385071,14.604267429413987,1032.8327265592077,0,20.178148212973372
29.23599065593461,33.756735976089644,12.985770608588966,1004.9960889570331,0,30.719504545191818
45.625249192431454,52.057693368642944,13.322880052646703,1004.1761069692138,1,44.7946079188532
14.32467085745727,59.170564440017046,19.86793318942463,1018.4966981348805,0,14.65271191152361
25.24219456672758,38.019215509362816,17.937598390203103,1013.7978843143233,0,27.95205893002216
39.12220555415429,95.93330403350035,14.748229038370528,1016.2685240626093,1,39.680089314836685
24.20358608754285,42.93009039877317,27.076191941590835,1015.2731379549232,0,30.569914459243492
29.52371796249734,46.61126172733019,0.0,1002.0960780119256,1,32.931320511683914
14.376064718531204,40.43384100355004,19.07909798336956,1029.1335892907948,0,15.838886821214569
29.283070972076487,95.96960174276235,20.741909653271833,1021.935422058891,1,26.472113351551034
23.128557349954512,71.05810457198963,24.175702946041355,1026.5894995126712,1,22.68789303824854
34.85729995679863,41.268159875127154,14.481028471573111,1007.7166911088957,1,36.29392486695598
36.87386051564751,82.12463117719938,16.66336053907166,1017.1652354471518,1,34.40527626837309
50.895636420186136,64.01397388577756,22.88758706651777,1014.9736846223469,1,54.77591704507498
30.796331732135755,65.14506842223004,26.929331234241438,1024.280026262015,0,27.873859706801632
28.257963165821664,53.11045582495095,12.595712118569855,1024.6024813182962,0,26.34628607168396
26.94384301577336,45.01168026086053,17.13580626502048,1014.9305080295811,0,25.256945461088716
21.468337071893117,66.75532198109202,28.42859171479006,997.8204886815674,1,23.699810453792516
28.38483843461691,49.09825540008819,0.0,1030.796618870877,0,25.97002933310459
22.045985898609707,96.3351125915021,9.479899201483319,1018.5598743369014,0,16.646056187352542
26.684609762696144,34.614177895137914,26.726687828823707,1006.9156295860886,0,29.948726269981282
38.1759753560796,90.7231354570989,23.740302668866427,1017.065421382667,1,36.842816500762915
14.934574347203588,57.773623024043985,19.179561687413553,997.8890645154747,1,11.729051450747777
36.39878561129045,65.98171468042212,11.41122501512704,1023.5535306747105,0,34.13420995168283
38.17115067339866,76.6631553325887,7.945452008116645,998.2878825572085,1,43.32143892095171
23.81931473008921,47.39501409991128,10.270275046061009,1010.7916550796292,0,21.848183638270477
3.781451009914054,77.28496769397273,27.38406576654954,1015.4445444960555,1,3.41134669378335
18.921780129055676,5.849122892376457,9.97245848675723,1023.388397119821,0,17.58102504219763
37.96994546561109,45.60020933556122,15.811383713917262,1014.0654467643437,0,34.27195783530982
24.771319377011178,41.51874385317869,8.970338841106031,1019.3496287361255,0,22.543163690270287
15.006977677050893,34.929879752564766,21.742192240792214,1012.7183309155045,0,11.103652456031408
19.952250787717826,55.70090323842098,10.69018975722847,1012.6781404905572,0,22.819894614759967
33.40620026504553,67.7149993636339,14.219248878764686,1013.854772503483,1,33.708837458886315
30.467335682013793,74.05319996998611,1.5329429356573954,1011.1094207914763,1,37.915368968536754
22.610679008303055,64.81753514400815,2.093054110360482,996.1342975691856,1,20.483946833331288
21.331755881853123,46.68613070212906,15.061385546572051,1005.3167650630337,0,18.755175143416267
21.08241850956178,67.38032875650335,4.398742758417905,1015.447748411117,0,25.683697814627763
15.775898155014975,62.485713897017014,31.840693114676018,1010.5087899651128,0,18.949829251219377
41.15375689469442,78.72112335872032,0.0,1011.4419091781809,1,42.30805196000748
21.7767953078866,75.53873405863033,8.598597610687168,1009.7664633056129,1,18.435720762621788
37.17158520825497,60.609528278412576,15.133606938140403,1004.3640160726818,1,42.40657401143877
40.213160519224516,42.05493987677487,12.078936497633723,1008.0690053902371,0,39.99685103991347
34.9831089814796,46.94099688335838,6.1668363466886476,1009.9316825561141,1,33.6910835959945
20.683796872819517,49.004212807239334,7.336577284037856,1013.0514314054185,1,24.112676083574357
29.037300903366095,53.694673321674884,7.074767380006092,1016.9337834446972,0,28.970415539604904
24.75804393609084,65.36100855179507,12.706226441439497,1011.1944970911426,0,21.26103367919519
15.962981392698719,74.30348780256116,30.615432716139388,1002.7034474430758,1,16.083889191194466
28.24359281721603,58.97762613969245,15.623498372465678,999.0191796008122,0,25.89954641250374
13.209602088401976,60.322495758009445,24.46320391510019,1038.9743720737522,0,4.181578660352454
36.87679388461564,62.86612610000007,19.055810766625132,1001.7018496973544,1,34.23166330816524
20.35382702701607,49.6818937373532,23.910899183857765,1007.8137499873561,0,18.77062031441252
27.011596558728392,41.49215484714088,0.0,1018.1700030251393,0,23.54466123084925
27.832878715461423,24.891242053785803,12.564335830814164,1016.6086060956568,0,29.558618311803535
22.410950262959226,46.097012838462554,25.45708338520571,1018.2086569256157,0,20.07860699097288
30.866938014752748,69.46290906535575,10.42611341800533,1008.5728293046783,1,32.302216617256114
20.250963433774757,45.94177123920865,29.099785318956897,1015.3855807063954,0,16.55100422466981
33.71297297457244,55.243859251481204,26.871121230142094,1013.6134366424086,1,36.44062973782005
11.540203197532515,69.32862574824634,11.2469542709803,1009.8786863245871,0,7.71075561753304
26.26379579546412,70.41378992845337,10.974691847629146,1015.4540974177135,1,19.239204567290898
44.389289990582846,38.40934295667922,6.89115326116425,1023.553655467507,0,48.10107774607253
14.996686753944253,79.94118712907283,9.963246145089618,1012.7779977656468,1,12.42900534275074
18.222550294751485,82.5470017871097,5.139287486648678,1012.8445284635643,1,23.49333746934971
30.13907849658915,37.403002855628806,18.430489443464044,1023.6816103487598,0,31.832854200213358
26.795817819395978,43.52326260717692,3.3516280532285325,1022.6136035981881,0,29.166607774539738
28.506300992735593,83.82181366292383,19.829864129521773,1028.8393644096348,0,31.64271849413381
29.891871301476634,57.062929574893985,20.02462957520199,995.4376976552043,1,30.22990934022384
31.3472146856177,15.604441050962983,1.7103647585286197,1022.0511918316939,0,31.719380939133316
36.09699841956223,32.006369905346276,27.398548850626717,1019.0158004540218,0,39.94101849214516
29.098186569285126,55.01260749655037,19.108874355321774,1004.1434760224673,1,29.43226205637942
22.587423453814576,36.73914699430796,20.99758417155895,1015.5158791799885,0,20.402892913424747
31.725737012027313,51.731524587271174,8.93067838765782,1023.51121747758,0,33.48301269251398
43.99881934895215,60.64792427367158,19.97903294778495,1004.708410775146,1,37.657889105797295
23.673662536174266,89.24509208069458,24.011147597776525,1017.425624290228,0,27.632338940854908
15.254706953293585,54.190921675444216,14.211132807962581,1021.7135367573102,0,19.27602436118886
36.07080669286972,81.45083599145518,31.01537967398689,1002.2898043746851,1,39.66530669723896
23.79618836046402,88.5752032407354,15.352517079303501,1011.5771430755485,1,27.2755042475971
3.2733045398596374,88.68619338704153,24.126286403619794,1016.0096837664241,1,3.020778563836268
33.47421677150422,65.69509186771137,17.34407045806924,1005.0386849445705,1,33.15416961802515
19.646718140460774,20.734217043220518,19.684172262854943,1004.2084680090645,0,15.957797871148205
24.094667176958392,69.21649730807731,1.6293418589218227,1011.6495539813723,1,29.338790932091534
28.319803305690144,80.96799775627082,17.968429905722907,1021.016397169037,1,26.86474878661131
26.904996797790663,58.37865789129166,9.120199189941872,1019.4373400119212,0,27.924652727046304
32.0945181713904,94.89167740150498,8.228813553778497,1004.3858727081366,1,32.85665402025473
20.645136294301565,77.19667122934915,28.952825475727828,1019.5216788511568,1,16.623878749489094
30.131057981760826,71.36546754305569,13.289838015501209,1004.640602238335,1,24.897032909391207
22.40453322416083,81.72761422411676,6.973585352196027,996.8983020200657,1,22.421293086762873
32.38810480887503,66.66739702521757,12.126946975129002,1009.3285642895277,1,31.0268364560405
31.153674840130535,10.143790012092929,4.59639816862469,1024.2296937158574,0,30.88536426240053
15.645612979554047,50.01722097059269,26.47107574557016,1019.5596055214137,0,18.841859870163745
35.85982116175032,83.94336054495707,9.43455404666788,1012.9842819262681,1,36.534653613361385
19.64036554885952,43.848173198034075,19.234399471549352,1008.8329451640894,0,21.91593317115371
33.08057798281145,55.53054989526122,25.8488537136826,1009.1023786388357,1,34.41656246933818
28.672873134013408,39.10327372193858,10.998778550282164,1014.087849058608,0,27.723870554293914
43.38183676795123,95.67845190403537,19.256179458182288,1002.3156251415417,1,40.37642726637203
22.765340176281477,93.62984914836031,6.75931156076456,1009.518926547987,1,23.55949378062188
21.506832038818025,42.322622097185416,34.566156552909476,1010.8443053864023,1,21.7585098968563
24.805803941122672,62.94596000778168,22.491041076932976,999.489255415485,1,27.551272953636914
21.968202171657246,46.39011904471904,13.459148489913552,1004.6155174910242,0,21.51550196248977
32.9994190194205,72.29889278062757,8.817330152888289,1017.1050679148639,1,32.107394384073935
8.836893915634121,70.19366154484658,14.08802757728299,1013.0951183994099,0,8.148395764289322
14.463175808536459,76.23411143226531,12.280130221187846,1009.9123820880661,1,11.706995903520122
14.32197078420807,66.63836895415774,30.623556431996054,1003.8857256246204,1,18.66270061866944
34.50307591973576,100.0,5.195722222280782,1028.7684982558922,1,37.92196218358304
42.10613372581925,39.44152469978522,16.078411386321626,1004.6202078532068,0,38.46704423894511
23.955507814625285,25.787932911269714,14.85329546693032,1015.5159280726174,0,26.367352240542935
23.311782768099892,52.13819598597077,14.060717597241045,1008.121309119262,1,17.776767576302795
25.700521631131814,28.64023468879465,14.13106676049326,1013.3627929263833,0,28.656389330464883
36.61878302608191,30.150754599880145,14.071433519036132,1017.5760974194037,0,34.52973167275888
15.726468658094259,39.97370691604066,21.984528530656796,999.2974341079212,0,16.806170331129014
27.38368982734785,41.55622189136745,19.87187557193948,1012.9338375584651,0,21.595160758722834
34.7519762978243,40.9076379609988,18.351292890982293,1024.9072864897985,0,31.155863602790447
30.01094169939845,70.36437900890823,0.0,1030.61501893492,0,31.41705060114668
26.895816165987434,49.87621877829328,17.39835899330531,1011.6998602674487,1,24.793091615839092
35.01046092567141,56.409708502550394,1.75488511863934,1013.4168120721691,1,32.49057231455481
-2.0323229299923717,77.8846554900187,20.170561305086604,1035.1133302860153,0,2.155262162363921
31.778753195309076,44.67354950437148,26.79597894056412,1024.349242815992,0,38.4116308291277
18.459243168725763,54.70908202590556,7.590087099291593,1006.8271543074478,0,21.27028497918421
6.693671031435432,67.3151997218583,12.905754221258345,1006.8101654911387,0,3.418029316230241
30.11202599524981,21.168643987595573,10.205154359576024,1022.5654946178727,0,35.402583993702905
38.73658545162958,12.30188982098835,24.883454206054406,1002.8896286995426,0,34.05228867268443
23.625514853723082,66.92234657595445,15.760223082176584,1023.8772675133886,0,22.712040491497106
34.528745472029385,69.84028561133798,28.82663504453067,1016.34299963751,1,34.693078772991505
41.122782579886454,100.0,18.310033623579102,1018.1772076402707,1,46.8948961114027
38.14914453584048,63.1618975173362,16.939601445086556,1010.4326619651995,1,40.887121948495654
41.39964529371393,76.3947943451619,15.54565426082269,1006.7017519575359,1,40.00837220931537
32.42127491071892,56.09054712828053,21.543936794058695,1027.6199283086833,0,29.586406098379673
25.75433638901593,65.94454443170173,1.0985104140372535,1010.5326271944652,0,28.760914350425693
8.980341881028316,93.34513683499068,15.68275164416408,1008.8906492342613,0,7.38026500936725
22.539375118700512,17.520143637487287,14.439628450176281,1012.1986293212019,0,23.189595382295437
16.567534046838084,68.2723251514336,20.80335061726213,1014.9302213271794,1,12.458204579060737
46.70942717497814,100.0,13.498387153007705,1002.6917487328055,1,48.41720074065074
23.241141875676632,65.64068438418686,6.690124526698639,1007.3512850579309,0,24.707227312919066
26.232048067844858,93.01145926465696,15.058805399357594,1006.8196792609394,1,22.507187882870344
30.514853760404677,47.41575700941115,6.337275769053253,1021.4528030460685,0,33.6097230990196
25.436024463724536,59.35905011672573,0.0,1004.1403743200011,1,27.10026188845288
41.95051040430753,60.67049404777175,20.816979851883943,995.4423214224195,1,44.17058316264782
18.77350638265548,15.648178412824585,19.632492581557365,993.3290543709385,0,17.63747030440509
26.946074552372426,36.636443442996,18.736727551948597,998.2961986532429,0,27.482943786231754
17.57529414301952,38.06249841232028,25.42342737556649,1026.615382028481,0,17.765430749615494
11.799774887792942,76.44132156065055,9.679744877568599,1013.1620659948405,0,11.355263673530251
18.882309090947146,77.4430621136811,3.5510868578299597,1018.0124908680721,0,19.393818925444684
24.62963202951588,66.48072885413066,14.439761785535644,1018.3648772712133,0,28.398960950905025
20.7069777548274,76.48205793711412,12.219997602352716,1013.5618391839232,1,23.93182967093918
18.07579020126144,56.71701174556452,8.26163426583945,1012.252187033487,0,14.53020816885487
10.936825363281661,84.03863339079086,14.361206772097633,1023.4452642981814,1,13.893030814002481
24.168944273713052,60.17576885264144,10.107158830363321,1014.4599591431264,0,27.74237439195716
9.952796259689977,61.15728094853513,0.31195773314535025,1026.9909747926342,0,9.499263239632878
32.60055963689602,54.688147334751775,11.470586473649917,1019.2082994528987,0,34.125900948289356
25.82439752934503,73.68900955272855,5.908998666369142,1006.8220372651897,1,27.306402531254086
10.424485005350695,51.57602366774174,16.853184572887383,1008.0286597613007,0,7.874585155327791
21.907909229501364,79.52862754396136,9.75172193407476,1005.7253519354572,1,20.76204036691638
17.47843594409417,37.357017185679865,23.893051793128414,1025.175480219507,0,19.730866660648992
28.191745104191803,38.02167490543612,27.830928538142928,1008.9494904705444,1,26.70427839369745
38.40450446023144,73.74853510253008,20.43505098409525,1005.0152720320036,1,41.33100313801837
6.248275303542556,58.22911570833975,2.59179054413344,1016.1977804112682,0,10.16319262609184
26.15026079147417,50.92217167693743,27.041567991032316,1012.028328936275,1,29.581276317415583
23.398672044333598,77.80115464950919,27.60576360299012,1015.9456851257517,0,29.338085853841967
31.713400764504655,47.854771718278315,15.150324090463526,1031.8981390389383,0,31.441203917631317
27.13196628237689,55.995974913992605,25.583409282684258,1022.1307080592886,0,27.66356950428408
17.48030668261181,87.98455900142318,10.586598895626576,1013.2701055430191,0,18.44229582589973
21.809460643333818,90.782846916213,0.0700325212032844,998.91576615794,1,21.628266868361603
17.039741431965112,91.44796420540655,8.91772449102725,1008.0003750279136,1,18.666278354270045
35.76007138598598,54.357484461321775,28.83440692835805,1020.110461025453,0,30.626459298950014
25.21311648671942,84.6140580996894,3.0713606111082115,1001.2895896033818,1,25.827832652796978
44.01190685753008,41.02094344462644,14.996170255451956,1034.4097029633035,0,39.87959690788139
24.393391861853793,41.86194250555878,15.273151146721698,1013.1441656263555,0,21.50552202903106
17.915932330895373,12.99088294751278,10.896206048257506,1013.4884839320948,0,20.114601763985114
9.862856073871729,93.45736403797059,11.451827201303079,1006.3335480704202,1,9.265507358524669
6.968603237440551,42.720403018478436,15.577993073889623,1017.9673775677572,0,9.061446661587969
9.158640569945103,57.4693484050588,10.502701264522182,1001.4199819347776,0,8.496310759141712
27.671266510114833,41.79351316143432,3.6235320226565513,1034.6489258910146,0,30.9904854592883
30.08725023229934,73.9033049666028,16.720255543547648,1026.1735130465202,1,29.37000811543543
9.188092979678666,52.487326785653195,23.58693265955978,1022.8429644519705,0,3.3233375109892966
33.950383140761154,33.90366219134101,21.95658014922737,999.0957099421018,1,34.62656088679497
20.169389483165606,68.83325128372121,8.522116260881507,1015.0541327045775,0,13.662809946057953
26.467930119855495,31.32539950379543,4.990176676978594,1025.09086398014,0,22.10976741225827
41.122206282554245,43.251885493690175,12.726496942761772,1018.9310539935774,0,38.47336669555853
33.96839315865532,17.86221770747838,27.542332078365312,1002.9789089536622,0,30.945264725344757
22.314693520941677,31.520837756047865,20.164784631676365,1006.4990624469134,0,20.67954110769282
16.088077745847126,63.57058339440956,20.63171741435387,1008.4806386199401,0,12.961874275253809
3.4818459867069507,20.70927923794151,22.11885561428396,1006.965621655114,0,-0.7360120040500675
17.808466807575797,30.37708550756569,18.36613250014869,1028.2877883571032,0,22.43397404209812
22.888697611723057,59.95262167734384,15.964868380908628,993.7898686117675,1,20.85426397254737
15.12820472848816,49.127862078138946,20.298455173183743,1019.5591913965884,0,8.435901769045968
23.687430329076953,99.84073271918618,10.630671166255842,1000.0769662507155,1,22.60467521004918
25.76851882958768,96.67793092048751,3.6842959090694336,1003.3874851254893,1,22.39432565550502
22.751440181919214,42.641550744976925,20.783975476994584,992.9026663313128,0,20.096537300040772
18.499974191765403,71.14275236806964,24.9019048459938,1007.5094556884113,1,20.63100163582286
26.686546719667277,74.98565113758903,6.054144485151749,1028.107316515392,1,25.342073863311622
29.41940649569409,48.05042283951193,21.575371859327202,1015.6482424246478,1,25.961616692040437
14.096009225571539,30.089169270035924,28.44612570710552,1001.0163845300091,0,15.434769755443273
39.1093237974627,59.75403101383885,14.982030385943032,1023.1714767437932,0,42.559146289289956
24.014118677157384,56.54308650371778,8.45598252206603,1025.3130426356868,0,25.62473516507692
25.188496229448475,51.284710060587614,15.984149388214044,1014.0404648103909,0,17.8278295144972
32.08214423256557,68.8463373632897,10.59572825439439,1033.347491581526,1,28.737175725374527
27.332161312635016,44.98540785988803,10.066159120348786,1021.2156412462462,0,27.47450690454363
34.53136633913245,36.96004904841714,18.465472538172342,1019.8265250729258,0,33.7984681233404
27.87124165201824,62.18165940699664,2.170164199760837,1004.9662129283371,0,26.889416190200652
18.87562625359562,67.71940185137751,3.448568620062183,1019.2739848562134,0,15.927356175073118
28.615035252061016,36.46710112199894,15.154327042991543,1015.1679127760449,0,24.3982830028287
13.562737926793382,78.56181221982162,14.821531688700551,1018.1982900267103,0,19.58608308023244
26.08559705776523,24.59037724447844,17.748436616319488,1006.1541438085867,0,26.166929917181967
24.667700093555393,48.43773082568713,30.001803107867108,1014.2809888435899,0,26.594065460157648
22.918831427274604,54.83982927604782,15.83611228860657,1004.8313849978504,1,22.937584948026032
23.714624885610693,47.27552574696141,19.785377202678355,991.5286790003397,1,23.85367098152466
6.181509545023609,48.69879052897615,7.195736515082944,1022.9830456857838,0,5.995199345595746
19.512750922590385,97.42148964616229,21.143501308132297,997.9761101831049,1,16.15141334536709
25.928449011411146,42.98231821922202,10.788873079114577,1014.0718646478242,0,21.384980637308402
26.598563919974005,100.0,15.571366660648746,1016.3300212944904,1,27.757240041208966
14.723248590740418,68.74253559462103,14.129210999446707,1016.2656301586305,1,15.286775812553918
37.65707840864701,61.84110274623984,23.263793879312246,1010.1692092640175,1,40.47192110402613
16.338251517854992,69.52480706775331,4.520187565000004,1015.7121147527997,0,18.544333997781074
34.69457200526737,100.0,0.0,1017.7096706978516,1,32.26903542701835
29.271943618716847,40.128139921371044,13.292538423296604,1020.3496481575198,0,32.66971754548246
18.537726901561967,37.59164162127222,18.748250055240995,1030.3344133938426,0,20.83280848702552
42.75310892609512,44.902676068561576,16.21815500646,1015.3419415149821,1,44.82563363566713
13.063631682435199,60.64286293929122,24.85763389931129,1013.640488450177,0,19.811612058371622
34.191541736100014,25.484577503748532,18.498981393437347,1003.9327103464991,0,40.323418023624576
35.005823180429786,60.44678478637216,10.48921334512112,1017.3594632389934,0,37.07556448009444
18.29379790923355,93.87094266827344,0.0,1019.6738310314057,1,19.98938952674614
38.92465300064329,63.028147812495554,13.101502126438254,1011.0769681571837,0,42.16961854595233
22.499534854010474,54.146290820494464,23.223672018062384,1018.4461250418403,1,20.74767354499936
27.88693629279857,47.63679102632745,11.863617738663084,1010.0748380645066,0,26.17744852002542
27.603218387712207,77.97023409103129,15.226562109422114,1019.7099265208892,0,29.623482608987945
23.65691258529452,43.48334453523905,18.37088203445367,1022.1260231402974,0,21.0874843179118
33.10808273159782,96.92791841198496,6.877661006001473,1021.9862786673049,1,34.886391188167586
32.93488720552213,98.66719495428714,19.98588717311054,1014.178443261413,1,33.4053837051307
7.514680267618193,65.13501597323575,28.096974320013643,1002.6003184838295,0,4.9461099538418365
38.043402428781526,59.7696982384671,13.61749318485275,1006.8808694735818,1,38.12100195964642
8.375080119643258,80.61319616483118,5.967484625341585,1018.9515732388472,1,12.290324896058507
35.32546204341657,81.8959700445465,14.46719178382421,1037.4881230574022,1,35.572573395378086
36.26705136827583,43.88016537881169,0.0,1009.5927922846791,0,36.52669431112976
14.090335697848017,49.46889733726596,17.69522611181293,1017.5583767838814,0,15.077291534561805
20.89185712045415,33.55305130633409,18.61819502118863,1007.439474425206,0,22.269422689128977
13.942953315140642,68.18129876668114,28.405090350764496,1003.260329557509,1,12.950431916897063
22.850789697112646,73.33255766913781,13.448041659467,1006.2368413642264,1,23.901572841013788
21.919657158142588,33.001487242774544,18.26788270517176,992.1752802329733,0,18.77244607937039
32.796605322693395,50.89602190367682,8.10969518091279,1026.5343506290776,0,30.39939215219173
38.10308746119608,33.05492164837302,12.148583035799371,990.6986974708539,0,36.089640136969216
38.95683810789956,42.02400379512325,2.7985165067024163,1010.3617176959937,1,40.366126176801885
19.37831973421698,71.02034120452599,13.441683029734115,1001.2187210464995,1,19.85901821688581
22.90778126255472,45.330358666434414,12.557526771851482,1004.156197846378,1,22.50470253082286
8.165618077790498,53.983480879354026,17.39359812871117,1026.7652265973866,0,10.237928046546358
16.94129933503811,27.45376544105369,10.011224957338886,1015.0106699003139,0,18.077885583265118
34.64851633097457,63.73980419449329,15.666762807800735,1003.346038408183,1,33.778585991025956
41.15582823548232,59.11453360310702,12.332959555138675,1007.1048286750349,1,38.05013570702288
12.65651128120078,45.420814999336756,12.348004893603886,1005.3451877955791,0,10.197384877520522
19.075357408471056,56.21971404635052,15.642898607704241,1012.5645432792112,0,14.674929012292381
24.73594243041073,63.60589761006889,15.32418353853608,1014.7289168478769,1,25.157651080863207
27.801611588196067,43.70263702181312,21.089392312413107,1031.9557477322855,0,25.21519524083505
16.90396480078354,30.474749119964414,14.034855726961322,993.8369923400229,0,15.41799585483193
29.240610444640897,96.1114886537363,12.200917207015975,1012.6518768524205,1,28.857838402754304
20.261606529290837,47.33454590579455,13.553540439302191,1009.8443230746548,0,23.393592103282895
24.85547729121721,58.06479793626222,9.28268706527206,1022.4654852771678,0,27.641849086167667
30.462842480036997,80.21679470040627,12.120711251466627,1016.5481811817839,1,30.298717066275074
25.06422269810938,100.0,31.24926970458585,1018.9036220811495,1,28.860733166310276
20.636141094734313,35.11027100222269,7.6985699144330635,1016.4508618601508,0,14.59909556677173
23.903901960741692,68.9965442745302,12.770749328965525,1003.6800887471646,1,29.53556361004123
24.116370407946647,45.848954294117874,11.900090693842477,1025.1126549649302,0,26.193869550860402
21.299889701178724,49.22419390846578,13.022627102044805,1020.9850490461567,0,21.608299556238514
22.412039373328977,45.5957595798642,12.35008552897284,1022.1552979172475,0,19.737960331072788
40.986471705047165,37.4869006439883,17.233920809767998,1025.6405017050718,0,39.672269606655775
30.609194479412388,59.174172764306775,1.3185991888656456,1017.1767510065196,1,32.43724716614651
22.045196819708398,30.50994625903529,23.297371780256036,1027.809924041175,0,23.941434970302637
31.969544045107355,78.93615133023741,20.060662397137577,1016.7763957178664,1,33.97472415687972
21.6618051024399,61.10005872066749,5.057027311494922,1010.8094141197539,0,19.47631489934052
36.73124637586641,68.4486994580288,0.0,1012.9339608951664,1,33.941703236820786
28.69642192198094,50.67622776107554,7.183422830868791,1012.7615623186389,0,29.282037655038458
23.92697855995771,52.655921315765035,13.05866830858302,1007.8060867790946,0,26.23654043327213
29.477169258102776,65.75127810334656,35.6423351895262,1029.3188884837023,0,29.486723806617352
9.291238479315007,36.71898735188349,19.346055719794187,1015.9629536550367,0,13.735691219970509
13.732325310901947,52.840191311733285,0.5392828065483393,1013.9473847583291,0,13.831737697472281
13.060749936009445,42.80772972243092,9.48275596079245,1016.8827425492643,0,13.058624004510486
26.429430947637066,42.18862378817971,14.574300509816133,1042.7985451673715,0,28.441110921215074
42.32514999485092,17.803235187487168,17.029468434384775,1001.6827581140034,0,45.98284040762704
47.31300146192632,86.78653178959999,4.482009117516617,1004.5496148828372,1,43.26523568251268
31.38051101440757,46.26922493692462,13.920078176183509,999.1942898255301,1,28.026475890300777
30.00844474944457,83.26752110327101,9.258886899115675,1010.6740076156451,1,29.068660436212458
6.989422658472609,81.37584642788585,6.169931499181468,1015.4551844332736,0,16.4662480122386
19.57326200265978,34.28000586967013,17.07676517359163,1008.3467748165892,0,18.788856315036984
17.12216248091761,38.23177528654308,21.19101738754258,1007.6027320184824,0,16.756813651885903
18.79152401748884,100.0,21.728330215692957,1014.4240486662814,1,20.646579806912595
23.318561814152105,95.01851883854286,19.59509080907101,1007.9789217517031,1,26.249348522592527
20.27909422302873,59.36962973343792,11.021043734877898,1016.1017582718284,0,20.788449572392995
5.207001896242122,65.14746212834699,20.716398091708047,1024.1423434674261,0,8.700044381362892
32.47910256117534,47.38307194105623,17.4724355048343,1019.7703046980081,0,28.897189012097577
14.272569742601934,68.6470542840068,16.071535063616107,1021.8101334716521,0,11.97430446837376
27.392468641111495,45.656361985550575,10.106455026385614,1023.8591841150673,0,30.879929492850415
45.740826697499735,19.352924714032305,11.024990981267774,1015.828281601187,0,45.77365604185016
15.806154084135766,33.56888426977898,15.591095488996432,1011.413589739569,0,12.018802269109772
-0.3028752274632964,60.421854957011746,34.51899573588401,1005.277469291168,0,-4.270489022314919
22.13995778119889,37.37865528994824,17.40993984073112,1009.0882183636428,0,19.707135365164778
36.00959634998571,58.65445070172931,10.110491981997711,1007.7631446732311,1,36.015972976459466
44.583474542205934,38.50677921134274,8.340884440244459,1020.3167232662091,0,45.9856132513863
12.704504055475832,44.35292154996013,11.065867098750378,1016.467825545942,0,11.717324055643413
29.966992232365218,77.06330612826383,32.41834758039252,1019.967578627143,1,31.121989800083774
20.346895432199467,64.94961095280209,11.805946832432303,1001.3966314389985,1,19.03569597211862
23.940516456958644,59.806711573733054,22.25496427688228,1027.3174948424107,0,27.612277061809397
51.44343347017035,77.57927946141302,11.992574036229149,1008.7301962849324,1,59.098953753887415
9.970296716048468,69.61217186694695,17.08947633023703,1001.9998335792534,1,8.792458519795197
27.537396614945735,88.93126582502735,21.333962192069777,1008.6078223517819,1,28.977195047342573
29.676931717654334,50.8028147536972,10.424777201520609,1037.8376599258752,0,30.87216419010467
35.857863249393475,51.407300429449826,9.871106766777842,1009.1228313350844,1,36.273949528173254
25.979831534708953,33.977814672173096,28.27095755564264,1009.7490352852908,0,27.939584370732828
28.080505395041023,51.4203856525516,22.876743159166374,1011.0789531937032,1,29.516968961980503
21.08351432578209,79.29539788604892,21.325378549525826,1011.5137961656854,1,19.670353614627405
27.691269412451074,85.99974744524268,21.29821034498331,1005.1852393419874,1,31.640906730319138
21.568077245025897,79.20610336173335,18.676603906488523,1014.4321308320613,1,22.173075987486225
31.21571889856051,24.116162669011274,31.14220650540052,1023.7559490819833,0,30.061317639069422
21.30389663956366,81.66290425321469,15.351266415017255,1016.1428931547871,0,28.633504211105866
28.771003939021863,23.22962753455859,19.618098937607357,1001.8883470110002,0,28.422363807555065
24.707371863150218,77.96234648244695,3.3926965712478996,1009.5565409506629,1,25.472203387421466
36.26050250772168,52.644309468578896,8.400314507270073,1007.4847259989837,1,36.786823541462695
24.486062764115136,74.05066627867711,5.393448001319676,1013.529394682348,0,24.096378931261512
7.269675317931185,33.35103304210868,25.192508668129193,1026.304516715623,0,8.615669433063232
37.619215007139914,83.42335265412294,0.0,1011.5111720397912,1,35.08421527986504
15.94267699137381,30.70050507790222,11.781519817978218,1012.1184513112961,0,17.732307150942983
18.462336613511802,46.63090178293645,0.0,1030.7764481881943,0,13.187274528334513
19.043387059565077,40.0381074446193,8.34969683614488,1021.7620599167166,0,15.149177805793691
38.74438093170817,24.91430294355002,11.072408402145069,1018.7408128210653,0,44.221554573213716
3.643257860213044,61.89055135176937,26.078968750352352,1032.5813161530177,0,-0.12528221995231537
56.37748533659994,96.12178235673923,18.173023513771657,1017.8981125479402,1,50.49760878048936
35.56056809066052,100.0,8.33486781336827,993.1347285802248,1,31.866319583461955
27.2323891412916,61.94311574172495,23.52770975785461,1021.3266575788036,0,32.4525609488818
24.451059993837138,82.33362550135044,15.14265803623806,997.0799154288135,1,19.075474773018993
27.85554074857657,64.64189275857075,15.30053486965802,1017.5200536858245,0,24.988098200801918
30.211224283793385,69.97766389536426,5.378627937824064,995.8625642587076,1,25.836646830842426
31.45215585950057,53.157026977455224,7.079890288774886,1008.3314458960008,0,30.629768268230546
30.556044660034484,63.90153850845204,8.399221600435805,1009.3621547039013,1,29.247981965492276
25.89580681255249,70.74957409212857,15.371690185233517,1005.2988089276824,1,24.45353729237139
23.026615796926738,48.43080542247337,15.623085815845398,1009.511480028088,0,28.595017195142148
23.48726716346488,58.45011400214024,27.35274130819236,1023.3256172036055,0,19.890041210552237
23.05091719647319,58.83139762005023,18.080441343502674,1005.8604708784045,0,22.744353857321858
36.337700968670646,76.5280663466105,0.0,1018.4514087951054,1,37.35350470763285
30.93556722280862,38.67935656744639,17.101135902973525,1003.343503603927,0,27.994939436592187
-4.403886346642803,58.96915582784697,3.399869150659738,1011.1050042360787,0,-2.9441164029029956
31.559007765297608,98.24010938105394,7.2722326031077085,1016.2383926632745,1,30.359576281637686
26.947361947187748,83.28120305171875,8.50264422618936,1003.0347158338144,1,28.070289145757314
24.812912435541026,86.9835809777741,9.693293411901585,999.8827956708931,1,24.48891468096407
21.114815469111143,60.48863680356068,3.9988048636775755,1017.9187815057888,0,14.96322179241223
36.24112719986013,66.41995127372046,16.6278560276183,1024.2308039934064,0,40.15942333815735
34.475264621228575,80.0447233340585,3.7135817192723266,1012.2093498051263,1,40.68663956729079
17.27122332176391,91.20511059061862,17.853340857998774,1008.4268709344329,1,16.74096077595947
29.070522871245352,20.96794174234227,32.89576861649304,1014.5567538768838,0,26.37666671564554
15.28343265458714,33.69117385900309,4.3651275285274895,1013.5547991876538,0,19.801470818114204
11.203818352110694,86.18888202805296,12.723917565286223,1015.4290254071125,0,16.874967060713107
18.73282775410035,54.46221288462393,0.0,987.7175489968629,1,18.226441519330358
33.62393472382759,46.56558421483845,12.592517656238934,1002.3089570883403,1,32.96789287816605
34.53125045376087,34.91678026008792,20.14173722105187,1004.5476989456315,1,34.29151716074637
30.13085420097293,48.89966596911781,20.765113850858135,1014.5086762851156,1,25.107207533237016
32.25095786847997,31.952614331523502,15.618909842272773,1014.8587788362227,0,31.377580232400287
30.161782871149583,100.0,22.114107398071805,1019.3618048868403,1,35.306608533797316
18.585184047770476,59.55127896038853,35.36843628754234,1015.5758174921044,1,18.079118065458793
29.319225446739406,58.84098916474565,28.698437499500795,999.9926492961266,1,26.19912186312279
33.00409525227683,71.76153350335663,10.819832564722905,1027.4700461758507,0,34.494152110190264
32.542913298135744,79.2469033853314,3.3911681082660916,1025.7191830342238,1,30.541316902653406
36.88913371474643,78.91776313109278,11.750788667409571,1000.4180270997307,1,36.68977734374265
32.083038472010635,81.47243887815144,7.424137875061215,1016.3270529437418,0,28.276492130368798
28.514482075415827,47.383088984182876,18.61078038291706,1007.0457561475698,0,25.404609591855632
35.701502383164275,54.04266390086278,5.550451684564015,1014.3886398920055,1,37.91448014775505
24.734787407509398,75.38063310884552,14.417420539277263,1023.5331027964187,0,25.082387745712662
16.18125348772282,49.4522187672076,21.704112436290483,1034.3010426632095,0,13.85308132719437
23.369330360562362,59.897867359455496,14.194433017462584,1020.5127770514262,0,23.72793575147707
17.55097355193551,67.97527528849629,7.429489418017629,1015.9493473511013,0,15.729533425753733
18.248217250256182,75.70370164620752,24.398512460685534,1009.601788316917,0,15.896936742145673
23.554813292844823,24.446380752595978,0.0,1014.8213487101118,0,27.04691648458974
17.075800790000386,74.29491299777891,12.377639552980295,1026.5977189332832,1,19.424433449566703
21.920384703609596,55.325518842965494,14.666719812949323,1012.5529124324041,0,21.85656615471631
6.063853330462145,74.14915421728762,15.127269267197049,1004.1388734865235,1,6.496865342211255
27.132937073729387,75.53863384709658,16.44396844862465,996.8031013448337,1,27.107743021726357
25.01205475362224,92.15830122238316,19.883518558475945,1018.1304786741025,1,26.473082531142857
16.829113689318092,87.06907295242407,14.716740487637193,1015.4728812562774,1,14.43060871395101
31.59245668432405,86.93143325220592,12.055533742850555,1006.540918267377,1,34.17997088442998
34.37570137626558,88.87340638332476,11.739285242722435,1023.260141257073,0,35.43639888993802
8.924401356310259,65.82757969631892,10.107873583693163,1008.7822313561237,0,8.135232342641604
17.372752214337858,60.643701740736795,21.300346594614922,1011.6535590817521,1,15.909418119812232
17.308576502127018,77.45634166356669,9.827772164187884,1012.8333586670205,0,19.831969327427444
15.600968988911353,74.64161902866044,21.774168872065957,1009.4904725786191,1,15.149510040461035
33.294748419317486,53.818675265234795,15.151992658078967,1015.3586506574957,0,31.198069131827975
23.061738612271967,68.09646817616536,10.829961545150963,1024.51515145933,0,21.908029311348997
22.354851586893894,59.29807066430811,19.94725772595308,1001.5751810188158,1,24.662465533561374
4.961376355932465,42.92134183079888,9.180368602215054,1017.8852013847401,0,0.1297167521943443
31.354180302092264,85.809214827527,20.1054723258257,1014.7215866960644,0,30.287953585350845
12.607416051465275,61.10398485060178,16.70180896953428,1014.5376382954471,0,15.819164060492568
25.599326302663282,100.0,10.229402487264634,1021.7184456987409,1,25.094675986353508
27.773769379581918,27.49015459600335,19.229078522676474,1013.4929742521716,0,28.59221957641544
38.60658595838651,48.86442454313267,19.37271780550911,1017.8022926190571,0,41.866892851998095
11.91179600880888,60.652776733817426,24.26015684647966,1020.1586462957115,0,14.58878496900039
-5.195121558208253,82.74762195257829,22.72917609927437,1007.9563479961939,0,-6.515297877328019
26.83849544753695,67.9893874520437,18.93019216581026,1015.991834608138,0,26.44731479092544
43.005111815108535,66.20945508361503,5.9792723903298945,1010.4921239278937,0,45.71940352029557
37.38946352939438,37.45472414891706,34.588695905392456,1011.6731822028011,1,40.20787199124607
27.096594152746256,36.86117205541058,3.771070311425518,1009.7793860352167,0,26.832443776801433
20.083638143679526,66.4500932057981,22.59410539425847,1017.7108040409688,0,19.923001186802246
33.071225966373106,32.71788012363283,18.45027053509039,1013.8164470901826,0,33.87427704997466
15.264538002955314,49.362444994213426,5.606861020151083,1016.9454403431668,0,19.365240073007193
29.76357769356219,70.01834658171715,14.005592488972006,1012.8248263710425,1,32.966276055536056
30.05470159166627,40.35351455446448,14.369976910042876,996.9587898752967,1,32.13486170306332
35.6020990749888,92.10711924723613,25.44466172648419,1013.3136841609971,1,32.366091246797126
52.596600389110776,84.4787268847578,9.293512797758307,1013.6353795515681,1,51.77210016946601
28.92415967178767,28.57160003323399,12.90443994860517,1015.4259593715346,0,28.25729965071796
19.910363742925014,41.35257513636026,0.0,1007.0627080631426,0,24.165818840735433
24.744256878080055,14.284455110101,28.87810234498862,1001.0453028333449,0,24.02766370454114
7.309240951108819,44.34817274903733,6.436254055839431,1019.2460664489428,0,11.06956942034166
18.052868689109417,75.32776953144798,17.6152869139134,1010.2639344346583,0,16.340772677516163
20.907175618868962,51.722101154502866,14.188737362225089,1014.7124404768499,0,19.434523745886686
19.759116020654076,69.21594487231935,14.21599226573328,1010.1853992011171,1,21.2034783380935
26.52354872033722,29.553313634365118,21.478895878967002,1012.939381742264,0,31.227988837052493
16.775800676177994,75.9595050916381,28.37009968242908,1008.5071465206419,0,16.140469288374362
36.210306673244716,48.897815441433,17.011949359535933,1003.3191641084617,1,28.522003087661123
25.00207064918197,60.2433936456581,20.240624141044208,1017.7373166076866,0,20.309520442165308
24.906996788613856,58.142509972138946,17.63113229381633,1006.9687991177389,1,25.800881457107227
21.72105283487082,34.56902958215432,23.140251391445013,1014.6395148089481,0,17.296664754525516
26.55190683858979,36.93831336520435,11.296668964109383,1017.1046022190208,0,23.955218359400554
33.25098264667635,79.35588938006852,23.60312443533131,1007.1318728439692,1,33.28800849859112
16.328697842890996,67.97984315003391,23.88399892517907,1000.9611436562701,1,8.980596105651614
18.418835109247432,81.00098083106853,23.66029606946328,1037.2608561385305,0,17.27965774127107
21.962739712233354,66.49316471005037,9.718817061308192,1007.7222812405457,1,18.468314038652547
11.541290765267851,62.85981269618433,13.653298926102472,1019.2341715860116,0,7.043751611565599
16.807421402785025,25.479787626664667,16.91573591024348,1032.3946354957013,0,14.400868085130844
20.237791264553408,54.59266606477661,4.033263641367954,1020.899077468539,0,17.030164489345115
33.74389180712728,59.45231359192512,27.759361664688118,1009.9955719117245,0,35.15233246110419
27.62561329001925,99.06214396545148,14.901787731982592,1012.3288361246489,1,31.2151936500679
26.935899113675443,73.73913264197354,17.271423100837772,1004.6739278026115,1,25.842618558842254
33.50897962167972,90.72122363419057,10.383964482182376,1021.8169642695774,1,31.72060228453921
23.626282116006035,71.95075411789456,4.384979525063818,1018.6627070805869,1,22.38366711253234
28.904648499288896,45.77393546101041,10.167760916201832,1007.8557418173825,0,25.58008717547351
23.967782470675036,62.342484322997024,16.75363350106871,1002.5782519290156,1,20.101556783816
27.653623493996285,64.72447292528466,20.38743050202955,999.7876626233631,1,22.716960135316274
19.17241342388418,41.216888604586366,16.29433232482176,1022.865140038042,0,15.183850548929659
0.61182841723571,52.31225246814158,17.773792129935604,1014.2037312895557,0,5.507801438573598
23.657208378136957,55.88466012645656,12.303789002548987,1015.1498453633275,0,21.585945272046583
39.227481360999406,92.11239665130236,18.969988529963423,1004.7705137413765,1,30.402595945708118
34.26215402241593,18.38518949218043,26.862662931087257,998.364968966956,0,32.500983206972904
34.653974845911705,84.11636841432086,20.638315539511893,1022.6261357471163,0,29.88273123562924
37.36130721806218,41.26409530081234,21.476335106023523,1013.4203903699723,0,37.53976203805367
25.886575909614375,32.55841625460772,17.352131194453047,1022.0723466005762,0,25.74151494390336
26.973157074055955,83.59884260076927,2.974759443203185,1009.1406687348443,1,27.14081398713212
18.8234810456565,74.63796138468763,6.642667754950054,1010.6318215696314,1,18.701302809420945
21.8392714397295,85.0903740476238,18.639006405310745,1020.1329817662063,1,20.721140525870254
31.157711497711418,76.01403895091153,14.912487584319313,1020.3234807965052,0,26.79002313309146
37.038844371688164,100.0,18.518743091782625,1020.9756562268595,1,36.814882155773894
23.605537243190003,71.17447673888971,28.41138734275259,1010.047987468973,1,26.662311010597087
20.498107351485885,56.87045247753683,20.808287993834668,1019.1454723765087,0,25.939126602871497
25.005279588565973,66.85852754642686,25.07108964594257,1024.0909946547672,0,24.291305606647953
31.012067489291148,84.86938256691927,15.757451115765841,1011.9522798831847,1,30.623237653440093
10.561451838664581,44.41249349479766,8.54227458012448,1007.8651163622594,0,12.062733375931261
2.0381904686276187,46.96222834937238,14.537070726285272,1026.4274760331677,0,6.517915147043932
19.494631505084165,53.820799708041854,8.561985490246897,1006.455542664487,0,18.035741673570524
12.792875740858413,17.908344024693356,27.466359654179584,1019.2947649711448,0,14.870829691709426
19.91859802352689,62.761568168350934,21.323128612283757,1012.4157768948014,0,17.450140226953724
23.522196811825285,22.277425920979475,19.164099973026236,994.5843438351544,0,24.511743782621792
20.467515909769865,61.061186258652384,24.887545617824827,1024.2859406747857,0,23.379328439624977
39.524675344707454,77.30579512270499,0.0,985.4214637045263,1,35.65209352506406
28.2674476460232,50.46247078712329,19.705103610741276,993.1587193324239,1,26.692013479968548
28.004743596108284,93.54231740373743,4.514833725565019,1018.2733007948067,1,30.86909288619329
31.22207144043402,30.789982011630244,14.941954412274711,1018.2707119867812,0,33.07055513197841
13.611668822192309,83.82521363263665,12.506339260262283,1006.6242014212246,1,16.719507243136874
35.391117874202685,73.50274112813841,20.29389289677558,1014.4782209030325,1,37.93643681356488
24.242357134645403,25.679335033786217,16.825498311687642,987.6856995422199,1,23.219046550895285
31.704806172412127,100.0,25.760937388894305,1020.069754644706,1,38.3023766175962
14.281427669598445,58.725094289920676,10.184822712539091,1015.4972548705359,0,14.692157641858628
9.462412339839357,42.450319556887365,20.67291511706627,1012.543571466662,0,0.29528549240675517
33.17889658025029,31.85825610431966,16.297785735190654,1013.2084148213777,0,32.33185746311839
28.764095260975168,55.59963944680652,1.9176778394275793,1017.9325417619303,0,27.35658148997718
15.979484456424895,57.45186255220081,7.651068331815739,1012.7109847650214,0,18.365231958526728
16.303369187253054,62.05291057079329,13.800975731822653,994.2594449726878,1,14.949813241658662
36.254347844147695,54.044076875520794,23.89833959913382,1034.9633223452252,0,39.551257831605106
13.10588107132672,72.66450620230187,18.709784460456916,1025.0080081942845,0,14.780179188546844
41.426729532559634,52.24740334673507,5.659993408954286,1000.1505533804517,0,38.42645814814945
15.993792653521313,21.30071765519058,13.877470175622722,1009.5486276952341,0,15.572672646687037
31.38391925608383,57.012770087007176,31.14245159034424,1010.6396580984396,0,29.057318923257625
21.713815242510154,12.650446932534436,15.889786678726864,1023.7884956650896,0,22.268091183071164
31.031874310823433,67.0754126178278,12.381395399420834,991.4073106468023,1,28.68740170911807
19.558859978858074,40.413995394347296,18.933917126049764,1008.0099173557021,0,19.782165670385258
23.37207093927706,63.26720709831601,21.10714463665576,995.393635566625,1,22.555153686305825
25.409191753957213,86.28149963049208,11.350653220159527,1010.1490448417167,1,24.95252198991774
14.978125442185274,41.02502609464,19.020598194971498,1008.2749910691509,0,21.130946581579572
32.408243454201255,81.22512517024236,12.368884026633527,1013.7969406738271,1,31.32678777407964
19.867864335284146,51.332208666276934,20.75462081463551,1006.9512560099082,0,14.064565072432575
22.714000846599813,95.06389604131171,16.35754526377027,1005.4897660860947,1,25.761479280802856
15.056506253914877,52.69694773603573,18.855742616423136,1019.1965669176315,0,18.0803739593209
-0.623336587953105,43.19014028986617,8.926531630659966,1017.5467274094258,0,-6.560157109343583
23.08972237399831,73.74476900790577,8.429708927417126,1018.5139834277825,0,20.987023510374108
49.12615421612916,51.28420540752728,22.563978437275157,1011.2309990950915,1,50.43358588666873
32.84604287898024,43.171009717419835,14.36482894891605,1007.2826141777481,1,34.418652662631445
24.807396202656054,50.443202985924174,17.280277936794892,1011.8114751797923,0,24.793224912297894
22.371091707917323,59.107869356339975,12.548836583307843,1018.0116207006845,0,22.424567844717178
25.224658928120462,86.84360262489707,22.189814192109154,991.2322029902815,1,22.40889530887091
30.4711911517521,21.31824509080846,10.137520159762738,1016.9411193037085,0,23.27164501138504
13.191871846911551,60.46161317900842,13.915190080792938,1016.0913818733479,0,19.340393801462163
36.143216946688725,72.49807189308086,21.287942501625054,1013.6215090608573,1,33.23721511356858
32.15381315441244,63.86897149983592,24.383741593314127,1011.5068657812833,1,32.68333022460589
32.18185725707934,86.19730338867069,10.809925671786534,987.3388061406758,1,31.705313270101335
29.384757388097274,58.51309340482951,30.677471855647063,1008.6014673689959,1,32.07635004491791
25.1961665769399,56.308971156281096,17.50593354954893,1030.8943871107738,0,25.540858217386372
31.728612359668197,71.84659094026686,6.656573905530099,1013.129012955683,1,32.188935218944195
30.91814133741378,61.98627629902699,17.952416388719744,1009.9271016132528,0,23.015186593386993
21.45959289058976,52.19182523439058,11.936006284132338,1013.1690619559012,0,18.959575672963002
19.26398227103099,70.3228807917276,18.472547897465414,1016.54772868628,0,21.497881410827983
26.018562952619867,46.9494341356671,14.657150018717296,1019.5882024468947,0,27.982567627835653
40.49020151495188,47.776456959613455,15.594189521521159,1010.7111983684206,1,37.63524304410024
12.608929243460992,49.44011956468773,7.707252987310833,1017.2491960239369,0,7.874843495297625
10.3247473424756,87.06138320332815,22.92048984573088,1029.7665080276136,0,10.704485262644392
26.647608412365166,0.0,5.750981062791743,1023.0625079943271,0,17.92728626597772
25.50887701856018,67.91197669525884,6.129880836760039,1036.4030021585697,0,22.062854261546892
26.733416643704082,60.685436284004446,17.938882793179893,1006.4322964164828,0,32.01389986917001
27.439531979085004,26.38259081523759,27.82275397742376,1029.7618950750202,0,31.77473396570631
22.767977453651948,66.19453558272005,12.179255223484741,1005.0932636007741,1,24.229725529947384
39.898634386020824,69.51503983663063,20.607778581631727,1016.5356614674047,0,40.820643329464595
8.990960215234843,71.792784627148,23.58672141490836,1020.324765292381,1,3.140447861661646
16.715029752197538,6.963438739101022,21.517475498352553,1007.8922280809553,0,14.493028042250188
23.967452398509526,87.32778823708877,12.510333686610549,1013.8796427747427,1,23.0819466046122
8.568111888458326,45.24526590630318,6.271626262447404,1022.1046110245184,0,6.409870639954759
23.24145595567929,73.73135493506352,0.0,1005.8972910168809,0,22.190725950955695
41.61470165728018,74.82147561364572,12.897276004300855,1029.6938345954766,0,45.51237493031906
25.208864882959617,42.466058287614146,24.424698948497397,999.1540337527265,0,23.58339569914565
27.307009057186836,73.209199047031,6.006672121904527,1032.396914427284,0,26.28419151551654
12.398352348274198,52.29013518175284,20.601678780150124,1023.0132613479959,0,14.616946208325452
18.836385919605227,18.572456413236857,7.398779759585023,1012.1027442367222,0,14.577958763796818
21.24803619676063,83.35483851055558,15.848580611094706,1008.9733178876327,0,18.72742246024409
21.82284903243766,44.4991007396752,20.662332913240142,1007.9297173720897,1,19.60968126916713
37.81643795003769,42.91013074523892,9.724036505292577,1011.6420435974298,0,37.98321438969293
30.576910607251246,51.93868263926556,16.363877445575312,1012.5150413845117,0,29.54202440477025
13.88542043062968,65.44473450654776,11.67926930619737,1025.5522624663458,0,12.945397702588277
27.46504778432005,58.85459178355796,20.641189271505414,1032.6865410038458,0,25.470485823012563
29.98221748496785,70.9613384941434,16.882537347877097,1014.9937992065401,1,26.76972670432359
36.40149038521267,33.210212669426824,15.45206139543414,1004.543715120106,0,38.2289191578444
40.805406865683736,45.152272591385305,27.46679968113582,1007.5427395936381,0,39.791994508796975
14.849058081721314,57.68005855356933,20.298449138946417,1011.1690921538872,1,16.706115022163434
16.89142488789662,97.95774585317412,9.477185070989687,1002.6987789470322,1,13.556542896453177
12.424221410853837,57.72374923172484,14.313088793617904,1001.2105859789262,1,10.42849493760491
22.659801408930186,81.70444527323264,14.392809719362713,1033.9712721237302,0,21.996252325389886
29.663583744463345,60.77110337568635,15.642556581001696,1016.0261352594625,0,29.27998263401471
34.87334516589102,50.32682725124863,35.196074212859955,1004.6686686631965,0,37.136451343687646
24.24048976357477,55.06551151771119,17.966815141687974,1021.1660357035771,0,22.948961894797698
21.80152476745156,56.63160575942238,0.0,1001.2165387519316,1,24.041751495884185
26.517579922487403,72.07291477921477,10.65760822626428,1002.0398795212894,1,27.642411948166487
16.64857098369977,87.49222535153109,0.0,1004.9695759893575,0,16.32801315345092
45.89538721694773,67.19361695372642,12.361613943633282,1029.5451328086504,0,43.041490827458176
8.923389728819412,83.74155357483511,0.0,1010.4711993422162,0,11.194015525209373
26.847405788957246,40.70420524740629,8.027276231452575,988.5829301309751,1,24.068393387016293
45.236062192296394,51.70738982371939,2.834227762927041,1025.1006593317559,0,45.17222105182456
25.06799844559998,45.513949315846666,18.07328142373982,1009.9361863583764,0,24.90617711679174
23.099609649985055,66.28889181749705,15.004314901031028,994.5059199412159,0,22.478324222133207
21.425545771895727,52.82083229641172,17.42369845998985,1009.833165120366,0,20.257586602939785
23.196083182375922,74.59545874068391,14.16358889145179,1018.2100389660491,0,20.72985309749091
38.728484746765304,41.379965767351166,3.8456179983646575,1017.0404916653297,0,33.87767543465507
2.8813808867049318,60.86061946642563,19.10817095403788,1030.9841497916482,0,7.092795085225987
40.33433701296325,73.73715822024512,30.377796482155624,1004.4723213743007,1,38.8591666201915
10.76042847549855,18.693944499187793,18.273700628852374,1013.4672012026497,0,10.376092190146142
22.33347670765585,100.0,11.592603205459472,1006.0043072142158,1,21.93079455585403
20.70755579701338,54.33696230240248,3.5754625911564393,997.5780710581278,1,23.994368808699626
30.8855326977072,19.499201726476542,7.735464233920277,1021.8552737230596,0,36.68511536226012
9.018756481162525,63.16187797153572,18.62431725257647,1017.6326956914752,0,9.498298739928584
29.621726660819427,60.66886935946302,23.584944214395,1015.8367844969886,0,29.150718655448674
45.243096232868524,58.36211240855014,17.08692939777581,1017.2679019325865,0,41.87272521139029
11.368259954071895,79.82382225853333,21.39909831764787,1006.1452714731158,0,7.037494605833601
26.897061676103956,74.94889942854113,20.661425952217943,1002.9430491268181,1,21.575136887171652
18.38017822203391,65.95752382047691,19.05227513108734,1013.3764737216936,0,15.992643343463504
29.258872061930358,69.00311267893295,9.732211237909953,1024.6121140241162,1,22.986307669991014
25.19147777415752,57.91283101123827,16.39138809580122,1029.0807713545355,0,28.427967635377854
18.585130909556902,95.50981698480096,8.212977568942893,1020.9543270680743,0,19.854419641537177
29.87872284871074,30.416079632844667,15.139431623664814,1013.291744267681,0,29.1238013046564
43.04348109786743,62.79303348431793,17.646908248535297,1015.6978392939993,0,46.371633040149796
23.090962082727014,61.300492623775604,28.43027045909484,1013.1159385932538,0,19.87749385051719
32.19757942148182,76.26560812129186,4.522144205058943,1002.7405666030057,1,29.737636255388153
12.067270421288363,43.12292245150201,18.852061047930444,1013.2464737821055,0,6.265890580383129
15.435636231819913,25.12654795206928,26.849892732988756,999.651731824115,0,17.75869731688055
29.724062778803773,63.13646032196387,21.07078212671037,1011.7592277389696,0,27.293038919875954
39.84116028535965,65.62460984437209,21.663563542600333,1029.3610511059633,0,39.88824712518712
28.5561334878566,89.79198818895298,19.7015592149425,1021.2285922278335,0,31.56386268958063
21.869419694768457,34.59275907349827,25.386675918203334,1003.7688081576347,0,25.98197196126672
24.99291405423354,83.0938753343344,6.300174655101056,1012.2757093035772,1,24.90547499976183
12.495922660302824,100.0,3.912586672238028,1004.6562368824526,1,13.648634969116893
31.04515326355367,52.44470224955046,14.949326876277953,1012.3748623182279,0,28.333602525422688
33.82333062323409,34.18115561013552,0.0,1023.4110781652456,0,38.87345065225669
20.479096671669197,51.86051267253258,24.84516643342409,1019.5300793830991,0,19.980644990771097
20.299578522404985,60.280099347427615,24.76572156396353,1037.8414408074534,0,20.540433378009347
27.658782296520485,71.2757575001383,11.53319555932379,1024.9247740250757,1,26.438223079730808
20.632802639594047,48.17210540323905,12.033835226715922,1015.040003810777,1,24.230549634835317
24.338673853741774,91.10397068294684,14.421220198794629,1019.771499741333,1,24.937455622991344
45.99721789166516,37.709353699838765,15.416165203516957,1010.9755682581666,0,48.28002162390603
22.529742992540033,25.215896956544,16.017391353554284,1001.724957529135,0,23.59161741247668
21.41659847978778,82.13420848574634,19.465856855026423,1026.057765782875,0,20.755370330139765
18.524581943648407,14.507579375876006,13.618989175932175,1023.0899147693165,0,21.31298762754718
32.441919714999365,55.917404622545675,22.54554642782235,1010.5894578540604,1,33.47786829872551
23.18775826781897,100.0,18.567582217002425,1015.7393573693134,1,20.30482108527727
18.50626961678574,59.75912894080137,10.144292433018915,1025.409391873848,0,15.538635465357599
38.21304032273012,37.58464698607501,25.68090134243278,1021.4635142620602,0,38.65952050982503
39.19603004513637,58.852050724264124,4.133944111020105,998.368987487503,1,41.91840375229925
18.99576434261295,58.98398422760933,14.262673513428188,1015.4362002148982,0,23.91402598813216
6.334600486393839,63.212998807062334,22.735339208603744,1011.3236847451163,0,1.0029601136514312
35.07513689836922,73.2452596431924,9.215415160702843,1024.1300069913868,0,35.152116445665385
18.15370174239996,39.21777663264521,17.47644517413721,1023.3104273878266,0,19.62264472892495
32.90625599162769,93.75096110473586,19.346716775992384,1026.1860782817805,1,33.79326339661198
5.298961822881644,64.90228568745236,8.115809056150088,1001.821056612798,0,8.326943137982772
33.92597338299309,74.53588092803608,14.420178243247719,1005.1588846594376,1,35.8925753124676
12.888280707192187,47.43701200488715,13.74796935832632,1024.1408243613544,0,9.931780156451168
32.307641190665244,85.72764273991066,10.586097185341657,1007.0835418465756,1,29.263266124593052
25.14273067836434,54.85895182373871,33.4133988164062,997.7856701908569,1,26.080095246819514
15.460605806033552,65.55105026987063,8.895149172436195,1018.3259648761407,0,18.432122079301127
20.929636870732196,41.33787845625781,23.039442352543066,1007.5278155973402,0,21.359889529590284
31.863184569567007,40.06136747195747,11.857591864950864,1030.897907703084,0,27.129385360862173
26.058944531152342,73.76410612905765,6.306910488917746,1015.9618455398846,0,22.917430285203523
30.844129804724844,51.12786339585228,15.822513945240551,1014.6025928664167,0,32.918677372320836
44.764405845154855,42.923538249912454,20.192747075100005,1009.3075610838424,0,43.718470572403454
9.357583882889486,47.13633315945939,22.36407660052543,1028.9083533392698,0,9.71145579249935
41.17212574968624,73.97906143434842,27.498120885240553,1016.5855445988982,1,44.36837986714151
26.043559375232128,47.419242775927785,38.5619703194808,1008.915004818438,0,22.43693223237226
16.01215951676872,57.646901367956715,17.004113630044777,1005.0591629339456,1,14.769431549062856
11.696863742610102,60.30055500574194,9.695262609396897,1012.2652694543578,1,10.12824530248827
23.108796092229664,21.653022279794023,18.62299461435913,1003.223531628452,0,24.175003701813264
34.2165011192446,30.57747189252964,12.870296396748067,1023.2887744167895,0,36.53516565406058
23.724508796224658,66.72555778495125,22.407729038817838,994.9165794597577,1,19.28370642552831
40.11154930247348,45.25941277694606,4.622685629074226,1011.6048597166692,0,40.09494022497467
10.48824309948441,81.13449822560837,33.9466763392035,1019.1013354508793,0,13.096230411623045
24.879110521539456,79.33614208501089,21.8483847582041,1016.4211942010966,0,19.31475116715695
12.476065555868809,74.38337332710874,1.5279678576306832,1005.8271702698434,0,12.282888231549988
28.636318826249678,96.39543574625195,9.327768781480223,1019.6025870670655,1,24.988965503899994
33.868873900973,58.33821344513634,21.52864835291151,1004.139606116141,0,31.944173190324403
20.792382063189468,72.97763851807679,24.410752449371635,1012.7761534350319,1,13.277278294744901
-1.0421385662713405,48.311980468079376,4.8220989821442934,1019.5184157198036,0,3.13606378999374
26.989481467964946,100.0,20.70420680346359,1017.6291277949312,1,25.92199408575441
29.367385517335094,99.67267304872038,0.0,1006.2496098858053,1,26.94580992522735
29.042947549616976,60.23760869035584,14.285313076231633,1024.9749451656437,0,30.027748685988428
37.35782191822154,67.73172459810384,23.89637473682565,1013.8669457148553,0,34.23089122015979
14.289463203509511,87.18595198729611,10.587874159176156,1020.4299541093915,0,10.87772961686563
31.802161054504495,57.05720990371786,2.9446216068958915,1028.2910100667325,0,36.33314856394568
36.92507512477975,46.86751858400591,16.169718371020473,1024.175205487746,0,42.351064209760146
7.214124159934833,77.47979502013766,10.162249066916175,1024.2012940633103,0,5.437933143087387
28.196518259189773,61.568784921673405,20.036466928526686,1014.9267992984948,0,31.398582388938312
19.958201689923285,63.65988899290521,7.917388542255517,1020.9393512091051,0,21.026323021887546
24.18477326898354,43.31457313864069,8.818904882775197,1015.1359657456431,0,19.943279393852492
28.476764835383364,25.646557032732076,0.0,1000.9067553222159,0,25.692369153834008
20.127714358864477,64.72284819758202,16.35955768841186,1016.0274379250504,0,24.781013756455284
18.24291920838388,78.099240829884,13.71276049378721,1015.5636098373847,0,13.962534109911351
25.341524174880245,55.483865018479165,5.492922634079433,1018.8372936152182,0,32.184522189104825
14.127540611371973,88.72859039117733,16.550389710136734,1011.720030247866,1,12.413454083636635
14.141748711148146,45.921673491689106,23.216562405153113,1005.3854444323615,0,18.884193430027846
31.793732829565034,38.905910900681604,13.2754564526484,1019.5650608317522,0,30.87704144563652
13.51205964841344,58.655393856077374,17.14533559857579,999.8672771274776,1,15.911770422916893
31.66312500909212,58.34814849297419,17.186489996681313,1027.5881913585647,0,35.848224429454184
29.625912928539513,75.39937462670446,5.365361382568317,1010.6858193879501,1,33.79577438158254
7.741932712094034,44.500743518720306,31.452686565660766,1015.4552817205616,0,5.988836119715123
18.22435347664345,87.36188473629795,11.233201359021729,1018.5855815328157,1,15.652189176946072
36.94109403047372,99.33833925016506,20.248929614882165,1018.9068804484419,1,36.69745800122032
15.188344688603184,59.217119460633164,21.153722217832396,998.9101570004826,0,11.28690582550125
20.355957376906122,84.99420840368637,13.883238983073985,1021.2408658054426,0,21.0737499037378
29.620608932518966,38.870058587494796,19.85436020047708,1016.0315382837628,0,27.15821897568642
32.83390509282596,81.50443082363832,16.966553774531114,1006.6473861544139,1,36.08203441345471
22.484611139555042,80.94552817118925,3.658881942180752,1005.5033304905409,1,20.774273890900627
19.024898053083582,77.26874560379757,12.341818389999293,1009.6594691794315,1,13.79812114464352
39.223698616985075,59.68873822259412,10.099592781167505,1000.0125831338951,1,43.426442945492965
42.388996637975794,0.9150211751593744,11.306039669230984,1030.2226739098703,0,42.93910064797139
34.788580507817954,47.16545712695741,4.567974577306897,1027.8615132514335,0,34.87598517907817
25.85318142565024,47.48167964630796,24.01146973396824,1017.5170020097594,0,29.13636578048887
16.917342783590737,40.43490123879045,27.815941236907303,1010.7660158365791,0,19.532072290485207
16.695555934434346,62.444860090941326,22.82402380798727,1011.028920120626,0,14.409995302403068
30.225141052657577,51.62073108957531,25.164233793177143,1020.5806570617397,0,28.875796234579095
29.18398220888684,43.50775980469956,12.24292130393475,1030.5782689950195,0,25.845116458708823
39.01598592946429,38.823997035043604,9.909945320111708,1007.2960326040326,0,34.62262976408985
31.50450092536139,45.689740290295425,8.771303625506308,1001.8241395737667,0,33.24027853010756
9.96919698240182,82.42998423699856,20.152519383657783,1028.4764077359528,0,11.145749912526865
35.51947617722919,46.77949890745012,16.816504425153198,995.1286141241554,0,37.80196381179674
15.01939372685587,49.70122587133455,14.382226307212594,1002.9146919174735,0,18.864210051343697
21.160287280476485,50.86604769953507,25.361188353562746,1010.5314210748915,1,23.4837116652535
27.502002062516944,66.77987027618839,18.239530830522746,997.3956653219497,1,30.092380491432717
44.95667489783965,69.12498977057065,8.290738899835322,1024.1214906280659,0,38.72279112332323
56.09918556005361,0.0,9.552729366914441,1021.569052705051,0,55.17822983427863
31.067230591361827,80.43270427655216,20.455946394033163,1007.2520677278468,1,33.96096007537179
23.16803381279612,88.72736068487508,23.333862821236778,1025.7961411917775,0,19.66340760418047
30.345056484805504,38.99626925276661,19.413441858047754,1027.4929242840383,0,30.620070633318793
33.87655425873836,40.554035105303306,30.17510998297665,1011.8682935170993,0,35.43494758057888
21.793323744428083,50.99493224443457,28.08005732585135,1008.49331822432,1,23.121884225943543
42.95211355912322,44.8799196108679,18.528286678806104,1035.5960202774247,0,44.05850248299812
27.30070759191402,64.47853747893213,8.291354724147983,1020.2116182208415,0,29.097445749050745
29.977430890913944,21.069494272822716,4.520099906145859,1015.5632465296885,0,30.5196625756986
31.659242520544613,37.641447839265204,11.900946039882282,1026.635459466396,0,27.270457898371575
29.215866106144556,90.78394400349815,21.025707571329256,1016.0193063500302,1,30.736732712355035
33.38940500469612,41.43560065303964,29.613176634495503,1007.9437941408081,1,34.24364468635736
18.82746813453077,84.8685655620585,18.339576275286397,1013.8015976048755,1,14.478222781964408
19.416982460539693,67.10676391180274,24.349782353849893,1023.3865428731973,0,23.556188093799406
13.99845767028305,23.814645708234835,13.03754011049758,993.0781443365079,0,15.599970769527172
29.395012306202265,72.70658390432412,19.9821530018204,1010.1196926056078,0,25.25396734326989
32.78936503512114,57.646653956142934,21.58685463581738,1026.830573985816,1,30.337689543204693
29.577728661518858,50.89065887500519,0.0,1007.8813159890648,0,27.885572536280318
41.744924333475375,64.89914186344008,11.692489580987917,1028.4610856043141,1,40.05063401707343
24.944039811709533,69.49266971133585,22.59760307422296,1027.1474381935982,0,25.82319037816486
31.687416555925125,74.1518364394924,17.19574668509252,1012.3447088451105,1,28.75836130275034
14.082991238606857,83.56505695096004,5.427879614792536,1007.31460695111,1,17.46740147997266
21.12900297525599,68.16271825556713,0.0,1010.1264112585037,0,24.266413329359963
31.955377575657774,32.48731822427276,12.07375403758395,1039.6461449200144,0,33.81332950445654
33.491021107431436,50.52709084697618,14.427314456848968,1031.7442444693324,0,33.623746433612986
22.06033052335818,100.0,7.928616401373237,1014.2539097180673,1,24.87267306881279
24.28400748141933,74.48982120763455,16.144679496223954,1006.9184644837959,1,23.456164313007303
9.821262533191906,100.0,19.051093977863157,1014.1704103558126,0,7.647795949042278
21.429707991933906,87.9086816439837,20.365497365809862,1015.4382692661676,1,25.00003692879313
33.90383163519786,64.83604143111498,0.0,1000.5664126239064,1,34.85645990625489
30.75205016106566,66.02814139562236,4.485719217535038,1013.8004126921526,0,28.699877239321488
30.006657213812097,59.26839920246309,12.563018813162115,1026.2240432481174,1,28.75343011268736
25.4977368718096,25.243907683070013,19.577385048299707,995.0064331878352,0,23.288452920513798
25.070631586281763,60.36094504936449,18.913872108400284,1021.2658396513725,0,31.137156162767578
18.396788605265527,84.21349105084394,18.774959583013406,1026.7479797005478,0,18.4090839176171
31.988284202025348,48.007200103575926,11.932656464248545,1007.3944265490563,0,32.46159813578635
29.2097294438939,68.2390599812362,12.378932501520314,1029.9417575819107,0,31.37338658747972
29.920188479927994,77.03182091786394,9.173365852626073,1006.0966293755165,1,26.274105532106976
19.739651573324196,41.80639121375049,21.145553024846784,1017.410826618604,0,23.029293372182863
3.4665708012875562,50.9739427131267,7.636089698083374,1009.9322731533637,0,1.6430324089239972
35.97152711753696,39.64177019045682,21.800291161516558,1009.9300364283739,1,41.461575975882404
20.21162543991596,43.55668786621186,16.66282590510117,1006.8270093024196,0,19.27364924987218
16.372242359568794,34.24789432693878,14.639644172358771,1019.9857548086202,0,19.48516240385835
31.934789119139936,41.991030772439466,9.746316801788268,1021.4880545773145,0,24.444394767782676
21.079873600808703,88.38911361595677,4.155665110686989,1012.3557780042281,1,17.554474372550793
35.59936384046622,41.69045941819415,9.818777948975635,999.4003178632772,0,34.71854236347334
31.170059495766974,62.5291843812138,12.35994505100091,1017.0317016663439,1,25.077710501392303
31.835693232004775,49.94262492658088,0.0,1017.220143594107,0,33.63834657852899
11.340442887994657,83.57731874073878,13.421158757322686,1010.8328498861357,1,12.279317264303403
37.11943985386401,86.22324593207233,22.394858944208046,1031.6723128718081,0,34.14695690428438
27.61250531233856,77.28139964277894,19.53774324347098,997.3607073509935,1,27.564629422745064
21.30722860753797,66.12269106205511,11.03035299406794,990.8271628974643,1,23.726660297307344
26.43388467342251,55.37880926318203,15.375490387321822,1005.6916510030233,1,20.12473612281259
7.237647671016802,36.16250591617501,10.550683444624003,1020.1042453409145,0,3.4171806223128316
29.086528114806708,98.87057762244395,16.190085866685568,1002.4415536256616,1,28.081263217136673
14.706284918179284,44.806539644948934,27.320862589952252,1003.1902908147392,0,14.77745579807671
11.473297141564656,73.27292694065683,22.74799042099901,1022.5102133617816,0,11.297462876760026
9.77640813782109,81.19131145246794,19.166354445542023,1017.6254792279775,0,12.444292494128222
36.12688374989925,48.89439006189341,11.056920700930254,1016.770609096284,0,37.55851748686544
18.707366063072115,80.76025054631924,20.99950714355871,1020.8142891946553,0,20.797270584785295
40.33727709916499,75.28426406677711,1.5049843890155756,1008.7480704672712,0,36.1676499007519
19.64198536947702,94.5592767076353,12.981172144072875,1009.2101592594181,0,20.07645693387516
7.926420424070532,50.61307067146578,19.6696913585916,1021.0977927256142,0,7.004992896356701
13.83475560051341,34.2827196544057,20.923369712382012,999.551132192188,0,18.220971245519713
37.35811620006939,49.890204891109775,20.35907592172593,991.5728015360146,1,37.88130311220309
23.441018220633325,64.17707085068663,17.358645513677555,1008.6671582637215,1,21.433856416485238
19.517127035093992,61.164254541701126,13.434200167328937,1022.3087328906569,0,22.07463086295911
26.600182258527877,52.13124207450899,19.30380775861191,1015.555596989868,0,28.29007564612182
30.01782736167545,21.81605082045514,7.377111675309596,1021.5729150412302,0,27.553022343754012
36.17398815902461,69.40965992258214,8.242581893654002,992.8370568957683,1,35.12851905071709
39.484992298929264,99.446889581644,15.493877411682373,1016.154968083235,1,38.49065292010418
21.40231354210914,69.28502476246007,16.38558114166998,1019.5386450464238,0,25.08469681894775
11.739523139179617,72.18271038107028,0.3950785714828289,999.4920257738931,0,12.349248760814943
20.865348388767238,71.44890612310203,18.64117104759615,1021.6205759054654,0,23.045695824447755
27.60280506582886,67.940933397648,21.181827023355147,1011.8848110349421,1,26.12298990243861
15.36241073789389,78.6333193373619,14.381718100269637,1043.71336701606,0,16.366811611312215
15.42849085104957,67.90747362371332,33.995730266271934,991.2276393110326,1,19.338573559838544
28.437878815498856,53.74645660693448,9.536519149478512,1026.6911436767475,1,27.354648519746913
24.513476484295488,44.08022179982492,12.111302692905044,1009.0584190347392,0,24.858940895808818
25.327969954115865,55.02052689438649,11.839464750982325,996.8284828555995,0,21.238051185403044
17.415046652999305,66.28258992901331,14.39049910967186,1007.7304485643501,0,15.118372383269222
22.695992857942326,53.678340777540534,12.370201496269672,1015.7747924133747,0,21.692664181948857
15.757668557316956,66.2867736626286,3.745515643161026,1023.3746666956504,0,12.575150630461792
33.90198411124787,68.78300267400834,10.627613630108197,1030.2196428813218,0,37.86790514381341
35.35249334723753,76.66358862540363,14.21903443380739,1027.2189308870434,0,32.83847228651299
6.538121377619063,85.65589937677962,24.82857665649598,1003.346179792955,1,8.8985171539708
15.7048913980759,61.56014836957715,32.6179461869833,1024.3016469226611,0,16.265400110670328
10.034707449099209,33.844468697046786,25.683791182805237,1016.9128495712088,0,10.127263294630598
18.49976065593102,53.0979180636162,8.796967762619149,1006.4539697907102,0,22.958251590826492
24.165620302096393,60.88125134813199,9.433523114990676,1010.8808940652252,1,17.383819411313652
10.5035478030147,23.284624876458196,13.725371379925193,1005.9015734055528,0,9.914933112545384
15.781401868746869,87.77329040204964,29.276471110828687,1013.3709234193645,0,12.540260859050543
14.960426279185015,62.847558250209325,13.676607582544852,1005.7034211770588,1,9.076165051785901
27.07267329398944,67.6270566916057,4.379940075700555,1002.7200592678256,1,23.488478092716363
25.693443370362505,87.31052925052532,10.990582904375719,1017.7911912778277,0,25.745155975371716
17.782624466627468,47.39714339715306,21.056448014555336,1019.2873054825964,0,15.606583079008132
26.76820872139398,71.4808386176806,20.519522215168696,1011.1240299990839,1,29.458049490869424
19.533199154127345,57.802717537961286,13.398266668066752,1026.6765130393596,0,18.891661610303355
22.28344889673947,56.318262659681615,20.467317388480247,1010.3956941350489,0,21.309233832576638
41.734520902985366,44.556152243912415,0.0,1009.9722545487447,1,40.77367805146709
38.40461051790348,93.31206427373056,15.830633880261582,1019.604889823457,1,38.10912729951486
12.004187630724024,52.48999919848858,21.88548337094904,1011.6757441505666,0,10.748752025895765
33.29732417879175,73.98928493791404,8.337093798763718,1013.8479772902614,0,30.743563086099257
33.11396554491592,22.499852250561275,8.309291708029697,987.7956152938093,1,36.081520196844025
13.517367112473817,83.59977059379574,0.06841477789219752,1013.1670738473797,0,11.64508196130698
33.18777643754861,81.04422311914118,27.719164758485555,994.7280406252873,1,32.03719658851005
40.37931918412553,61.948682205946064,9.238768183827467,1000.7904942900113,1,41.66753442439646
13.774551937555861,55.46115067724151,16.928346222896895,999.6467746124449,0,14.73077567602762
15.824971789857363,68.00000011227132,19.831336331866996,1002.5741684646617,0,13.144657602819215
35.17661466843502,100.0,27.096543593131624,1007.5114614036775,1,37.44156050076726
27.71495310825648,24.7352660219303,13.768817808114918,1008.1350738445451,0,29.327964127771693
30.51476275239523,75.64054775148256,10.68456164977265,1019.6427520425713,1,31.048687254956995
28.405892164004968,41.76765395692195,16.384541188564427,1015.223878141347,0,27.11194161226049
28.906959209281442,59.60163207400537,25.272642212338297,993.9892557118202,1,27.686767137717215
11.73527871688917,55.04239761842674,13.63861974879373,1013.832946375468,0,11.129887407884341
35.47317706621448,51.43363484404489,7.361047347327389,1016.1825524658343,0,31.777681242831186
36.69589992427774,59.79069741894541,2.673937533477101,1009.7143348374705,1,36.57809457848687
22.70609255931972,37.31657709444419,5.229620923158198,1012.3911402309329,1,25.382398680660717
24.565230501861375,80.58360872255935,21.915131979253317,1014.9031012539706,1,27.194344071363446
9.688924974442779,24.117129776027994,12.435004189545507,1020.6459959763558,0,8.54636966061342
30.14254756017835,70.79529025656684,10.139832720634317,997.2512001253726,1,33.33479737835496
30.720574417141442,53.46928294930858,9.27226221452846,1010.5568296136036,0,36.43828808072978
24.37808983000689,36.581502123850925,15.680366881601454,1028.0833609805773,0,23.429467224218406
36.24353359870503,64.0476674119739,13.08435924987533,1027.1666130829797,1,38.31807771800153
21.659227690200595,28.86097826587044,12.81494285024598,1021.5093692777579,0,14.870797802128218
30.646059258936003,60.79427643439269,25.794591422485915,1018.3682468395567,0,26.87161907439003
14.803356613078844,31.542461843768912,27.304130254893067,1029.5463474840208,0,15.076719701079403
24.76447849125762,69.22544168635662,2.1198266167280284,1032.1784800160667,0,21.744279303702456
23.256457420971643,41.51285332739249,17.620741849143663,1011.7092001195315,0,29.37406355513899
27.253079220409415,50.980119659413816,8.785103211028861,1003.3056755671169,0,29.046718282299075
21.304730711666416,65.87898775886325,13.01399108911125,1010.297076823755,1,24.202225652240806
23.68527404328332,44.54915776315528,17.474227081013556,1043.9669551377206,0,23.59819482480156
33.26047171441506,58.84072000663395,13.298240664552646,997.3064365727481,1,30.250847654824106
20.632357627617825,29.723389975102926,16.843679045021066,1008.2946086047058,0,19.075926781093184
8.934228992613207,72.61751207192312,20.38376164825534,998.8730884750737,1,9.697370431492287
42.49583904205421,95.29827611101543,17.35661440432256,1014.2476386287739,1,40.582093026827174
38.814540786904864,100.0,9.825309566659012,1000.9730897110513,1,40.82811676208647
12.077373048943814,61.82336293332878,9.96640314423741,1011.9124897716638,0,14.21161795655773
31.897078052451945,75.76408281594374,3.482357627055716,993.4990483998124,1,31.91202196427071
19.97025229448657,24.387486541850215,8.168637619834254,1019.1762066508466,0,14.493347033435573
27.634872153310596,90.05468652611177,30.696546895188227,1025.2234525646797,0,32.77922695430847
27.942241290134938,75.52457009448213,8.663971407238044,1009.1605637793654,1,27.304222720066385
22.65592199683678,50.32133110097534,5.452969500449441,1011.648699929243,0,30.78375194224989
17.162343344136033,84.74361600578018,17.559422894758185,1011.3659276926869,1,19.119950433192617
18.094589476837406,54.91047846709317,14.117081925665122,1014.8091067522503,0,17.464724246641236
15.838080845187575,50.83949633970887,13.435254105206196,1012.6183041303357,0,17.181546474681586
16.681777917695552,69.50669850854983,26.27236773129672,1020.6811695243069,1,10.623921366459715
24.328217099506446,38.73291000339363,19.39301340446692,1025.3303913345094,0,27.406644309214347
17.842400108892484,80.43249528799896,10.760056546372198,1004.8592877750782,0,25.54322382148091
31.8205206571262,38.880203761463136,11.60419265926576,1009.906715072257,0,25.552820235596062
39.87246155335927,38.99890420353628,10.97930788875452,1022.0161944892475,1,39.01023452388215
19.19946758629957,41.80620423183331,21.997916972642056,998.7833095194097,0,18.88345321792499
27.39404500535377,75.19000075032244,12.5348189643749,993.2927871815443,1,30.019730892842965
29.99685110302934,47.66449276960584,0.654771980366796,1015.2631595289848,0,36.31477812552595
29.720022709192744,33.040084312656624,14.613442570125246,1017.9634641107049,0,30.868669076979437
25.759552679160873,47.88640000128404,2.7037919909765673,1005.7769981204641,1,32.184928151807455
32.426824183597226,59.359152586390266,32.47384481403921,1007.2134894587955,0,32.938121614251216
29.82248952680657,36.38055032671229,7.2746566892221525,1005.398076782591,0,31.17676098319526
12.623375776727022,36.96637781931313,13.705081877138154,1004.3307476065556,0,13.608082475207786
33.69156064389273,100.0,17.065621877609097,1019.934958206046,1,37.35245999290799
33.872908372667425,42.78869192372226,12.69073471456616,1001.1950151300236,1,32.60594519833681
17.367138958214184,53.53915262453987,12.67975678827046,1010.3447713856665,0,19.821999234498712
25.37937835447602,52.655259984014286,18.374618289287017,1003.9466383248515,0,21.68698853570674
31.833289928110695,51.57286384459116,27.209727670370228,998.4471102409879,1,30.97977761415647
22.906861804206386,72.42693479938205,21.14007265453838,1021.7017817474677,0,20.996630935389963
35.729780477660114,78.96285900944099,26.828111028588342,1007.8017477782646,0,35.99366515351394
48.638724946193605,53.88091136936816,6.627047135251985,1014.8844008042075,0,47.69048569798226
17.140139673650175,35.270434268153025,17.53890106604289,997.9192412019898,0,20.5365407510211
11.189553968462251,85.48880455697807,16.241968416466236,1005.5806054624352,1,8.553549682947324
28.038185956048757,58.093178176066345,17.808730333413877,1020.5608788069501,0,22.84423814861572
32.21562505126143,94.60643629714338,26.00985576508458,1038.872714558453,0,28.143773592126763
22.69133626155231,15.08828204869674,13.233686801663568,993.2378393560969,0,25.673840400456267
39.53260663321034,63.9080644256664,11.755973067567298,1010.9889220471057,0,36.623934603261674
11.613942002767512,98.37212667752416,19.271846379349313,1017.122805981435,1,12.807475249329638
31.929186230316112,52.934717291236836,0.7743781794732207,1006.8389984676072,0,31.044823720571873
18.941391792411068,55.49013153330728,13.105183607022573,1021.4952198699413,0,21.414123956670835
42.19377906207296,65.91023383180678,13.926418485716376,1004.3326732933969,1,41.50148194672313
44.92515353168118,48.824083622300854,7.637131069544598,1014.5384766021664,0,53.21819908003259
17.333434122166523,53.75856135894534,23.456472090852618,1007.7792809550164,0,23.027785169622035
19.5044286409142,53.24369811617194,6.502077461253727,1025.1943108295477,0,18.55879809969712
33.59587886979802,47.451585311472535,13.91301561308963,1006.2363549696439,0,32.23947510251306
21.128693502104852,84.57713100401119,17.345257802583745,1009.4812620371348,0,30.52567195453024
24.545887820677617,69.2215606459287,25.82761249180895,1022.4568903749715,0,21.309334936691847
25.2538842054241,65.01256464206604,14.915548520953173,1002.7196134090714,0,25.088813561669053
5.803268438023437,76.17142013780233,22.489228753025685,1013.6875005676358,1,5.87061519713972
24.861622539057628,54.71288333593066,20.60476317821702,994.7746565631339,1,24.854608845613907
18.10272225935826,44.51592363294199,15.98766044935314,1002.1206654137093,0,12.886587097766679
20.06877177600228,47.94751390770885,6.2838927338123565,1016.821312758908,1,21.5585790050301
39.43632003468814,60.035660822092176,3.523353112765209,1003.0930249046377,1,36.525269760511186
12.434931057207436,38.815765832541956,15.852043211353491,1007.5542706817621,0,16.74289842971465
33.132051867479774,49.99477966826649,10.65842500877909,1017.9308640204794,0,28.76415674017591
22.210370696681913,49.67766716257131,22.354088733450332,1007.2081385885307,0,22.38876847880834
22.202398315041656,100.0,20.96685214478862,1021.2284207321636,1,15.55403637418599
32.90371896051711,4.523701201321664,13.523112044503602,1015.1566278748606,0,26.44056784149494
28.400512945688906,56.40760557188734,5.738296608469845,1017.356831119245,0,25.882457070811007
30.70612997219531,94.51387585629541,19.085884396858187,1025.4096559873853,1,28.611499725184224
34.68184660532861,62.43688928264908,6.856404430918797,1016.1982306261407,1,39.079025844296915
21.68691616816677,75.06834946842186,8.93228861655308,1028.3884729046933,0,21.565140659381075
18.877632654922497,61.99652630199536,7.164674094278764,1022.1126228303782,0,22.754853357657158
14.14849473442202,46.653332375670395,13.891991824480373,1007.7654757016554,0,13.009134950391989
16.74589470021045,15.161681309821738,24.361538672564492,1025.9314807502128,0,18.564150248851444
54.49094425308725,64.10911374072606,14.95967303821177,1015.6386602090295,0,52.31451830233055
37.44679580736786,44.48786790795218,11.454250460578434,1009.053202913395,0,35.06637660007206
11.489256337919787,43.993291876693924,2.7950805596380466,1015.7838569532088,0,6.026705921166103
11.7754204325643,50.02025488041777,19.416996677838743,1024.1232682439027,0,12.782682414118124
29.818660617184914,94.89722813246988,8.75676315257098,1017.5504509424222,1,30.60491086128536
30.47264797377967,100.0,15.940140953264773,1031.223928325514,1,32.80458663563723
30.488838353173644,64.34415875056801,12.166251072666874,1023.8653055789882,0,31.13359321459783
22.450442064463022,50.704655521765446,21.7054177567955,1018.2316003340217,0,28.529029996044926
23.745457399971,36.455471650975795,13.742108863771582,1002.7393191725885,0,24.27354031000353
28.278795241593574,69.37080323092138,14.528589163815587,1011.2026748598988,0,31.254275384607936
25.858930062933304,95.65811200130288,18.885977179643678,1013.7166413975085,1,24.886602813935994
2.80699627252465,55.05319225949687,31.855521458105486,1019.9663150121775,0,0.08158616962048315
22.702003694248063,12.420079184935517,22.107575442868434,1019.3733304127219,0,24.85508920480797
16.485935657396865,73.40099343631047,14.291151149211125,1014.6954041021828,1,16.218491693935842
26.75211418908512,79.70799422900099,15.025583924922307,1014.2034991537718,0,29.248243326873983
54.8525900260341,28.283087192283052,10.801124317404522,1020.2045689507607,0,55.911399651568146
28.674816654743044,63.52968367325906,7.400034371842438,1004.4141377437002,1,26.295776674372576
21.86470313827602,69.02452032272197,10.577993703469424,1029.9551581924986,0,25.087716771307107
34.21801501977252,58.53785395982123,8.82280829030446,992.5283311483653,1,31.60444515841852
29.826878872092127,44.184581618292924,20.226947070367082,1027.5540948217204,1,31.70285766197864
29.200944904518412,80.31874447127112,6.430441137048112,1012.5481447157484,1,33.045778239095974
31.06850593215671,51.932405080626346,25.665684491040352,1023.025798142716,0,29.914721416911238
45.56543564829541,30.296276746001357,21.016371068950637,1016.6384043429262,0,49.03341900931236
13.691115646740844,19.010510286606383,15.164013834941347,1016.4603441091081,0,14.883966148900422
29.736320768114545,85.2169903999862,15.002548891720547,1018.5425447602652,0,32.29215210330334
15.736188700184616,72.33327952942237,10.541749523083572,1021.0905428908778,1,13.225921626876858
30.555126463422482,61.75947094258338,17.160675290782113,1009.7116917341276,0,31.198027159583724
15.813134885139057,51.19450726298393,23.704739705668715,1023.3479913052623,1,11.588890955065546
20.826331863949157,49.42003171593746,9.37474830195349,1002.1552937642122,0,25.960233409880548
22.049100857620935,38.48526703116777,2.7328632886501563,1012.9466942667387,1,16.007105892867415
34.75816719344709,51.37088710880231,20.62574603885395,1021.3596992427227,0,33.693911734560544
34.18454443942414,17.598255697596514,17.594927793950404,1022.9501757961589,0,31.38941865682527
12.542826235536156,45.278726930629716,6.038409588470564,1017.607888482614,0,14.56692748114287
25.549341109998487,53.78124967297812,9.132869032687056,1009.0660756204427,1,31.32117894778824
17.904201452508275,72.19760094380838,8.127165807598875,1021.967077783687,1,19.868946748570853
12.414950893246655,59.20147073253273,9.203741847726008,1006.3063376088124,0,21.298801984100706
22.829829495756297,75.89846227751119,12.410537967670498,1030.5140907374891,0,18.696008966079777
21.915172115441802,86.98270210226859,12.867621565754021,1012.1532910250033,1,18.011619717856107
49.26716486345522,81.16340187648203,9.79365075945232,997.6037430579404,1,46.58782216860902
29.32959825360696,69.41019694757114,8.934689444000576,1001.0531653198345,1,29.693332339494678
11.223824992457628,60.23725358361568,13.169725248644948,1013.4364363687959,0,8.143057866607878
19.352259958290578,40.38423983172882,16.34153227887649,1014.3982527132605,0,17.0972716953755
35.213832954293984,74.79888102758633,12.469627709081243,1032.6965668495109,0,37.07528352607585
45.88442772869925,93.59494764443059,24.269336186730413,1002.6150066238578,1,42.1669120793578
9.140166877620416,66.84212079300836,19.06470171536629,1013.3946219930393,0,5.74057883871011
6.20075614860955,98.34518296852247,2.2732331451304333,1002.4057859291794,1,5.0051398896393335
43.70965175371782,29.488565838778324,19.189822123310826,1008.073451467866,0,42.79632254119986
28.89614177370904,36.91673230440917,19.84435186068466,1029.8397203006934,0,31.926188925372987
16.317072681236336,77.10403015496524,11.52212025500647,1001.6366377684401,1,13.615153437301974
30.346290861224354,65.28580420306503,3.0384193015747556,1018.8704242406783,0,28.18545090886166
-1.3574773901687784,86.27564353143615,15.064534075289089,1016.929073590144,1,0.387532958668241
25.03375506597161,59.690567185465206,14.938330788142048,1012.7582857364179,0,27.437938037321757
28.278211728430854,42.640491549433364,6.026830107734442,1018.1943662319173,0,32.56438512981062
34.2427013953783,55.72813515589915,3.3902462699205156,1001.3997961805671,1,35.65006245997256
14.861040477074623,29.34632058152532,14.299571628372485,1029.5632250780357,0,15.252132656960102
25.85687161403359,37.42818653805931,13.135382463593425,1032.2484549512353,0,27.58198683427205
15.745753739404126,79.44887995836021,11.66187707742085,1013.4710469775931,1,14.943515321738483
27.553837556743172,77.4557482893922,14.33271412202751,1037.2310613061356,0,26.729534773616734
16.04653677636976,67.26008569612154,6.177789009437447,1009.0097206845008,1,10.724205839533498
20.918991608397793,25.57844958079061,11.521435097071087,1017.0043199385628,0,23.599239478465794
15.041846052097709,52.83192848974223,19.26660024491478,1027.3188906377452,0,15.67622288725295
31.511362418236573,35.50000222679898,12.20023935718969,1008.4099553977709,1,33.84248021734149
33.58451116656666,83.53066507575531,1.6242202256595846,999.1845094112056,1,25.137079683134772
22.65379430042586,48.325557328747976,11.218461778211427,996.8828293438114,1,22.512489176745223
25.382379949600285,38.28504578436901,6.438732291945117,1033.6082656390265,0,22.814735430467387
10.51408585366456,60.59592330242849,17.137090371693844,1007.7097534936122,1,15.01817336812526
22.00323351993213,47.196910863307764,17.550699227043403,1011.142632365815,0,23.845884266383617
24.497953829582553,89.67487820407413,1.7298029993117527,1001.8723592167895,1,25.200660062014233
51.20793091029975,45.30378204931618,21.072103764657513,1022.4833927932918,0,49.91213200227668
13.880329742258365,32.015434815507376,6.1025095897715325,1005.1844014077542,1,15.071954672653305
39.64177238752438,16.94172968484969,27.47345832385881,1008.0873697233868,0,36.857215499390065
34.96858773465808,59.384269951731696,14.609789883995065,1015.9952041941616,0,34.669411691600786
27.806364044901365,48.76139772284147,5.028852011686702,1002.3595407275443,1,26.071273883939103
42.586204841951336,31.421907869765462,5.8641114344585485,1011.2141773048578,0,49.385673806896406
28.72105472606863,83.7845292251157,17.784762334298758,1027.0220958950326,0,33.13089799464115
28.89159195667929,73.34490294858483,11.869600880812978,1017.2825439751687,1,32.08073440862778
24.468793469824547,59.4356424212554,14.226768723054873,1014.3054229242836,1,19.997860403362075
37.235688824186276,87.28652488341733,27.902241861576314,1015.1486470946387,1,39.82816016103844
35.96469233810883,73.25072066797226,9.406047486167399,1009.1086490402344,1,36.52769236353465
18.743227125037876,43.54288196963135,15.479702861565652,1032.9615231975492,0,22.413607543586313
11.807528054012327,39.21559672018468,26.358755898984427,1004.8784286946593,0,12.774713339393145
22.97019362604343,76.35963088907722,17.164107803731202,1015.1092616196393,1,22.95004062792852
16.999614356023535,67.92733912934702,2.1471781171359527,1014.1502556634281,0,17.700967245033212
24.36475425384645,63.39495535941323,19.043112093857093,1023.0876250713313,1,18.947854378978814
37.37438134684139,43.07004394262185,5.695977137732447,1024.0317393879363,0,35.072171530338
20.426983449132102,72.15895134011508,26.25446022986372,1012.6798119551293,1,21.546990065241918
24.57176618688425,44.890022337321014,8.417059160016176,1015.9066649311305,0,27.989931262103998
25.58022734808395,57.96026690812644,38.75607606196532,1016.2853475391395,1,23.928747999147596
33.484308822052846,88.9388829277396,26.739007906621424,990.2785834442939,1,33.361888182461044
2.5311066601539487,46.78331528379708,8.62709944297617,997.1101039752223,0,-2.271870673872222
18.932997052347034,28.540214858542782,15.160110440012884,1006.9493630927803,0,23.310929492408313
27.112836922794727,38.94905616259779,21.02915425306771,1007.3840132362313,0,30.45406211949409
37.000789564268615,79.88597653375247,21.269283793813663,1001.0071757803587,1,38.95709741997021
20.080975524937948,65.09462274760419,18.538690079809577,1020.4958257137363,0,21.30139408783062
6.234472939581259,57.42245242622493,25.01727229572888,1013.0211842101747,0,10.892120135021651
31.197114459661364,49.818123893768615,14.016248426925044,1010.8530545261316,1,28.782081485717214
18.646376111743706,69.7071981510638,12.066258651391735,1000.4384472549261,0,15.90689144276373
13.103333409096386,43.01790298019553,12.225088096603116,1012.5545513575521,0,16.287892767865674
18.75654610286776,66.11331137285192,21.866985855777017,986.7331524400139,1,21.739486247992133
23.154746423441505,45.374908623740865,17.92144832242117,1011.3704368919416,0,19.574259665174047
18.952553354617873,42.04681229449892,17.33026932552205,1013.6318366880776,0,17.358473709887274
2.9443394290093075,47.250251303499766,21.361873994057454,1015.419149843215,0,8.011618822241475
33.970661968871326,52.49185107032076,0.0,997.3589823652072,1,35.205663953519036
37.748750412787224,59.02340328132593,17.480550591001204,1015.2481673669148,1,40.11023496684174
31.515219913395057,64.7091159022223,16.748551110989727,1002.5856873013546,1,28.038080285806988
13.623143295751834,0.0,28.35046465040564,1004.8753016770767,0,15.593076869363369
22.98508466052482,43.8469888450647,2.771296141890664,1020.1793138582267,0,18.726460023212177
24.934786847705418,52.16860045287922,27.457493059014062,1033.1411372335974,0,18.995322750903362
30.987943895619104,90.10124077216659,15.603273031397327,1013.5135875880268,0,33.16841577616171
31.683404887180806,38.399947832357356,18.91191624528036,1004.8290454135977,1,35.98674039608427
17.65826201221504,63.25593236199825,28.407350300875013,1014.8867044751,1,16.896903784967538
25.819955564135604,89.90060619471674,19.486090144044585,1022.3902915749915,0,24.18030351857223
29.572804046152413,33.74062940105454,18.202946315700487,1019.2099756587273,0,34.70535001489152
39.558223221467664,67.87950451728804,16.938329486418546,1040.4311287246373,0,38.97387311412384
32.04506539824723,43.95456332130959,11.132174920044985,1005.8466243090534,1,31.84775922757545
32.89056687375519,49.90732515421531,14.772087003916857,1015.5223147991929,0,37.972438553076195
25.83826627929361,43.93778332093371,9.27589787101801,1028.489179534182,0,24.77751184020898
39.10459145203504,45.36285383168228,14.643464804596144,1027.8615923701852,0,37.14250862400044
29.097627959594973,100.0,0.0,993.4992207347561,1,31.544152632006238
16.389120898264295,76.88911744143331,18.432316540540388,1012.9664237996002,0,14.253552435126947
39.033699701251905,82.03475723572419,14.026101969730997,1027.845207658487,0,38.59989508688536
31.979032725390276,69.83986973672992,12.310370106665886,1041.9064299039915,0,28.02155692025368
20.569559788715175,27.874864231960842,16.758064671521147,1020.0379588375082,0,21.125751053844713
20.205070326007565,67.89915940646614,3.5314886162764747,1009.3213670630352,1,20.409362787616843
27.965755451407617,81.45859229014692,30.43415997297026,1002.9079684756261,1,30.869816275577048
29.631847952675848,42.93201051921777,14.177860308099202,1035.1874335753084,0,32.20361756266104
26.972922656312065,79.30653334322253,13.833244536222484,1020.2874158646576,1,28.62747668172081
28.113086734428848,74.08672419708158,7.2768303189366215,1004.5193307311458,1,29.295853812771885
41.999573745763804,97.0408008962734,15.19157105959409,1010.9684363366622,1,41.77981140450678
35.71543152234886,51.64433974972762,26.095679122186244,1016.1018651682871,1,37.54409942933627
26.906355912650245,38.04778035448547,23.28732967545627,1018.4380665388812,0,23.56935939164328
34.41310580767483,52.76743781254909,21.835502009124447,1004.003813424542,1,27.366207592111905
14.674760964724605,88.71141986327247,19.371191613338173,1006.858095818745,1,18.160513978363284
28.97927049946809,23.43188238316074,12.131659779499122,996.4706543762704,1,31.00175188621183
43.0930634973311,18.632485691379358,3.398694663706385,1023.3976228960478,0,42.71210419449136
22.81954104607626,61.78790557863226,13.39168982506692,1009.5838153322968,1,26.04321687141422
16.52366071380915,51.14821414451688,13.113028283730582,1017.6632164918329,0,14.329168462969568
18.479111114069394,60.154557863513695,23.390355517369926,1027.2225850857633,0,16.362633517819944
14.103669626576117,78.9062354247173,17.475123539678563,1015.1987014237394,1,11.571256455493614
17.152380918722965,48.94861307762295,27.898492223228388,1011.8702952405093,0,18.85524684407062
21.29491901409971,22.53988338138759,24.579908320305396,1014.9392147688393,0,16.546044782455454
10.94432980821358,100.0,11.348035123967234,1013.6319360385023,0,8.643444987867456
25.15618333949603,40.055434251224476,0.6389664270410531,1025.4616499787794,0,26.025328409204437
34.02277173786647,38.81925755975805,26.08460187153185,1016.1083839753879,1,30.410318510098637
15.922438198530797,82.07440027445193,25.875081785845953,1007.5559898042109,1,13.94150698154724
40.19283923641769,52.31021757916964,4.070307272782191,1023.4784905688975,0,33.558136505073996
30.107920885275945,58.732202959303784,27.073920158620005,1025.3048435635835,0,31.925340833480558
35.305805856240575,69.65580248120636,18.056937364740143,999.6166937317954,1,33.24230027621374
18.42165446147863,81.67166206219991,16.285483985005225,1028.327838847681,0,15.12381071105517
33.545252270666154,53.33078613636456,27.918266033978618,1016.6471177320849,0,29.66018409279043
14.08066099604687,90.39904011828598,25.75748138584492,1015.832699501466,1,12.826020459431572
33.90247500836509,17.28400302530389,20.21064761596163,1023.0662463159651,0,29.162008247690768
26.718393397935312,75.19574473906154,18.785736526495864,1007.3302360899572,1,32.54553242938132
30.532512199847837,43.20944883964685,19.931154324242872,1022.5416451419093,0,23.378278348340878
13.244053943751483,87.44542633215983,11.799540528939794,1009.2322453026214,1,11.892196494392014
16.049301577233955,62.840889576610905,14.559188402141432,998.2504932028966,0,16.37002236510772
30.972282182533846,46.541893359811965,7.781462763243659,1003.0224372089307,1,28.646145170124182
15.516519957757993,73.25682186043265,12.33568179408865,1018.6702183290323,0,16.15291516963734
29.63206292099123,77.86376694414503,12.066928970648537,1003.5453166000534,1,27.233258196152747
11.328621935397543,72.83788245717277,9.917557043026683,1029.1007612318965,0,15.91890532641699
33.48174212666668,39.40607520733879,16.093972021187703,1024.8928345343963,0,30.12511108433735
12.67476685231491,50.319657527558306,12.408153194395382,1026.3343916603296,0,5.621095028269952
30.522999376795234,59.9185432575713,19.017877762815793,1014.2477857967741,1,26.62749982543527
31.256309336460006,59.17480694699879,2.0214350936498775,1015.5786161729496,0,32.415793660901144
18.032281815704252,74.99490950876695,14.093161647141603,1001.0628814575572,1,17.678508677057657
30.82026567084727,19.701975349867837,16.052413121419967,1022.9578351015749,0,33.07666439479362
27.60442263333556,66.68654109107007,12.514966081304955,1016.7983345503709,0,29.10965648346846
19.61158143807262,54.2003729112672,13.62085840152615,1018.6730562529226,0,17.70274038889701
14.914453159237919,43.22998767232096,2.318031914161141,1029.8831181145288,0,13.447202677851278
5.37374308327421,45.15026444460801,17.851816837355937,1006.9403701605249,0,4.217756756314532
28.496500472996935,55.70924670964073,20.180847860536563,1011.7385845012268,0,34.14953872348689
9.351972286379448,0.0,18.948298353630136,1016.2667092154217,0,11.424439230441557
25.953441994413083,45.974208584169,23.309816475537463,1003.645645945413,0,31.628502691948597
22.36551783917751,42.48370350707413,16.612236846260014,1011.1240117872316,0,24.88785595620295
31.791427754381957,70.65566418645248,18.829449445207498,1017.9294981046697,0,31.600677569617304
21.979545005101357,43.889466349789586,16.24872590765482,1009.7457872862717,0,18.921460544144363
21.705522136529087,55.6977239965902,20.50040575673995,1026.089894097291,0,22.310081149975318
32.318707042882956,90.84553255322604,2.3821629109430233,997.8907543818301,1,32.13609952623426
28.350580290841176,79.88703039630846,7.851352256175913,1024.2277124023335,0,28.069638434826533
28.161559571827784,78.04542799886906,27.695197256264727,1019.61185474816,0,27.534262341130034
29.692675898085263,50.002551391782966,0.0,1007.311714124434,1,23.535287775356593
9.644278767928942,70.86064558579305,13.87857656139725,1003.7559143177,0,13.426798217532909
32.56788679986982,55.32204399092812,24.378199676864547,992.1971738275755,1,32.41652633221786
31.124687940136024,56.078135786461246,14.253914675665882,1005.0482498758616,1,26.881928592050098
14.833168714235027,68.193706874931,11.759911428394421,1023.47176655003,0,16.278456841455963
22.559195263257987,48.06012823158135,16.035373414522404,1012.4391427372133,0,19.9916867574384
24.60692712372369,89.86006208886407,12.175038559980427,1024.6298088039184,1,26.293348992636037
23.655032155982674,56.79739720804126,15.246795942055513,1006.8012892937545,1,26.300001537520057
28.338599665685347,72.3672113251933,9.532951707838963,1020.0710616010656,1,31.3975091376933
39.313667818311835,89.11200958514596,23.869395359645793,1005.8250139791558,1,38.83091763834737
35.81766727672829,80.6330754915035,26.386119368525286,1003.3442499379016,1,34.57633409267274
11.877808065685937,31.82161794618951,13.93287742310702,1011.9287278282933,0,10.001192984891926
31.220699903060485,68.89791790019768,3.908084634470054,1006.3503348868,1,29.053031637678995
38.2893331953541,77.01438788921294,10.809254637492838,997.5717785096278,1,38.23764300272134
28.868085206892026,77.83726044321497,13.528090719176287,1011.17685299283,1,28.240056019716807
35.90980425185967,37.73410331770738,19.044311015225666,1014.0643541643129,0,33.433892804393174
45.12270445700765,46.85929525965352,6.935894214634576,1025.6835861149607,0,41.691350195598936
35.23709546106981,79.89116471483243,8.846701450862795,1022.3680567713307,0,34.910827184294064
27.49308595641729,44.764792586347085,19.085409102870457,1025.1994319923283,0,26.190493102585798
35.450884740847535,54.006078866713715,22.511270656316462,1020.2035749839351,1,32.026783821001935
26.448878330968913,91.51751619003939,10.027247638634528,1016.3261275894997,0,28.940591371233136
25.239030432849553,59.044014992304206,4.334263568392032,1000.710550935281,1,30.5553086853253
21.485857642862676,45.464517243323144,41.27294561030307,1014.4987219793527,0,24.37362228481535
40.63413358832108,42.4476528627419,21.266433896709707,1018.9679377733081,0,38.47356955329295
16.815713340579986,66.65438659170376,12.863969905863748,1027.5743794937043,0,16.665024286810176
40.32367724678116,33.33703983045582,21.952250204246717,1019.8628854173181,0,44.94496410184354
29.998641237403714,55.053280722071634,14.004346962284624,1025.4038343460543,0,26.477542309071236
11.006938251980586,66.66461069980043,21.93725511280149,1002.6800210863477,1,13.354723632036261
28.676492929914215,85.98299641095335,16.275145582209777,1009.735823738519,1,24.332243305482244
3.9997349234837607,73.35096160739991,15.730175185340586,1017.2935071366127,0,9.051847805777747
31.255080168310357,45.718697640356424,14.091345054153692,1024.6095269074256,0,29.964136594057386
33.852314829889906,83.5683863512744,3.4209493322952813,1011.5477135416108,1,40.53944600346134
19.076440443479463,54.00969924905045,30.50475919514512,1012.1755404085085,0,24.26063183940495
26.23547695955582,35.28593955901182,7.467728637858053,1019.8714030600298,0,25.91618543081166
44.541574337502865,56.55917281469055,4.1198113895152435,1001.7412917285487,1,42.38335821817164
19.942532957380635,88.76338402291404,13.297120937949062,1029.0740454982342,1,20.526859373053377
14.410924129433996,63.3048010012985,7.308225491915946,1004.2086390689232,1,13.870447229494305
39.816634024625984,60.25043728659573,14.586297675517832,993.8141057644069,1,38.61193313386921
44.625871905307946,92.74423289405706,20.50211078849415,1013.1006700852258,1,39.65153214157306
25.036956718478475,31.372903058911458,22.962423204233783,1029.9845870237557,0,23.493295967514715
35.11463035408356,34.28801771894456,21.517845772973452,1018.8645313033361,0,31.78319298881484
38.414759155308815,27.683070580663355,12.554943561714557,1020.5109054300364,0,40.06970227458452
17.575157674616158,67.4529637296011,15.396734621292687,1013.4138576230712,0,20.548371624408432
20.146941646321316,63.32986254230249,18.263032407179928,1011.4762250272883,0,22.36899365809211
37.30874513154735,90.85472734559552,0.9377006084634196,997.5509063040688,1,38.33587040042987
41.85014278708509,64.8695015427354,19.564677600958877,990.4061374209581,1,39.291421585662384
30.628808601743547,51.91685681041395,3.3416056993293477,1014.9627233844086,1,31.245010919549276
16.201856464979457,60.03589745756214,31.322772791251914,1026.1254919434023,0,18.580151895912586
44.87061111699441,62.35414836921916,11.763879322866437,1016.4413370482806,0,43.11190439379522
19.690291021880356,26.564774533436662,13.52099858244327,1019.2359952705201,0,20.047250286065374
21.648622188285483,100.0,8.842343206097157,1028.8371754563955,0,21.212237420475713
28.423378344896214,70.39742036203823,9.960239745154482,1016.2876685144106,1,33.41047835372767
40.54160420714774,64.20016616045179,33.19274855314592,1011.7734489969238,1,43.09624861294132
33.539759765522234,72.30327968557161,22.52295750898638,1004.8147519434993,0,35.36723860076741
29.148655003619105,74.1882196117321,2.6063804388172933,1033.222125629721,0,23.9985738017228
29.632885301181062,57.188930289951365,27.033703205481835,1018.2654777915368,0,30.151397281483813
25.43514668643466,47.37517727518599,24.545938201131452,1003.5639828408067,1,24.97010639966095
30.581395145185063,71.98901372643408,12.750300301693692,1001.2883233219876,1,30.090423813475443
-0.29560077694302933,67.71421681062905,17.453575536238702,1025.5306372692892,0,-4.985841195167951
22.033925409302014,43.80219801821184,14.880447364631406,1002.6255830359167,0,18.770619542409307
27.41321934916781,88.38071222734527,30.780639235575457,1031.5383415750223,1,27.209166885450465
13.48985916380493,65.86704072645966,8.629678488063277,985.4353720290928,0,16.832926498376313
28.8632331781156,74.59638724535262,16.168084878205814,1027.2259519778997,1,27.09165946859733
22.955287790138783,87.83841775359838,11.574837352057562,1017.8689481116196,1,21.75547160882598
42.5547569831549,60.4377764232967,3.5356767630571664,1014.1859442305688,0,47.89803296901353
40.730197252148564,66.33904013968231,32.5331060404399,1011.2454156495824,1,39.839730084645055
20.34194430881837,76.20054477012232,5.547467367180701,1031.9072984859404,0,19.95557573725763
23.491622884333047,45.50277832399895,16.761033499902208,1020.0705885840121,0,23.145888538177825
24.260524343916074,61.081033256920016,1.0743951489573167,1003.9679639110454,1,20.224008904702544
20.483405238403773,62.51097173302296,11.807435686055253,995.8109004397112,0,22.198799608649118
26.950249840281266,40.87882896633211,18.37575057146766,1014.7729721314731,0,24.99162148452825
17.417179311124098,100.0,8.402128163981098,1012.9892886646259,1,17.326967460004884
13.693846650624737,31.85413113015195,19.69441480588524,997.8013196262449,0,15.026965543878129
31.227112239002686,34.03792192625684,12.84767126489534,1012.4460647451766,0,37.054785006108865
31.29529584221811,86.28453151407157,24.280660099188907,1007.260653669258,1,27.34198570857938
16.956842403400074,74.26532501593084,25.894087306721786,1013.092900683067,0,19.551788958598745
33.95355430762599,39.48070365038444,10.306041914159906,1020.259236116484,0,36.559724076147894
18.684222708346688,72.14578030203386,15.613862875143655,1027.9260994746403,1,16.769578390008867
27.53165238037981,89.3570088999462,16.467633811777862,1022.0888903636928,0,29.330163924535753
33.20344012612456,59.394738848060285,19.95479436347759,1005.7855925016979,0,38.13374858000024
24.66387435296287,100.0,15.115055969954126,1016.6891512882919,1,22.368960725325547
29.547409121411345,25.51876378263929,16.521687674742736,1013.6310712149202,0,30.27181851281681
19.835703561124284,73.87646907718204,13.052748201639044,999.678710453691,1,21.05010765294364
23.03533416571903,83.33056672442007,15.921918935776146,1016.9823278469228,0,24.637870730579678
22.941405691196596,77.82687803210493,25.38352154828106,1031.5667233791771,1,25.249280973344636
17.53421653459761,55.91288546708704,20.168665929694836,1013.32426604187,0,18.033131019354133
23.232258368842178,54.19117035977701,20.610045115546953,997.058173202746,1,24.772566927886185
9.513817011362534,68.88290342174514,20.784562593084626,1013.3026867110862,0,6.779396060991363
20.08846252857895,76.31508973304139,13.769529776951716,1000.8628780102675,1,20.580473009497624
22.151245066303293,72.04946872564727,17.550616348636243,1021.6360550688629,1,20.722221269261752
22.4382024750462,80.80115781586778,6.318610573314043,1018.2486499172513,0,18.748715759583938
22.58502554129221,39.622600858665294,25.150461250535656,1011.2908994652526,0,21.05759189298151
24.38235800139871,55.444580417527305,0.0,1009.6883573414418,1,25.190727177992883
29.79441518086064,41.199681357524916,14.302812861316598,1010.8776569838445,1,31.101807009971218
33.745170741325225,52.27774447827717,24.127167817202192,1013.0827449434232,1,29.939793378556914
18.50234773151733,80.3044178362861,4.0890565309652676,1005.2776497865846,1,15.689317581342717
12.967991446108556,62.159678414504576,18.19823934093481,999.1224691899856,1,15.141960285188219
14.579555877568971,100.0,9.553868427367785,1024.3869894669465,0,16.10400015541656
20.127970788050728,63.86812734379434,12.049573878489051,1009.1459902350305,1,22.789278774189786
21.480786821834908,61.193837611594724,22.5675276851155,1014.6704310416915,0,25.58427810336459
17.300039338025428,62.12365838880432,16.5844554070812,1015.852819511675,0,18.913700666797226
12.038833357501055,47.24382614280128,0.0,1016.2202047965521,0,10.794410475988439
20.438791725258117,58.84326775244813,7.188595682147213,1001.2618200290158,1,20.783340099503867
26.814266201139713,82.55576054223292,22.802685879110076,996.2415983544815,1,31.79395750392186
30.950294658355645,62.279413362555445,18.59154174554398,1007.1130747530801,1,39.243641651711805
19.425769468916787,44.13080540233057,28.985084580194275,1016.9571153241695,0,20.815058566143865
20.870021778565658,41.498307590427295,28.46118075210638,1005.7205013252569,0,22.476684194999578
15.733016911526892,50.99596216668313,12.262038958825666,1009.4507864630077,1,17.91014201251914
24.685608296252237,61.477268688217606,35.02590244055591,1034.2729741374958,0,24.756986833710325
16.515713658091855,83.87173070952524,15.195837358815286,994.5457611519546,1,20.007275365119725
30.731278132412,33.190227172671264,7.298651724727796,1005.449660040895,1,33.75541401061055
7.141335080658887,53.60347444222488,9.930881072715382,1031.9660406857392,0,8.204464422105337
21.403703275475376,62.886200388701575,0.0,1012.5540132800478,1,20.44964355745853
28.01107339191742,23.325884647411307,27.856152065994248,1005.9401483450109,0,23.44898422978601
26.838345163225043,43.32803434067188,27.75809591235091,1024.6876891701113,0,29.035585806067793
51.93033663980496,46.40222920527627,6.875940489493432,1013.5523043648111,0,52.56891158548328
28.498000245679076,44.08059252299003,13.176925692944753,1009.51691604956,0,26.284697053716773
14.959454031579897,63.83779090043295,15.764860352900621,1014.9236892703751,0,11.569693236596017
24.04535752910927,56.788807809964055,7.31717558286309,1006.4189119061723,1,26.029656077259027
7.237536665335483,48.894277947979276,0.9591837498307072,1002.8250893711192,0,2.4338277004845885
24.19400250703239,68.55925253105269,13.317139169784706,1011.8640307236525,0,25.092926069363806
16.669439429992416,94.461494352925,12.431364564326024,1002.8900303992399,1,19.200090657499096
34.15390275560162,92.78513033483505,11.892710072089798,1013.1069331179648,1,35.80358141485149
19.50459725404465,21.544564558753272,16.781728500807716,1016.5440656747434,0,18.33237793096933
23.832340842047532,71.54144367670278,26.436157268207936,1021.530604560516,1,20.08421738862279
18.644421585955968,56.43953419872323,12.575258242466191,1024.2792498551682,0,20.405479305341537
42.388513518533316,63.103106857307125,16.363543989770903,1008.9426349836775,0,45.99008279439358
21.787572338820883,52.03433932914903,20.81496418995949,1017.9941460793907,0,20.06937227459176
43.32557043479201,62.351772597744045,19.43314341210199,1017.9252344620636,0,44.84629503567059
33.141517621182665,63.02814792144037,10.084611804417264,1016.2781871581599,0,37.88606297737809
29.820667273353862,48.42096485302154,15.771016984912286,1008.2054058904954,0,30.837208562678693
28.6873314731752,42.072649043496384,19.380318561352425,1002.7193218753589,0,27.496691038541837
28.937972982162513,51.02608634761032,5.973189299913779,1018.0200188906656,1,32.06053360235199
5.723274206543898,64.6851852891353,25.108312086372067,995.9313743780694,0,3.5105912840704616
22.211166058492434,71.97992683368528,26.45271124171289,1010.3216056743169,1,18.316590013333364
33.451579711843216,77.06697954680294,9.21775795644405,987.463689843514,1,35.88854328528115
24.511028165258946,50.116199538661746,16.54936014678535,999.6359757664173,1,23.292541374808255
10.94810153196425,65.67689134605473,20.138226053368253,1004.2286606155258,1,9.998538489953196
24.475955494225307,79.25005183906597,10.635086749369979,1023.9672420762928,0,22.595133587572093
42.04105516255491,83.31189790288256,18.852910765504756,1019.8810802440427,1,40.62260297589266
37.46891715534719,58.82334291736956,16.306045010337325,1007.4606531615776,1,41.67801743792779
24.379959906339682,55.58136550120775,3.2566545788895933,1020.2936979512975,0,29.367456203690683
34.514492770580866,63.822484676727846,18.673290527828463,1021.876229633804,1,39.89942867901469
21.334929796319482,37.00585054205189,6.1988606698317135,1011.3933515162528,1,24.60529165985202
7.9612841317328105,56.12780977928984,22.51362281329638,999.1562185578631,0,9.360097911052524
15.755340118704456,74.8917279694626,9.630311398928889,1010.9208768993389,0,11.458483342905117
40.62888768508198,72.83894258887402,13.709716530710839,1012.0210759482786,0,40.06631357638093
22.260069181706957,54.59464791272222,25.9782313075726,1000.6754560916977,1,28.73033264757802
22.56616020624982,64.35436402174334,18.97105317223076,1016.6704679292997,0,21.259295469991855
22.001618037251195,43.50699319418625,6.364208643403638,1015.7981185430235,0,26.54405146156802
44.04136589573007,74.0698429645005,6.88066743360733,1017.4504269989419,1,44.2064733528217
41.25958915362063,58.443571277270536,10.205577691010197,1015.7892309716744,1,33.22516199606119
47.18780233448134,54.48097096607724,18.157152666853328,1020.2984303511498,1,49.10925902548823
23.409547895999488,52.76552327813227,17.866398519462145,1011.2067197212697,0,27.208311984534422
27.95624488747095,58.742122662002835,8.255181562697047,1015.0178510737095,0,27.809256981549318
9.83357450579209,51.042447101360835,5.662324115085127,1009.0225971575446,0,13.532727519248331
39.769344261182745,73.16286072005127,17.252667240686673,1007.1550078437805,1,34.765861717931486
13.32220448732065,52.09432903967639,13.545119473678705,1026.3824963076208,0,9.165511695622541
27.167755637626293,91.85928192054763,32.2577270995819,992.5623129847351,1,27.782348561883357
14.02697472367156,89.30421006962762,15.292829252504632,1021.7675998915427,0,15.458318907124154
19.11133173261304,42.169130202909905,29.514022621602198,1006.7945912455434,0,23.181068338389874
16.627375689502998,61.3940853885856,5.63693121516528,1005.4996182235687,0,18.54414908974868
18.92124739324182,46.9868675732761,2.4142964835063427,1015.6157748406541,0,15.340360125146692
19.608772968510216,53.46704873622777,6.039318939795724,998.10390387649,1,20.247909834733374
19.51731205074923,100.0,24.51303825162773,1004.839769280538,1,21.319494386613677
33.33333911780307,53.84857165768402,29.048812717548273,1004.5086035348701,1,27.710637121711684
13.951372069374798,67.20452074154858,8.742564368378929,1010.7860174181491,0,13.820471660160752
27.205414270138668,70.82642588016557,11.31547176192354,1004.9586231183931,1,26.198666638323992
37.179591523055585,39.987412550335186,5.648152718300002,1029.0111868563927,0,35.21551230181835
19.86803635486604,42.8980905118159,0.5068812230529023,1030.9701651649796,0,21.364367510124055
17.820811092523982,35.87955257183762,20.74729358221304,992.7800647725194,0,14.371766512850211
22.694753748197492,42.28058532204446,16.784162423697303,1018.4432270476574,0,23.94539228420844
36.797252083607106,2.9993978136563584,15.083903861391004,1021.5866343907758,0,38.47572547123379
26.941076309533578,70.89164801587256,3.7995477026929603,1018.429852023911,0,30.1923662403165
19.687857053924013,100.0,28.119653454629287,1006.418865069083,1,16.3175992655462
29.838766511880397,62.95641478073054,10.973146095604214,1010.5590443784146,0,25.323063856816756
13.977078501635766,31.674622813187852,19.269011398531806,1005.517253452223,0,14.813789323652802
31.81359510442948,47.14447234200104,3.3635087580422045,1008.7973596884117,1,30.954781402826377
29.086073077017677,50.82246309950006,13.475798483039702,1000.9003497133283,1,37.79402386449884
21.92191528861116,39.648304455732486,17.330995649908672,1011.8521117836545,0,23.297410717339957
16.61414201552769,77.20365276790314,17.61660174442646,997.9719828869493,1,16.788627150640234
16.133190777165428,76.20520088750668,16.237188345893,1010.9986544577187,1,15.614706910136182
30.348173363459104,36.89096412364681,18.956179936390182,1000.5141831090024,0,26.693987827140756
37.28980502489062,74.50162088895016,5.955836351736311,1015.068163617914,1,38.98144968375441
18.626922529712054,90.5362532715453,16.57898084351728,1006.2058043905711,1,18.38948745089966
29.583867035514842,98.0511641045912,15.910061467842219,1015.9058034787454,1,29.348925985226536
4.1297298139793135,100.0,16.853381473560486,1023.8158072836478,0,4.4130597904752795
19.153822693428005,41.96014701113605,15.578761738553455,1028.8944693610472,0,19.81746028317974
24.68941067129098,100.0,4.814297808692819,987.7199541097951,1,19.471643733538414
15.903165830181663,52.91587222982423,4.45760198312821,1004.6580590612622,1,18.41423484929446
15.63493625210404,48.15069089238971,0.0,1009.9691392288798,0,13.095603127656272
18.322204435311136,66.5414474975569,21.540276078762382,1017.6032781838148,0,17.908107842905252
27.92192728326373,48.358773318139754,21.62126007788159,996.4964549584547,0,31.7796420452596
23.126709815936252,67.98088281293052,21.74840232977696,1003.1790759319979,1,28.465055592746594
2.617687666750278,33.59845624525397,17.454319699691613,1014.3035720265711,0,-2.483795649128897
3.7929984736493374,55.22494795873131,0.0,1013.8488824152666,0,3.883732956673284
18.931348221428244,85.71164468723359,6.786316065717871,1016.776184064201,1,19.750087776926353
29.57686586053552,58.85877417137688,16.363323340744895,1017.4367572688811,0,25.05427578196118
-2.4750484272523465,62.831915734797654,16.084144022334364,1016.3859443311586,0,-0.06727433399785188
20.002698238483696,69.50517209434624,13.218014294783831,1014.936553166315,0,20.351486270726213
19.737521434825787,83.4132325863532,17.951337623265974,1013.5573977332637,1,20.320000221910778
38.88337778208448,26.895505756211342,15.093213661481965,1019.6476308972436,0,36.130719027058674
21.149781882871363,71.6904810367487,15.966163724410894,990.6067733343577,1,22.388441813015408
28.829889847409284,54.63721721516474,9.88747733734387,1028.4433348697123,0,31.344561716579097
26.412571400874633,63.33275790623677,22.856087888972723,990.9551794911968,1,26.794465052052434
3.694335201927995,81.19900339524753,11.553827130556927,1002.2083818309551,1,2.1525274990388343
32.682072166317376,36.11626697176312,4.354807335834989,1010.7323920334985,0,31.373864212178283
27.153965054562878,39.74711117113821,8.832007897450172,1019.7261289108984,0,27.815152175940774
30.082686396745896,21.291400805723875,12.212270469104158,983.0473310920038,0,30.229078531887783
64.26237706436326,49.01682116472447,22.952022306950774,1012.7187567605816,1,66.97684342172145
4.1588706050141155,86.60864688757633,14.661856012521655,1020.9239503941574,0,2.718095742441618
42.24696649761108,57.58825623053061,13.510814248274809,1022.9451811602847,0,38.59182468938861
22.125524805996445,33.19750208690429,5.010692601898981,1006.0267034150254,0,23.203683037957955
27.873289044030095,50.28642510849906,21.28386071863661,1009.9916471304497,1,26.440699485033985
24.54487754698758,30.24276593018754,9.784382767812914,1006.8385187110737,0,26.89592339409668
20.757636666019565,37.49627796537676,14.199777128469313,1009.0732534647392,0,20.780252557392366
19.301670717612414,67.77637820527427,26.841464615054917,1002.6817344927157,0,21.26611033070688
28.29508735573009,36.52253347387942,19.070106648394436,1004.1074783752908,0,25.252136215537725
9.828263033283209,82.25268610406604,1.9739676182786052,1017.3437692202837,0,10.258421822972672
32.50579167521766,58.57759418339328,0.8439181091802226,1014.3161537327275,1,30.40800205306591
20.83805595114746,61.71189407889051,14.485516399046032,1017.9158650759048,1,17.1769349919188
13.699306609596423,54.43254064784212,5.29807508100156,1015.1401438970083,0,11.115982975383378
20.499871420041863,75.45695677087446,20.188373981063982,1020.043386011476,1,18.866440144714286
37.571492168625724,75.66319775554021,15.338104519719833,1021.7821399815499,1,41.30557574969728
19.64664912983777,66.70108703824343,16.323078152190902,995.582833801339,0,17.93382793135979
28.5845361820962,71.29578211815296,9.346054546861176,1004.4569034958564,1,24.76991543126153
17.690437242845267,55.75820660159149,28.931069242293646,1010.6862404250996,1,18.084869510335274
32.5792184992362,70.84406013818096,37.74074982408368,1012.7732247451266,0,32.66676048126922
31.855077387902043,53.242444490523866,12.771322209946282,1006.2990942618196,1,30.378918351871448
43.486088332964115,60.04463244324804,17.824313987320007,1022.1202367098831,1,43.00241793542573
23.244360545007844,54.50712501267405,15.7793387445145,1032.799483682906,0,26.173041802997556
31.686548047579066,50.85562921361608,12.92250509247145,1014.8616195558174,0,33.6986653437766
25.980675395389447,46.217764045564195,8.343436258137626,1013.8434103219821,0,27.733366016010642
37.95871781863014,69.3538020771777,6.3202561001561826,1021.4945625510433,0,34.40768146506945
17.811676123912697,86.21211825626926,5.915221875795806,994.3416024479657,1,26.471320309058665
32.45005312877281,83.42203943339119,18.241920204393164,1013.2846894043842,1,35.60380975959547
23.053027038833182,34.868693281091296,10.842604174370917,1022.7903582546752,0,24.6041127284058
24.35811822891502,85.78406102813747,0.0,1006.5684600279889,1,20.865182905723394
25.91752484448373,53.636829967641425,18.558865764786578,1000.7343942009803,0,28.760715182686052
27.522403964266772,72.01466030291184,14.693909740286752,1011.1419438990022,0,26.01901843336879
23.83770956878042,41.87569335905578,25.773384011209167,1012.3931456679808,0,23.254897154872523
27.147131831705263,62.83959827748011,17.984979176728075,1003.9134771808455,1,22.104794003527413
40.781180575621846,66.27446365793814,3.170611229517622,1033.9616127605095,0,37.05673131780032
34.85449685615218,30.307904161606945,0.0,1008.2130361899206,0,36.170136352633584
33.69154592496896,72.16534332688379,9.244220925296501,1001.4634064857344,1,36.71024995078043
20.444604739761292,86.9187001567663,9.999140634450779,1012.0637868092939,1,22.4993179991464
16.10759171771676,56.507041086367444,22.545273608001335,1022.0786063770449,0,18.060048707945604
34.55300558237753,87.20336261656026,14.929032541683412,1013.1741424899823,1,34.35870621149841
33.760467925297945,56.20613013095185,24.06950798478807,1017.85593920044,0,32.54034687919931
39.72670675750982,76.99169062093235,4.401335554378923,1004.2848940566685,1,40.593392188205996
18.960193740307705,15.62860068097801,22.722115075043583,1027.8768844640351,0,21.424418709608528
22.70451344639653,100.0,20.767913227447355,1018.6171102791844,1,22.719100211197304
8.60515837474566,89.90916490485914,0.0,1023.4770156887761,0,12.235914434485874
21.07528893939127,54.30748991492642,25.58094273008618,1016.6516063247517,0,20.43008114794325
34.96570510579447,20.558219467123642,15.747667934130822,1021.2488403772878,0,32.024868299906316
20.335046207718023,65.76056736610978,18.136356030948047,1004.2694744032277,1,20.30395948159502
31.404797952008238,31.121489058524862,8.080831100572619,1008.0858958331044,1,31.722714786786945
23.094968940021886,68.89707075114976,25.201976103375777,1026.4648059555602,0,22.848878738192656
28.240570282215607,68.23131438328564,5.513181366089041,1028.5974194728396,0,32.08253696486239
13.523086101843326,41.1719366199595,21.65673614699157,1001.5293440028092,1,15.938992044015443
25.85209449633901,82.41934047228756,21.56485980726937,1015.4973606786381,1,21.55927153047388
-4.9113597090072325,76.11149405612346,7.206660574622223,1008.6905619951477,0,-0.30825866641237454
23.13103841838015,79.51646674577127,30.866988795380593,1006.0296853063514,0,14.906787235892633
8.6952675628486,60.177154073377906,16.852227841740152,1015.8483969535545,0,15.148340681406092
37.059945165468164,31.68951866172587,20.231140882168194,1024.4096293236541,0,36.19802862479754
32.774073527645115,79.55744544422275,2.783033637313954,1017.5166247328419,0,32.205370317690615
29.66670981966081,54.592572017284176,31.94184002406852,1009.8048755008097,1,29.48666110273989
40.2100622715938,32.20439713614662,5.203544478199282,1018.1486117993516,0,41.36567857011434
15.510834791751627,87.04078731948653,23.19909146212744,1009.400238264191,1,15.510045187951098
42.473631979155584,100.0,7.041826256546437,1017.121143007306,1,42.07344641264378
34.32191564260385,59.17503742041594,10.048089577218539,1026.9646570045572,0,38.2486705706724
22.63444712781054,100.0,21.310032351083578,992.2284034069917,1,24.331235367063087
36.35620147182944,61.82629457222699,23.220421709401258,1020.9725229854004,0,33.47978990871716
13.937064875883658,52.390881916672974,4.829726007087183,997.6094507842953,0,16.159086618890832
16.754858384723263,47.39083091629045,23.72377735245595,1025.2832771054445,0,18.32717939427328
18.914102767602998,92.74164815985485,23.35984396106555,1006.6297439012714,1,17.27828159085934
19.710222919359847,44.39712237224457,7.496372729240861,1000.8232862239352,0,22.08663819844633
14.434423572397472,74.70538619949974,27.78918074872888,1019.9526922708875,0,13.961705768728352
37.23083067095325,48.81672329881583,3.345138974015695,1016.6417006314241,0,36.565810254577954
22.411455996301683,50.79386474851274,10.001819337779077,1003.0081309703834,1,21.66471664400288
28.525049683568795,80.60499387939134,18.83202099273591,1000.4700024283161,1,21.240695512711596
19.296486335863193,52.399263074212925,8.171469722379149,1011.1251851250872,0,17.71638833705939
6.793966994514829,51.904092411594135,17.110552685434726,1000.959130498288,0,8.933486720891633
27.70057358391422,82.65609394349615,16.92860863042636,1002.3852702707637,1,27.63333985520293
5.87745024580223,91.94794586443246,13.503405840618235,1014.1562079042143,1,2.021890956234981
24.313659539145313,72.89379606568467,21.659204308724476,1003.341283657449,1,27.207553304721426
11.316849611671895,46.90460448752101,13.173113658738886,1017.2653929002654,0,10.421049133041707
44.872759992308076,49.78783001404841,16.852328550510446,1027.9014359588348,0,41.208033520323504
34.113627221747215,61.59830527480075,24.171775019903222,1011.5144458509942,1,40.73166460676026
26.057537912714803,66.41860123851315,21.325489680206722,1014.3015106198559,1,22.898020129251535
37.63706677654669,40.24268179720456,21.288138326513668,1033.1809673283549,0,40.27554131040382
16.536840225342644,74.46075879159727,5.806563182265759,1001.1239888262265,1,14.228897922778831
30.43479378670093,61.71026659279198,19.198340604010575,1024.9123519518075,1,30.842274290422395
26.998104337187137,25.685833627237415,7.972009672243962,1023.7085759791248,0,24.29156144708261
27.6402008133367,41.42147035078539,4.748680161775789,1021.5431733917378,0,23.922288269515725
37.723535001067674,49.91742652696672,14.426349229720254,1025.9174785073262,0,39.2901426350819
32.32492102779802,58.5428462231789,7.7656385067872815,1015.8057496595862,0,33.54079266320122
27.887236628250232,97.78557591007993,21.324941750719816,1007.1707050440074,1,31.321184960907424
8.451125637717038,64.76342612279257,21.516283677562594,1023.9457329122057,0,8.347979846829448
15.399537047205364,43.1845622020275,0.0,1024.3284221171289,0,22.060592429584837
23.772910664042758,64.41261608614326,8.373579683384879,1024.0531390149329,0,24.577950666353864
25.933723742766514,52.95824505092238,3.3217066246560094,1013.4450208231924,0,27.63404778647815
13.69796275326076,66.49516479067084,11.298965787256876,1005.8380548638668,0,9.622675017939075
49.11676675578421,71.6113537407123,18.641405358950596,1014.9136225411161,0,47.27451381041662
40.16394055253573,84.18461294447876,13.061695214572893,1022.4223001756784,1,41.72297965408366
31.021183203924835,59.51427008659948,10.281926074662916,1023.2435178985996,1,30.768499916684085
25.720368612837447,92.77921055199667,25.401412214505115,1008.703238729254,1,26.283418017941354
22.877910300988482,78.16045325072383,0.0,1016.1537289612739,1,20.4284290338459
15.480815399777644,45.85120910375625,24.894975148145797,999.9122169551405,1,15.846656320192508
25.774805185188626,100.0,10.645693654756116,1022.8495010300585,0,26.130442859963836
27.577525401427508,66.53989026540195,14.375127919097684,1005.1669124327493,1,24.03622034177179
12.582394245183757,43.2975099205553,10.781093298239131,1020.8525535957154,0,14.510043779225528
28.341764172448976,93.05826102460844,27.343104844312947,1001.5069542260984,1,23.241569331695068
23.44740951175251,100.0,5.152172025557924,1023.3141590643401,1,24.000123753545562
5.921924421226091,59.33949472560879,15.093890957775487,1016.2183519002277,1,11.218702502702593
16.39614989220498,49.926994792488074,19.219509214879974,1005.1864230438306,0,18.43780150566223
20.863944665783556,56.55250085092676,2.11197785691866,1019.9135638108053,0,22.886842403894867
43.8768765734019,74.29463455035399,7.640814636430771,1007.0963830819467,1,41.184596548555845
30.56553124533758,85.55713310061029,13.814571732014167,1020.4955503744512,1,35.87271740479616
11.645184309001086,71.40974661727147,7.906679722525002,1010.2588852461928,0,15.775338592807952
29.86036289417637,62.034464169435395,8.475265830246801,995.7895287437034,1,27.329592825489666
9.526960110616345,89.96023540608854,12.2010986953885,1003.1758375951906,1,8.102670385171715
35.826910538870735,53.743270538969554,20.196650653169385,1008.6958529131272,1,39.5908786736508
20.288753481821214,80.61838676733814,12.258257784974845,1026.6818902374857,0,25.677195616771485
24.06363811260829,54.238744032974424,23.627409555783572,1022.0114363052922,0,20.269580007337428
38.2579664754219,68.62045916021786,7.017937738725162,1029.2386141232214,0,35.24683416624817
12.128364314157501,57.72874870419097,4.9846219162123795,1029.5363521602985,0,11.697004044890994
11.028818148870087,58.882956346943786,30.410763245769072,1007.6524919540908,1,4.515536060542542
19.164006736539953,52.4522696507558,9.73633497867591,1011.1151314024117,0,19.22114221716822
35.38378851019317,86.89708062361389,4.512703943422721,1008.8872007566946,1,38.941019052283124
9.806539245231576,45.3414792378293,1.063568465825357,1006.2848939469892,0,5.490628196524328
-3.321555981105689,45.195354949025834,23.600827630471514,994.5850529066354,0,-2.9402350861804276
20.48841141591001,100.0,12.269563882719526,1012.8525228198316,1,18.743099300924072
30.517407999109203,79.55695129308663,12.970322119468811,1000.1443440628889,1,35.43724584537095
37.00261749738829,12.297726026139273,13.726386307306884,1012.6582811846567,0,35.29324191098914
20.36838637914601,48.69482521579193,23.10354307735825,1034.15770809563,0,24.92536564239176
20.885733928839976,23.760213248758916,13.563761328192637,1007.9065490366929,0,19.093368716406292
36.53900734255747,40.98618613169489,33.752430230661005,1014.9477400562806,0,38.852534758559855
6.302583003045793,0.0,16.070084592433833,1022.0664838580929,0,7.05841985813389
21.114792248169906,57.260208446121155,23.49427813566657,1015.8029129196591,0,20.699974248627
26.90423889925058,37.16116361677377,21.441918863235255,1015.924841879423,0,24.532653192088652
29.492187212850343,61.19810513592877,14.708421437935698,1009.3759756631192,1,30.461473476804024
19.901933068091175,27.497574822349506,10.304232111836294,1010.6812202493877,0,18.58032728063644
25.344410117058413,61.6582370634408,17.655711428532427,1003.3998947781217,1,23.275111442634
0.11672646587010505,51.701674437593454,19.080789849658185,1021.460450088894,0,4.534894689997266
18.41751587666152,90.03905930377192,10.419311614987782,995.585083433859,1,20.0601065591412
29.535087125544674,88.2271372349125,16.330710927605246,1022.710883383822,0,31.466003981266283
15.177059657453205,75.70691206020567,24.889639826076767,998.9630161525475,1,14.002264101616417
25.589842215895974,53.46772438677575,31.55958191255743,1022.6260727407665,0,25.03190717464606
29.46872500802698,99.70760790520586,21.83495456279537,1009.4618247378781,1,28.722995005973644
21.57450799142235,28.939294443203586,29.902077491042256,1000.6813131186692,1,22.586224728925284
26.70463770996571,31.928827408726747,9.965006310348354,1018.7929864507963,0,28.630048065493227
15.372674347153877,58.32433800221871,20.61505801647435,1022.2876753507577,0,15.281920236219163
22.933887203039532,100.0,25.708156068650176,1008.6192135189647,1,20.55595222049761
31.102161695892224,55.95322186259825,7.829333336224033,1020.2061054867893,0,33.38387306697187
26.56972960968434,56.33509513581436,11.115279103639926,990.1491550533065,1,26.66994121430935
19.134687304360646,31.161792877763816,28.903238094682003,999.794037102534,0,14.812178168047705
27.24216404290793,78.91859170540756,7.199209153704481,1025.9240893046872,0,20.836279792668865
32.14609790636618,79.06352508658708,4.270959738754314,1010.7633072580209,1,33.0397894327476
4.50058721422522,75.7815040279982,27.223852589116092,994.3778667355115,1,2.012165817592108
36.59074064955898,47.415586543052754,24.574105799843508,1006.01133819558,0,37.883927037748336
21.637452613189282,45.86586463253988,18.456961951870156,1003.7659952747492,0,19.31059768659748
29.254899332402303,34.13755499190059,14.63431396283338,1011.3403826852707,0,29.654456649887326
36.97246923645228,61.67745003521867,11.491803955160144,1009.2924901619235,0,35.837264652566
11.283263027695341,38.39185341442997,17.25559099047241,1014.7893172893816,0,16.539025458515255
17.905589975724535,36.45166989501423,27.638455659212397,1012.3053394838743,0,20.756536949180468
22.11451304124295,51.526185661786485,16.908529009136608,1026.5973925503702,0,26.156403741806443
17.162464788755717,50.21687649631568,32.33567413797573,1017.2454859971967,0,17.234608096112915
42.34936575836808,49.2404294235609,7.816464114878157,1017.5767161119359,0,44.81644857571273
16.432279061732075,69.32889193680522,14.842553965373845,1024.6515712389453,0,16.7072292945355
19.444532205131335,61.580956043005585,12.015530658688675,1009.1123124957041,1,23.85330630743251
27.043890316029767,54.23687938977765,6.318867654701338,1000.3812255664152,0,26.826204120260947
12.978504739239112,63.66025856622964,13.775330135922756,1025.0697032463224,0,8.78603671815673
21.04319288243736,40.169459177907356,18.33863441328352,1014.3584174810811,0,15.047328306675544
28.17453261250175,62.10557247819356,19.19384143961624,1014.3935120789893,0,33.17946597119529
21.671395956174887,63.01204985689267,32.36361743155645,1006.6667007846976,0,23.106909378627464
24.066131411000516,29.939062812850388,18.715739757788477,1006.8314466689642,0,25.698901961125742
19.706678875516292,79.91387508740723,24.201094429436928,1021.4672233877085,0,24.17562240239104
9.85529690819233,42.37132589546009,15.528753970391808,1022.8465579813761,0,4.900092077014463
28.215932113392384,61.8061959841287,28.424444803620762,1020.8382340574666,0,27.14012846769696
42.54933071647241,83.2882348107054,34.18759428470456,1020.9296160544548,1,41.84112122762731
25.18401630783438,78.51353515427739,19.248681047807597,1018.6902953725976,0,27.410842007455425
27.252641172475496,60.68666777137671,7.0587278763873496,1014.3152273007815,0,25.17472049717285
31.927227551168595,52.75001994235863,10.609559817782653,1011.2462031567902,0,28.323106320624227
12.306695034533009,78.95023817151134,17.255474425641296,1025.1032384994155,0,8.675649081541687
42.025146581296056,73.4938995561724,18.651984282005166,1009.2627912950957,1,45.47340081011212
27.02328796422802,47.6326995991174,20.587401075074975,1016.6997921388074,0,24.79569168281867
41.31856899089109,44.10212705996619,18.68158144984033,1004.9598700204575,1,39.662516537925654
17.669670044760107,18.552896366080034,15.05587933004751,1006.4070096314955,0,19.57316449694382
43.18061922557825,63.08063683367175,9.91041247038297,1010.6384543214277,1,41.083783000873545
32.75155494034783,58.34604509963203,18.209106090113835,1004.9606162327284,0,27.636709672080904
30.530400858523585,82.72382749285084,29.839898859845253,1020.978518254783,1,25.785297337348887
27.34024454353148,67.18110186960733,23.159428843422038,999.5196574845497,1,27.169822353385104
22.514713819255505,86.68458388345381,19.277631597089584,1013.9922962338107,1,24.00669911035117
37.00531658473872,46.05271544167658,23.23653539058201,1014.3250809684218,0,36.39858085318746
26.40359869848047,82.76300661935237,12.03148776879318,994.8920042168032,1,27.694926809907678
5.329302964128477,49.4216724179069,10.933878831333438,1008.589761794764,0,0.49079038610556935
13.828135382929975,75.55192123584544,9.017719165072144,1015.5569953804815,1,9.19222476002565
23.141542478072527,30.82483214938613,13.997707017844498,1017.2872799329407,0,29.90335022695525
28.09998983165555,64.70270598732377,11.623952826327358,1010.9569279139984,0,31.79834264806559
24.43411511100104,20.3062411710818,24.666197925217112,1019.7688820448071,0,26.741030786696594
37.18970789793663,54.657250281164906,11.19741265854249,1011.9068374276396,0,35.21053388573331
5.488981359613753,68.80707987755827,8.57822627020067,1013.1365291207505,0,4.7749627874224005
26.4358793650516,49.58062897537808,30.540617430645053,1015.5165386898656,0,26.430847413650802
6.820207746128453,38.991247424880655,11.388998151349252,1022.2699962873417,0,10.763246087278024
32.59712295484168,76.92236938591867,16.228227658002808,1006.2428199758447,1,33.80547125417696
24.055412855579974,57.93074420306153,18.610582597947293,1008.1317812748171,1,25.633154259443376
29.196099720241182,50.208587059386566,5.906455048633479,1006.3110350827078,0,28.693134914888685
16.361170394102338,60.83791842308553,24.883870156024553,1009.6780228385807,0,18.73916559462259
37.79464931657751,100.0,20.09695232328982,1027.2623425807976,1,38.701617558871334
35.417246640588516,83.07005699563088,27.467072095046255,1018.7272531932982,1,35.54931483882556
30.835443030118874,83.2514733637568,9.566224502255197,1001.6891025483116,1,28.606190513560062
23.70482753136559,68.71092637984728,15.79300633980928,1006.9955303441133,1,23.364112305060694
30.79857285295132,63.32970545154294,15.314846039953563,1016.727672242764,0,27.559974741611455
17.931074320126513,12.078354233391678,17.111107954800175,1003.9349221906723,0,17.810657302165648
33.55555659020712,46.42039307073736,3.363082011382712,1005.7465995918525,0,33.822290664101814
41.49480894323921,50.38851173595051,15.88669102953778,1026.4495966617415,0,34.28125378942026
35.70610559979186,22.50215871904934,3.5882887086100386,1006.8662437152682,1,35.01508698249035
17.703975301925905,36.85168419569133,17.86667256957537,1022.5466681602938,0,14.176334688112126
28.61417317273103,20.383270581547322,0.0,1025.5532318953094,0,30.11009114928111
12.068584562413523,59.23352328605255,0.18730532567530744,1005.6653790883104,0,13.980063793066508
30.72390311175676,76.37531941697632,21.548389731519986,1004.1003744344285,1,29.444883658760805
29.506034128625387,82.13549037248657,10.625292358441738,1010.2386791351884,1,31.153100389991135
6.3018366046783605,68.29568924158482,7.097135410942073,1002.1137227932637,1,8.075037413683543
13.382161560876362,40.73207317602862,25.166764968604383,1014.2103387850274,0,12.693014042641058
22.16861103256233,21.35869682960081,17.62100973862732,1010.9434808814661,0,26.771471958473303
21.99140252859174,24.862626011969965,21.97672156427027,1016.605800158863,0,19.816177717572234
12.905230645811947,34.62034845491003,13.670063421433357,1026.9694345623282,0,17.319327755571447
28.889787293521838,42.22280603928651,36.43702955120003,1021.1748498077031,0,28.214189005972223
27.51473608940512,56.80503004016827,10.16388911552164,1017.8923977541235,0,24.984757029727216
23.057308680214806,39.71671563746064,28.955964394879103,993.3395158703208,0,22.00266325280166
17.44208499841637,66.77951787336522,14.509071679200698,1017.4337598210237,0,14.1439173152284
35.487071264165635,55.354529944010544,1.7639168406980321,1030.2262766070455,0,37.840744866333246
41.55407113088295,60.210914234820514,18.86278996598487,982.8947748368648,1,36.74576419665712
20.16438516153463,82.8050110534241,17.51810049164131,1019.8938254297562,0,24.333210822841107
18.878330828451794,36.3953653159926,6.589425486086162,1011.4064142524354,0,16.070729223212414
29.912076654119964,68.37409156584737,7.622245782922282,1004.5020499697705,1,32.42203676965783
21.419706202530136,59.720535430478535,14.802418855320061,1021.0112858391195,0,21.49238378571154
23.606027993367658,53.3302743806061,17.79798252198385,1030.0970590060733,0,24.418473842516445
32.396531517246714,77.7051264173192,0.0,1020.7523072883776,0,30.626401403414622
5.906439124927072,77.58028309114015,23.424971620190423,1009.2880804873847,1,6.964863125926469
38.183023248526695,41.07018408023144,11.04401620948018,1003.5653017559184,0,38.58794611417929
25.726805243293413,56.35678832284152,4.34602012481459,1014.4462763378955,0,21.353072038785427
20.885068554378197,65.62423365168131,22.528532411615444,1021.7316929238159,0,17.997568545578424
24.10765845778551,54.53986503954831,14.81105616465235,1009.1294697376627,1,22.484922124756093
24.624293550205188,71.70042664575597,24.729326214258034,1010.096170083492,1,22.35930399582584
7.687986965550746,65.62384035820551,18.503618103838043,1041.220002498384,0,11.4464198017017
39.94938227453236,96.65122480712026,14.987883976415631,1023.7865194595972,1,39.97042482607486
25.413256322706186,29.394417281404248,13.77816044015875,1024.5012867839364,0,23.07724227978654
29.43002130447375,57.55128020505205,18.861702084449103,998.3971409394119,1,27.957711832464632
34.51549770574043,41.82994976975618,11.691749929525358,1005.9281132070654,1,33.00210845509923
14.788375424396998,72.08214910878088,8.179419290028004,1013.7468163945424,0,13.9242270083818
29.734718990352285,27.65656219908911,19.87927298123715,1002.9886244211485,0,26.508730776193485
22.323589091012064,66.92625420449774,13.844097268444564,1029.0039729888929,0,19.881795759220108
33.46770775216494,47.39903137303318,15.26854118455205,1027.1031230659064,0,35.76752848565757
3.7277257964850463,45.31676267757972,23.715038689236863,1007.6645466261594,0,4.283755106585787
24.00905699758731,31.070035929186254,14.088987138114073,1030.839186066075,0,23.55204435796671
18.971793442160383,50.69848107597988,15.120271404334325,1012.9574790328006,1,18.979661894105682
29.322629506341556,81.69001060581851,10.202803908392545,1038.8938971738905,0,29.185947236615323
29.70044187368202,59.49622632941041,18.445919471854808,1014.4468613052503,0,29.073048559487088
17.92374105177974,72.5536083574895,17.798623301440703,1018.7619275032843,0,19.475055567902174
17.878261358239563,93.2928364393255,22.206201054324463,1026.9990344116957,1,19.20774131578334
23.893346314426704,65.27511169645152,10.366969303944991,1025.7763334980782,0,19.17805739474506
16.033577726847916,48.824008558753185,11.337464243278514,1018.1073206613589,0,15.638891169120187
33.41983695452127,69.3450443036558,21.337099193163755,1011.5885968055617,0,28.902378756498976
21.30792799552554,49.114077073714164,17.01770402690291,1018.1413269999312,0,23.214659605892656
-4.069882193216415,49.91154633405661,7.750254990458443,1004.8381582812389,0,-1.766882522665564
21.251779433781937,29.602144007620304,25.452432541876007,1014.5213371886412,0,19.419442740856848
14.614561791560277,78.52514982168785,1.412395452797993,1001.90692467502,1,14.26428492555613
8.687241845390545,52.27994848701121,21.274278026110014,995.191183599197,0,2.3529209540238076
12.625733617774275,63.64196491631724,4.878303712014427,1013.5042676413944,0,15.544103060050354
26.0940847183297,39.28076142786721,30.086308131884216,1025.6227789067168,0,28.223105939083908
38.28640828248231,68.71895259430944,2.6432021847550136,1022.2580464159606,1,41.73666406769489
28.1318447386498,44.761175237298325,24.218005214981986,1012.1808770427439,0,32.591477159661096
18.934966117842603,57.165825565963516,14.346925119910049,1030.469896981755,0,15.262638238912277
29.559041951707027,77.55652062478252,12.067179441290047,1007.3093860915343,1,32.223174556622354
20.40909689781008,75.81518624465059,16.48317325174209,993.8216733820198,1,24.84701023106546
18.053996308368554,59.55939854966119,20.055202713262503,991.1789870579904,1,13.570262695280846
13.456373317670156,24.637379345865632,7.764795981353044,1001.1880905940428,0,12.942739682133016
7.48171193248281,100.0,8.473698198651423,1021.1662474326223,1,6.391505982794537
21.100762934405548,94.91717940546272,20.196838920903087,1006.6519731653261,1,23.667148526980043
26.580534899201318,74.45349649776597,1.341256370803201,1017.609586418573,0,19.39871170016908
24.033763299851103,44.935924368180586,10.326167254463318,1029.4628338358398,0,29.481636388547685
20.840330720526413,57.728156765960705,39.32549563327552,1001.9990303742219,1,20.502719527942634
15.54253939303219,49.13159140446966,7.255896283285753,1017.7849973179589,0,18.290822599083626
31.082461916849685,85.27711878192777,24.18242233407802,1018.3896307265572,1,30.901750203774913
11.828680800534151,65.25005781703668,10.312393850289503,1004.392620115269,1,13.305055953473174
32.760279138434754,44.31672283280334,19.072361158377152,1026.542109252451,0,25.796024362586305
14.977829810732752,50.58489801750436,20.23484552476974,1010.1229294445052,0,13.823182692330622
17.47564762646965,82.4237628513981,24.03165388146358,1009.16247019087,1,20.018931260500686
10.33214809384323,92.00195693640956,13.397969385497795,1034.1161321841798,0,11.198345133984313
19.985978531143633,90.56663126972491,30.911077110038825,1018.2276674236672,1,15.07545525296336
34.75312458477979,75.14064130107955,10.285307483318558,1022.252905496855,0,34.93739926640963
30.156280884439564,54.947502623947265,16.87376330879648,1026.5489293152184,0,27.70005390685505
34.78422112028035,0.0,16.96221545774086,1006.4952600054079,0,32.06796336676003
30.221425459339358,65.94320047616444,6.024255040404677,1025.4982109705368,0,25.659342639389205
13.963301714696307,59.96342482311799,12.713021960167035,1007.9810588500233,0,15.819409580417696
21.692107756724425,62.79964192642707,16.29210799390726,1007.553766106617,0,25.03115108853133
17.198008708825373,61.07794694066413,11.543031654964642,1010.2800002769186,1,23.558438111313908
38.3057490403904,33.47475676101686,34.52739172365228,1006.7793516505504,0,33.88360386516162
13.032113535736885,71.14817113702371,8.291010611203754,1021.2215643265716,1,15.334230019416312
33.93697689389111,72.644326280637,24.435395745123422,1015.6721065514506,1,36.43649100515383
33.929538701087694,73.64677564119319,21.851678505190293,1008.0877558538289,1,32.188024669433666
43.29620201716087,78.93154007146774,14.88910292396583,1019.7450503315482,1,40.54346686093288
20.903134073705026,72.08103289843247,8.078327569182026,1010.2481756261366,1,17.645907110804234
32.123221595801624,51.799411769221784,8.85395743686584,1009.7192962963533,0,30.541161865420978
47.816518365388426,58.583263041678194,10.856261606267921,1013.4868388490154,1,48.424383152956274
18.823583230663033,61.82249734506754,0.7140697444298958,1017.6346035566622,0,22.90391926218347
9.649597524676404,62.15398898213237,6.972276593605676,1016.8984764937742,0,12.965612538706754
6.199899660922362,79.96435311943459,3.1401878770908596,1009.3675081774717,0,1.3536488281163752
32.12712028861331,72.87337506044982,25.767000025421734,1021.471112074394,1,29.760590542811777
6.168497919414161,100.0,19.947699139105747,1010.7760584892035,1,10.067419042342573
21.276809470620773,100.0,21.28779279092368,1006.4501551139128,1,19.083530972835568
29.373131870389606,61.5929916522785,19.710655612335582,998.3197835123265,1,29.20238938015908
26.85175536829914,0.0,16.335740986673304,1022.8317848099903,0,21.735888564456886
29.254448641841723,84.73664932254533,26.685442657033096,1013.12390076194,1,32.713548888380565
27.22289855800854,49.19247322025891,10.113898754146103,1015.1087235851052,0,21.48465394045438
37.788658133133936,43.97032156337986,15.85335724293636,1023.4580291569952,0,32.86022639077408
15.47683619261203,52.03109450021266,20.976470622592984,1008.2259376840218,0,18.62928737512214
18.230048615414688,51.06713906370787,4.430326145150968,999.2560075152587,0,23.99023365411436
17.27340554729176,72.24539620210786,39.77271116914039,1013.6978070221522,1,16.401572293117013
33.301918118626105,28.81128441747549,15.22852610222069,1016.0796155208029,1,33.16132968303763
34.003985883950634,38.445585084167966,16.13591560460474,1010.3715093383963,0,36.7288245632996
29.51225319318508,66.86317108394833,25.055024253399374,1027.7373757807618,0,30.38059663727723
36.834936668899275,72.45888060826616,22.31964266408179,988.1383343227865,1,35.71528213076928
13.219591326236193,72.83083289872025,15.304624155171673,1024.2005663789978,0,11.763230462079115
41.67224111551137,44.25927442133402,16.041035504784336,1020.9115365036423,1,36.971847243056416
40.23238621712258,40.4346870146752,2.9668117524161683,1017.5677077770046,1,40.93121153348324
32.35621997245747,49.86730332424162,10.54827377720019,979.640984505309,1,32.08046950624904
42.8179890877106,64.7974550456945,19.137681729271684,1025.8388878327028,0,41.50445055037256
8.433767923222263,89.70954738545099,18.551142712343093,1002.7356588936411,1,5.428323536535097
19.75551863737348,19.051256284584994,24.769326000032695,1007.9230802161661,0,17.053926077493188
17.646965393180476,55.58542486083267,14.035991534213403,1011.2940733520993,0,19.502096154700574
32.21479323757343,33.34643117949592,3.9017078925530697,1017.0741803465197,0,34.859784182800574
14.498592603978544,26.955146452930208,23.453843446205425,1019.3942804219255,0,13.517244135106694
32.574951493374854,79.33913290689634,26.488714769456127,1021.928405543193,1,31.277512773635717
38.705361439967135,70.89249148998677,22.185956582849833,1021.1585351007851,0,36.14441730012452
31.952029000839993,68.98867031894524,13.690930633140068,1015.5292720421313,0,34.762489131562766
27.83751023661501,78.42051679461987,23.35508841501263,1017.1592265905759,0,27.930497545582732
15.121266590992509,50.40562206467728,42.43128382406571,1002.0924628417775,0,16.224969528974302
16.53149033874635,51.347249673329436,15.921218515523805,1005.4897319318097,0,17.60690072902674
37.49618905296667,100.0,4.5061064620390034,1021.9546022367483,1,36.57308419136486
32.793490039053324,55.06857891480851,10.309719603582785,1021.3720948672868,0,29.29740973952306
24.60980480622456,74.70264226108182,20.003808002432407,1020.2379941644442,0,21.621405339166802
20.820904542341093,60.1276308192663,2.161565512815498,1007.8558323834347,1,24.204561140283445
4.74192126888623,23.034829398431697,16.355224599296555,1022.1049213194369,0,2.5648683243345145
14.291475813155612,19.107419923974632,18.04269320252706,1001.3875554751965,0,13.060388853910561
44.114190871397234,48.42031560120191,27.280973918501218,1023.7735980986228,0,40.7110192652836
12.195444289975333,81.12202503339978,25.481558848434403,1010.3912919875411,1,8.547244733196113
26.894798212210805,75.76583313272008,21.91667833401417,1029.8417040634063,0,24.587303221124635
35.07443973195198,78.28154328448068,0.0,997.7855790793451,1,40.13966128468536
12.450773319977076,40.25907642127369,22.368425024383402,1030.6340404591851,0,14.424885493554363
26.847104747810832,92.31744980244628,20.64410708848197,1009.3853567083654,1,25.266738133539963
34.37915537510655,40.70213399627231,17.047555016626774,1009.2052074398825,1,37.627785758762535
25.124993219072504,64.25648797339937,1.1582229908361157,1014.948388189856,0,24.668096599183166
53.68403055666768,59.79295420184527,8.785808726503518,1006.0292108719931,1,57.747050697643196
8.314007411218046,56.52252359370827,5.66541784372747,1012.2767099869769,0,14.949198462406686
35.58728529883879,86.77184276591214,0.0,1005.6237373472915,1,38.671770516637366
23.271982626035356,45.89778959668079,14.976678788681644,1005.9893646902082,0,23.55563549170309
32.719201548366755,33.00789488576144,8.617423028457763,1017.8688595030058,0,34.817131168915836
29.41307151699246,60.399909724128385,36.00244464215129,1003.9843450469648,1,29.458285174839098
17.668438028900034,52.00346531426947,13.649824484496724,1005.3180576499452,0,12.160442936974906
27.2899639245934,100.0,25.350025246927682,999.2720875025359,1,25.32608768195727
6.420985486017127,73.5301495287995,2.447207802454203,1007.9606932003866,0,3.5662106990574753
31.032475005713938,51.813188495627514,10.759283311961042,1026.1160202972392,0,29.002101880221318
27.981584659905256,38.877768616258265,15.775183008274517,1004.5406635989704,0,33.362598957823586
31.386601686431025,22.394231788624303,7.734768411138637,1005.6836673481276,1,34.753050914995
35.581183250871504,39.49561828525134,11.622394521562045,1014.9392194648153,0,36.90383765519645
28.676198402097107,62.29883543518263,13.25639275005169,1009.2920356620048,1,31.113227253451182
26.480894197982764,88.54657303189539,13.128736116440844,1035.2815443334964,1,20.804553740265195
16.18931663338708,82.43378284775838,29.84094858428277,1011.3747203532374,1,18.373867772655668
17.877792363509492,64.5818966329276,18.02581028345208,1016.3521834621737,0,20.696665312115996
36.86734620177331,53.53664668595031,18.836084503530426,1022.4376878479932,0,30.14810463871146
39.36335405705979,65.37624712824308,19.317238194760563,1022.2457786586285,0,41.65906431839798
22.618895636879458,49.62724005030848,19.9010110186969,1015.3328758155737,1,18.346674708878204
25.46002747253274,94.36727991527752,14.336904129001077,1011.38872513314,1,19.550011403194645
15.953856250062339,56.2161963744984,12.434029028169231,1033.2402853637925,0,19.932810900641073
36.72756845267445,58.27324283506546,16.334528476146218,1012.0023972468573,1,33.706421309837424
31.654168236917787,15.683551499586635,24.25443159130778,1008.5830989557152,0,29.506328018764655
44.412174364637494,56.09130306954472,24.00990550749107,1006.5415101170598,1,47.38098799290953
16.21676922820261,76.72968275929883,13.07681219449271,995.7319679729325,1,15.301054411445408
21.219921009817828,38.6455484592291,21.142749557344892,1021.2161575223716,0,20.67942488863058
27.314459225255725,44.98559331014374,13.443322695682657,989.5193160289917,0,26.708198505941937
31.464895377257704,75.85422035467329,15.270964395481954,1012.9427715909508,1,32.507691690182064
22.843323624523677,30.466855529638934,11.211812947566422,1010.9513936572862,0,22.16432037535165
16.270389095462995,81.15602015083837,13.546838888750132,1035.3996519223144,0,16.612767318540296
33.81407528923571,49.35712219653796,25.73064055639744,994.6834877128638,0,32.30340091299759
32.211353625455814,52.22863559017594,15.73936917871389,1003.9889671301564,0,33.2668123950939
15.83725899436275,37.52243189748812,16.08226006841854,1011.6390354131835,0,16.778788090076453
38.55442801105496,67.56092520855766,3.422257765936333,1011.0247066253083,1,44.24808552410751
36.70198709196604,100.0,12.526048738938163,1007.5045540918995,1,35.558234242944934
26.34296497247793,75.62994478921264,13.069480770042171,1012.1901209059783,1,25.79046841906299
25.795978623760362,42.71429476118928,8.366852116452758,1000.4043727113026,1,26.512451601571485
30.540577711159074,82.71241170982952,15.173323293628508,1016.5719287899494,1,33.43388464410323
16.38296929743742,53.66640908131501,11.566541678178766,989.7851465792243,0,13.108213837905815
25.300314791640822,87.4896996285512,15.639966841948658,1012.7423064412275,1,25.611044356966026
3.4761645539081982,76.13352804328726,15.972024078551476,1006.9964330573642,1,-4.047313554257003
33.76455645502936,1.137168690565332,7.353965137418845,1023.1628794275664,0,32.94996070486217
9.385067775581406,39.91840734089945,11.810385740134485,1030.553110706333,0,12.60324886587949
40.03419828428999,78.8877044567078,15.618994262086668,1009.6894783124965,1,37.855770975248035
21.698799060335496,63.03314544290035,24.474395449253805,1026.9072592914142,0,22.22931190619143
22.88333018068823,39.52488104584299,17.053753382365926,1009.8388371936959,0,21.296613457537422
18.72266093915494,47.32820969012374,9.704518560660578,1003.3387347687091,0,16.144454345953893
22.119611260779237,21.87526759821239,18.19203807395082,1030.4590363218563,0,25.034069255583542
39.18531345148037,58.23253424947208,28.660391114574082,1018.2077644473401,1,36.04953738194341
0.12191343464920479,100.0,22.33365178071215,1013.0443852260981,1,1.0008093162384841
37.769653860881874,76.09866781464652,19.380212243484962,1019.8717747509864,1,38.69470872318035
28.380234811017083,100.0,20.804721403858572,1015.7421503513017,1,25.82483625990121
12.929783521427844,77.6479417957996,26.519632331429044,1012.3078059205848,0,13.39683929230073
14.246876069507621,80.54958686705383,23.605014352141282,999.7356517269201,0,11.44203255710369
41.763930272082035,99.48157375490047,19.534083048941262,1010.2946326283874,1,43.32930589680951
15.544931200572687,67.54526518684453,23.54913775672068,1019.2325542345848,0,11.600094056644007
13.466494894040405,56.2554535698624,6.346791229887513,1011.7722857431319,0,12.447678384464883
36.373145423647294,80.65315033244025,2.9818779812777514,1022.0232576113038,1,35.61483044467359
28.385528762859142,89.0768047424377,16.256789205150643,1016.8365502386679,1,31.724394777491153
15.620744234636012,50.40070714575582,15.549445677204307,1004.2186368191459,0,16.040873449771688
27.16624975404619,45.56861835319941,10.648719571893938,999.8082804216788,1,30.031290224382367
14.742473163597227,62.777120648617604,21.606821358621676,1011.4282150006983,0,16.40654630906686
36.00821398422605,76.62997733863324,0.09709130839011237,1007.7577155189541,1,37.65312298691333
35.61370964873134,75.96182097323123,10.72182195153757,1016.3632180962169,1,34.617910078041135
30.32006198821943,31.516647996248018,11.120355640979081,1005.8186234123727,0,33.38277963879409
28.616610612470165,98.23212134126643,1.9095857192043244,1006.8460767424513,1,27.548099384564157
42.61188124867374,47.17670141206299,26.957848058154433,1023.5306971759492,0,37.422404808883414
24.99686327388225,54.69870006222841,4.126389850693416,1014.482029686279,0,24.352501768481574
13.181258745791988,41.94691280024361,10.293279541538514,1005.9727293457271,0,14.541687959724193
29.49473912832307,100.0,22.26383806244107,1013.1764180873502,1,24.67486197218463
45.86047049537114,64.84141340575934,20.168362747429853,1026.7891124300168,0,43.20516341920998
14.85240506814148,42.9804983863687,6.134602428122028,1015.9378668827472,0,11.160639747609412
21.385372333060143,77.27847099924892,20.459913674085094,1018.9295080942513,1,23.745523647187035
29.16446038101453,75.38271558620066,17.318275829265776,1005.4776546347256,0,34.183048292052014
24.460951509942607,56.24545952840232,33.66428449689174,1023.264193771346,0,23.831854047302958
15.176964196226855,76.81213425566767,18.231523328546437,1036.181022604638,0,16.77155528543163
36.21857856230471,43.49416078338271,13.870065431451746,1005.0853235748715,1,37.735136660003874
48.20040722017259,50.141634501014956,8.14798434304462,1001.1810602562801,0,52.86179805949248
26.961314590239073,19.79566690867874,9.04605306435543,1014.7554224383515,0,25.003655878381252
15.959317102639996,33.520978315608744,8.393847236254736,1021.7550504984441,0,15.299680208365023
9.510394749465249,96.15261611341371,25.968790511295374,1012.0861032794974,1,8.488088801193074
27.579759812211808,92.82857255444628,15.143759320131766,1002.4679360395734,1,27.805861532332596
36.038773433162575,61.31577297297925,19.52197699179784,1011.9141583821961,0,43.551723839513
29.751677464953815,93.25862894379675,27.1139807998471,1018.9809227277746,1,29.844110810545754
24.975961590811462,56.798510267833905,0.0,1008.9296817305394,0,22.411829632990283
19.107283482106936,55.13179394864184,25.230990117603,1019.0725501775493,0,15.643791801427579
14.078363672819103,61.130212969311124,15.443175294266673,1024.6471078523991,1,17.836298694758245
33.34751326324882,57.50156809352869,18.480386973123554,1015.4023062577045,1,30.769749751314585
34.13771621385585,55.69607352879639,8.372774226013991,1012.720522287217,1,36.12847709145314
9.542702133092668,82.86796214299105,8.959004812411852,1021.2934392522628,0,7.5036281453167835
40.89838978180684,63.002713079124064,18.9107671185039,1004.4389917256277,1,37.09831157205733
30.740712208940014,74.24963528867609,34.07678240265176,1003.4529016630707,1,32.55631100984548
38.99594645145793,80.62761050554661,23.02650650251921,1010.3342771507101,1,37.10371185116734
11.578722515148849,67.76371591309467,25.124183371348323,1008.0812054518553,0,12.85499943286553
11.341758445845612,40.594573481835226,13.463989837908642,1004.9665802470953,0,12.839607268383743
23.51030690232703,32.94268222071922,10.198366203314976,1031.3046847499877,0,25.149102637364436
30.02784426895194,62.9756126961461,8.753560387368053,1034.7199320949428,0,29.223398217122384
42.96360822926964,56.57487390350131,11.093810202426496,1009.4629495774442,0,45.02215889878376
32.060789138151314,61.747828578402434,0.0,1013.9171894974836,1,29.293150152807065
22.573187231879665,59.67891921502827,9.200645256867185,1011.1215717993621,0,15.210916478687263
14.736307923341078,100.0,10.517174751521255,1024.0749924011816,1,16.856984442701403
37.300005727191504,33.395474887173236,13.597134604841273,1026.0564556184004,0,37.796777241703914
15.352945742492851,20.201074603577503,16.054000877978332,995.2273620131035,0,13.522711010450939
41.284685547723214,66.6475366703922,17.899606949004884,1017.7601080006563,1,36.871227261798076
22.156153503934906,52.471548908236095,14.88059702045632,999.9317865883885,0,16.046418607428876
40.905820726178504,66.32135739459902,10.348455309257943,1030.5827215787529,0,41.06105077080542
31.789312900592783,71.67766044568002,0.0,1017.402480302104,0,36.73567079778264
23.630045105575416,85.68209390357795,10.397531132785653,1004.7665046163736,1,23.214372856282477
19.806036281738734,29.85548359232123,7.220394898503959,1010.5867861206215,0,18.722030121664098
21.5909212265392,48.86564204285674,18.72853398622883,1010.1102274173384,0,21.517817699051673
29.283166923752376,68.57522517761528,22.27429917354955,1018.2511294288581,1,35.82078225947868
25.771564962177166,75.40927191374453,22.508568536479515,1023.4191260417748,1,28.027277642136568
19.06188591931295,100.0,21.05562188902256,1001.5179270802829,1,16.26116016421178
23.34368589682368,79.11407942227734,13.931794116380095,1031.3875450091211,1,23.42799760852999
25.785770297191497,58.86422808227446,10.824355476192826,1029.0569010782085,0,26.78308103065632
3.71265905585188,42.19128494114677,9.02317797066347,1004.2467643240896,0,0.5436424561153452
29.581681147886986,48.71420294561962,2.940008667185996,1013.7280179436231,0,31.859091014914664
15.202787752831933,48.14594354085787,22.934829604062863,1030.1080854411432,0,12.749361361398872
13.46667596794255,73.10467257027521,13.602311696560205,1025.3291858667749,0,8.933838665922337
8.126556528892898,65.13994891171662,5.029277651033009,1009.632569699521,0,8.354957190412232
7.061075021321098,33.52700858315642,8.388068994318122,1021.1433981456787,0,6.814607442850033
11.445524968877107,51.28197061819134,8.064212348539582,1042.9719829171913,0,11.442459262269024
17.909790423695096,77.55095106902841,15.344195880121013,1014.0515998185122,1,15.615856570706732
44.53259137526568,67.03324709948117,23.539742808565485,1006.6735174855999,1,42.65725352165256
19.741203241047963,71.3728923202554,12.216083603235335,1014.724198520914,0,23.126543222155295
26.777501062680315,67.65843420114525,0.0,1015.4655209549732,0,28.10075790768256
29.004813865063287,92.52861469217719,13.48655731872864,1007.754632609999,1,26.134575635331434
26.310651862158487,64.7208612764874,13.750448799222434,1017.4162506781422,1,20.458561178898165
24.225565392740062,52.27954404258604,13.200638152515825,1000.455989402725,1,21.48231618640343
13.047062364007553,41.68489917732879,9.980310668194386,1006.3446613299132,0,13.518959580488124
39.50927548279212,64.99218916419423,16.739512645806737,1020.582447761548,1,37.613480327728794
43.07196643637885,11.185919704498318,15.529128921192013,995.4512914845775,0,40.94301582084839
8.173413058773143,56.314219963345764,14.801357486986824,1022.0316759199478,0,6.405931741981155
14.759714091136205,55.88320280157312,18.301130891543725,992.8801863429429,1,14.541591402927342
22.201896576229938,32.710582927654386,11.56133741481717,995.6867542112368,0,24.555780315104982
15.354622050898087,41.43468322688008,11.107314642394774,1008.0102125694411,0,15.353364439061007
30.05965553455865,76.19315060296482,26.0409863166832,1015.8686384281935,1,30.2454665991116
17.717277975933868,64.61423498149925,19.474843277723487,1026.2526360312738,0,17.042696884285405
46.65056067806603,62.03576667414655,21.615568487542397,1013.576227631596,0,45.15249018160181
36.90548594343596,66.12695067864045,24.80883668267255,1010.5344639242401,1,39.58820855739575
27.12574030632215,61.85255175897847,19.2075534449984,1018.795812479848,1,29.35294650985474
35.26986263319732,84.8572512571663,22.42710943308937,1004.2910117953206,1,41.40570238619547
36.059004243573085,62.46858363407298,2.3652387034379174,1014.394151593464,1,37.89069713874084
19.360525119417566,30.83573772362499,16.633230975968218,1001.0055374204464,0,17.865282153995178
16.83782755458035,92.60259929748821,13.53825230548538,1013.8259051687542,0,14.12387362724978
25.781430629696473,67.40680534657692,28.421472727198477,1011.7016367415059,0,28.640266411831323
33.616361244979444,48.21492538409865,22.4211642544264,1004.9573207855058,1,31.171400592049114
26.390603986534177,34.931965634099626,9.956438473654561,1014.6504063653774,0,28.81981404610039
9.230035178090027,67.91828441916091,17.98235326823365,1014.5854965315964,1,6.9502931964121855
16.971755560491577,57.65655990051249,16.341450667593918,1024.7545401233913,0,18.019230711853417
24.26027136405622,91.48293572064817,18.63465146521783,996.9436659693721,1,21.081017719457133
24.243343956741697,53.081854386663444,6.849260245002785,1012.2395109230296,0,26.58300001973794
44.725421767898084,43.25238420635066,17.8801317219058,1005.3973760029652,0,41.02440680137033
11.14012057601002,77.91592436471856,13.174789205694125,1021.6976205817629,0,11.958992564530124
30.055892418358745,78.50563785433663,17.259598112444802,1020.5391206519213,1,29.462372615677708
39.8911310832829,63.37302735220391,9.204918679022642,1018.0787984506862,1,40.19655039496168
47.71449745422796,73.52714095349816,10.319494628827204,1005.9616674193054,1,46.52708595174306
20.956025768160387,59.24625758515524,24.39073616293362,1021.8547058294009,0,19.698245926047413
29.914294527201996,64.67730202018494,6.587619533278712,997.6986907125666,1,30.37863813923131
30.69760357198647,83.29981765127846,7.177964791663612,995.6468929640723,1,27.691188437716914
26.954817315532907,72.50636668043006,14.587349942275376,1000.2412900009807,1,23.930751130532876
24.01154798760694,56.61451123334751,8.824876998512362,1012.665251896731,0,22.935899488691703
29.35975389500046,87.04725091852302,7.91977094189761,1019.751644009883,0,28.16734347584344
-0.32246085219685483,12.702892544169757,15.84060776966636,983.2396752599047,0,-3.338650243609978
31.820694900626314,100.0,2.959473144770362,1026.2274283187978,1,34.59333897937031
26.26177903661967,25.880818102185295,6.936302120690897,1014.3111219617844,0,25.25835878132486
22.775251032217348,47.45814350455408,31.432764663389147,997.3222765241022,0,22.095264423229015
45.46862195719558,59.18164929609862,18.675800471752073,1014.0094697028958,1,41.48603697928694
18.250659812094476,57.07038658543677,9.027493181840711,1023.9252541467841,0,24.465567375930835
20.96924010934969,80.1282208005311,18.345720626129577,1018.9944101530626,0,28.25044229601443
44.91553302204734,38.84326762779531,19.538643815893035,1023.9907306255396,0,42.5743372868343
16.679386951501435,65.21533634966127,22.955315360721908,999.3375337060289,0,20.35764609500873
19.498847170634612,48.43575803560492,13.982751764346157,1008.859947648616,0,19.223407019421842
23.5297457656915,65.90281958674834,22.811981622183115,1003.7530776947647,0,28.34105454413082
33.407344821295496,58.70455480404247,0.0,1030.1758020504433,0,34.416044080496654
27.078025073533134,61.85871305365956,6.549534956193975,1019.3936284348663,1,27.37731157983533
12.073746528477374,49.00150335071309,16.310971213891644,1041.4700958895764,0,4.575937909621628
19.678314368728103,49.79872099807835,17.637068262462332,1008.3239046658277,0,17.042496448448052
18.926455667877885,65.74545028054854,7.705741698650866,1005.753257883177,1,18.988017676602713
24.227789547769543,78.87431011512089,17.07535993010527,1011.5717336140485,1,24.82378830588148
29.25843658629829,48.03441331604304,10.009278010501916,1026.7835722142254,0,25.61393544448614
29.18205755887972,42.6246491085418,12.784327246182675,1009.3388031062465,0,26.995742972850884
7.239882459515979,72.26920331343675,23.198190405320087,1014.2443759790694,0,8.900223511268438
35.639409875608564,59.34992213884621,22.271499975108796,1013.9669070288681,1,31.48977768640849
27.525688459966236,76.60996267971905,7.0235173810939004,1013.3949676120219,1,27.926877631136854
38.84532047593906,41.884055732577046,6.541988303839172,1006.4760153953753,0,42.559181070406225
29.441983272906718,24.411221491531386,11.71061283557347,1011.6270893208963,0,30.59839216024218
36.01322957735762,49.339918363473316,14.786029590616598,1011.1989739864864,1,37.01968980685555
29.66545311450127,44.67294781469968,9.736812091402072,1012.9243534032535,1,23.604998766967977
38.46225756202748,58.424231998394,23.325139542397345,1022.435168181527,1,35.99651923277379
30.222506360177785,47.26309571459221,17.77911873366844,1030.6062803462448,0,36.38511186095091
24.020847535570958,74.82033902672899,18.248680878995433,1004.595652373303,0,22.22336178293316
47.72434720446881,54.23699475154967,4.867689368440226,1009.0800637521229,0,51.517775833110015
33.89037122279892,63.00948997547802,24.33832573907024,1004.7498810159382,1,32.05784855473007
30.73744421004413,63.152691168818876,0.0,1014.8710153722227,1,29.90398270551574
12.23695583461664,63.899101848243745,21.67244361479495,1007.6165054248902,1,13.783716370677196
12.116923825364623,59.51741779090053,22.47449390136617,1015.3979683374199,1,12.41900287334665
27.927154821418533,70.21201380820627,11.540790501776307,1024.036269104448,0,29.071692174421774
26.455211977682406,44.08689732348385,25.183281737979392,987.7416831419539,1,24.000041213501444
18.85877434991684,87.98835853307766,14.495219576365228,1017.917798896007,0,15.449963781510569
26.4098269961206,55.26925233262929,15.499453626619543,1008.3981295110212,1,23.752212152949095
40.886269280435954,33.769017242026365,17.71623029923373,1017.6042226798439,0,39.289314856048854
31.954024745502988,63.76146713983546,40.49259929448844,1004.035305622498,1,31.266180599330752
13.589914902472618,42.9763903510503,25.755471264664035,1024.9626098830688,0,16.70174104439208
23.884911728570565,73.3066906901775,20.609049605703344,1022.1328061804029,0,24.14693609664571
16.95033519147439,100.0,7.69756410719044,1018.6835214854265,1,18.404126499000146
21.12300083591439,44.268558168843,16.14871860383594,1020.9322571781009,0,21.547803873654786
20.86384334370357,66.6474466644797,8.495007249228909,1005.5437953282783,1,17.517540583117245
20.223544173959947,24.88988822590745,21.576886778262505,1006.8037624531071,0,20.275352751976893
12.44864628026605,69.07810458882695,16.123735805878855,1020.5243620081748,1,12.840992610840658
23.723453184818098,42.2857240040062,6.003826563088838,1005.3227085723139,0,26.00322284884202
19.3939236315269,47.50330763131035,15.648996667348023,1027.456350466581,0,16.188159422596506
-4.2944869000226795,37.97427020320344,8.204660242269556,1009.7640892871897,0,-10.415719495467762
45.529720245016634,74.6430245210947,16.209729770700378,1018.0189438986063,1,46.05851169052813
35.88769654216672,80.14608714946525,8.127381469077948,1033.992495192551,0,36.94924654693186
21.23699275075004,60.46770429317015,15.219901066886502,1005.9377664593193,1,20.698838331798896
25.188190497405984,42.711465893285606,21.003758895480757,1013.6876175084478,0,25.272253199586356
13.283456526824382,91.79046072207726,14.575584064599152,1023.5418316463731,0,15.919773662572798
41.95722877810866,44.99179744490688,11.87289386262089,1022.5127738887653,0,40.580812048526134
43.97288694773111,16.75935400145122,16.626209768459702,1009.7218468976064,0,43.13696442125538
26.566937282465247,69.16778019914136,20.577460966342823,1007.8326956247814,1,26.804046616306742
35.235306441853446,37.904506527169666,6.142533840945916,1010.6686406745495,1,31.57586240434542
26.752867789339238,79.7721758699835,17.08524923764162,1027.4785776615136,0,26.297176114195974
11.632745611240694,52.377246066531626,25.5403265521392,1010.2089414364006,0,11.441515659238075
20.881766310363428,72.07426481088392,19.58925570621372,1013.7811569248347,0,25.792892953324248
26.31927966771957,88.03000693104316,15.462033173337822,1008.7321352907658,1,25.424932694834187
20.454522812565557,35.82282270758556,20.117900053591157,1020.0554856479598,0,21.05455653239896
22.81346722564964,48.68125738215189,18.61997164882146,1014.5552503758365,0,25.569320041818866
24.086004424908854,58.48657854685873,21.028808873278514,1002.9656618924178,1,21.57355024897757
24.191215021345386,90.75102638068687,0.0,1003.31175885965,1,28.318436181973883
25.52258490497483,46.83234564119109,2.5723509306938777,993.0139443344449,0,30.814195601146665
14.393949336033991,48.10992608101986,23.0386331958659,1004.6867859087438,0,14.307260473087965
17.829838508720638,69.56281151111617,2.9577665907084754,1020.9394580363218,0,16.211560324342496
12.154157343000307,48.45542548578858,18.212309085753642,1026.2376053801227,0,17.035515616171473
34.778155496862006,63.050517657952334,12.183602751741667,1019.8555836321718,0,37.16504811516645
3.943530581596754,28.969251580637465,7.030486035232025,1018.5463220064069,0,4.189438195588262
36.53590343316925,100.0,17.797198057179788,1011.7347395047135,1,40.81643489201636
38.86349397262843,33.045815393811935,16.608268029732564,1020.7491455491398,0,42.82647053827639
21.978194130173787,53.56494592019583,31.88274121677102,1015.8627822308189,0,20.969423268299117
-1.0313708782729876,59.350379283158105,10.001510363712885,1031.0444897198713,0,-0.2851813183755376
21.386894380327096,98.25376268713592,26.52088096055339,1012.0155468582325,1,23.117271844104966
24.358158387111807,33.5030843813452,17.819383315074518,1026.4300808373614,0,24.44434847677536
14.894017800710866,99.67408270957503,9.7118249476583,1021.7411408181786,1,10.721406027998025
19.847816061917573,75.14353642204046,21.39397166013796,1020.3544328620416,1,17.033037550822833
40.30195198863351,68.34190648846493,19.52590803563161,992.8850867453818,1,36.22716363225283
31.64927162301741,40.30732625964089,15.286746358864393,1022.2918956154771,0,33.12804453208942
15.754358856219001,71.42282484076148,17.13036285152499,1011.7249202109085,0,12.201301904847769
9.02400830404568,45.530267551604,10.224103751635747,1008.5607350556511,0,9.60126251649797
21.72982682390229,85.33322506396824,8.393702997963945,998.1708695882209,1,27.225538302727763
22.86543220649562,40.57875941784533,21.075537390580664,1012.9441286603181,0,27.148742761232057
29.961991873633163,57.73683011087832,13.208484605493808,1013.3355159681824,1,24.449741932831227
19.646832874323408,48.89453823973657,14.35933601400726,999.969980781852,0,15.810728462010388
30.114995753618615,40.2495407514601,17.238572767554217,998.2671982710631,1,27.78544648107904
44.35154040060229,74.82639633815829,17.122306758270465,1017.8661948012812,0,40.844469332944186
33.15501022444263,70.70917494819267,3.565388232207482,1021.7170513106138,0,28.193567092477426
24.519114926692275,84.18020397801995,25.29001669163887,1014.9028290992242,1,24.486593907516554
23.168495289467053,24.402497835836655,15.969457215205427,1024.5083464968436,0,25.283796937716744
21.43326865820129,81.28341404682088,13.378773897422805,1012.136150156485,1,24.29537077436995
36.806409124521444,100.0,18.446768041357974,1012.456487255998,1,35.38298061229002
18.72686554048697,50.967178216461065,16.892337548918903,1003.8297197125921,0,17.911154439540194
25.452227089999827,97.9029722421794,21.136501515917615,997.3975802244628,1,26.51925882537409
25.51197901881085,54.73677455880347,19.30386937720753,1031.5466213385957,0,25.186522333293404
19.98215807188468,32.55180524877386,20.742769831970133,1024.3129905024975,0,22.413978400172084
11.275344521158992,53.88735115186409,25.807951245820128,999.0748743286152,0,12.566439109662532
28.22974503617668,80.96407935350553,22.068996391767776,1014.5575190783128,1,27.100831765634595
24.389960281446164,43.23647035336937,13.716110237371499,1011.9995368889633,1,18.820051346485833
30.002404694365698,47.99322681987026,6.016790751385338,1010.2600752683695,0,34.499499510811674
19.66399693560833,71.87078864586381,28.342383464036118,1008.9098215218506,1,17.605750067275366
37.20821298813048,60.06120233477146,13.098213013223098,1016.8126914696797,0,38.28088892532126
16.232262187881553,71.69245904973482,11.21514069311582,1021.1817552547147,1,10.48248718172426
42.120402840178926,64.75659081516672,1.1061854578844859,1017.023911690282,1,42.086453090021514
7.523634901717383,69.59250639103146,17.707784842496892,1011.794816256208,0,7.82442078430398
29.347700645568914,51.353976283809175,16.19109283163016,1011.4277328310887,0,29.7935068632119
29.754306825266234,64.63461884060786,2.8790805100041545,1022.3681431692266,0,38.79568667342022
17.044429320591178,41.452539886081325,18.626192337065405,1017.6344493811606,0,15.151074199210878
29.243939378610126,85.76867245006777,11.014464634388489,1013.7268946303543,1,31.705932059480205
37.795186697601586,47.314505663653726,36.52252005830955,1012.640987023999,0,39.36488405422972
2.831811606459354,82.5769497509878,10.445110463273053,1016.4527050961229,1,0.7958946284565953
30.027448074908147,55.32786078034269,11.518453342417654,1008.3165131144056,1,32.444456284450936
0.06729179669922303,64.03998021514643,8.001790205965058,1021.2153881730821,0,-0.4256710140931842
15.343351964767919,50.100708982185985,25.223012168335778,1002.2414143816213,0,17.969081617498077
41.29166364900945,39.68009137663942,12.017793644281975,1008.8854349023352,0,47.174551519274594
19.18217966607946,25.10479224789397,9.200686769876025,1019.1110609544602,0,19.63457633798176
13.261200355910274,38.89351682815081,20.65564007936434,1001.6711718664573,0,12.41782466870492
23.02062271015318,53.52182293568156,3.9571765166945188,997.269914573505,1,26.17529126158442
45.67906338163552,64.23758357657768,20.000884369991578,1013.6307767542924,0,49.869022879438546
6.6831775279397405,80.20758626566527,29.25119773280686,996.0354184555353,1,4.0334049097635924
14.486900883606555,51.084850804063024,19.532862662680714,1000.0119644594814,0,13.128029614992329
39.974316831796266,42.36078471465652,20.103186530079398,1020.5659411850643,0,42.00058664732005
43.57702343537733,31.14570427994575,21.96048173525987,1010.9521474239426,0,43.18092740413317
23.96568775709716,69.60127235808207,28.67766422940415,1025.8548694970898,0,21.1026917181368
12.609472974733576,87.66389030658686,24.679151680152835,1000.9518565906254,1,14.231557458419761
45.95843501809159,85.32660535912578,18.51735777818419,1012.0604763436771,1,47.97290416521191
40.94442391749197,74.19865496294474,22.231131205088012,1016.9958455320776,0,39.941266649801044
31.78946987762233,72.77086634535198,7.912520596279115,1001.2948506987109,0,31.97351617361604
16.875976510625797,93.95247559418682,21.210348725978577,1023.3176190449963,1,15.14625730378744
24.509706591619633,66.64162922833621,6.955552230530019,1018.1067888316604,0,21.223994313883715
23.396399189551694,72.92259352048343,12.063820650946987,996.9071291331256,1,21.905205369667133
28.308513046155777,53.58432276296002,0.0,1012.622582037914,1,28.530310096683497
39.51001438131336,32.759132582904854,18.211437274939698,1016.8595673625863,0,35.08474671690547
33.79417041137403,46.32302199000847,9.849023911133179,1007.0994332647194,0,32.52213161761755
14.226239230152418,59.816819229306894,23.889161721635702,998.2013509449118,0,14.489729621930634
38.764964500195376,61.21570745002606,18.12154088484322,1015.7845878944742,0,42.34894423056998
28.131321400131554,98.52571709710787,23.992767157613002,1035.1124295028255,0,27.19354433572996
31.870657958589163,61.62554335182137,6.331227642619698,1009.1301590084231,0,28.132950908261495
39.66540859278603,83.57686888051288,23.307088297277062,1028.692411812847,0,39.03642855469284
13.884197504864488,51.29845516847368,31.846850754906615,1005.4771117823854,0,12.184489592594218
24.64174421293537,53.766482284695314,21.113266399455156,1015.1554563500995,0,26.29827987810746
19.68545448640785,33.41984725553104,21.32279206953831,1020.7152253087612,0,18.671738507321162
9.321405746345441,45.153439742468564,16.35678141115948,1012.9158633402864,0,1.1897058816076296
28.4670997760492,70.53962782727507,10.802649755477086,1010.0226435111877,0,39.54197327964261
50.11556551584424,60.151203607882664,21.08953898161207,1020.2612752135037,0,50.54265539061703
6.599222554942472,78.85877239794468,2.9513367167834534,1031.9145511526922,0,6.866797085868209
24.677193889505297,63.62507896690101,11.657959000633468,1016.0058692463913,0,20.052963973514203
31.405429350747735,52.95092536724516,0.8315455813025423,1007.8393982346965,0,27.011721552862898
26.23078201656181,100.0,9.370748981479338,1011.1024844274032,1,25.954935143542713
23.868719474842596,58.12192862573906,20.13636073514849,1038.1970764564537,0,24.877233471777515
12.007836365541758,83.26001939410608,19.043147009763707,1014.3490711633813,0,14.114178783072015
27.327867429401635,51.97581586910645,15.407309564283782,1007.0558630142202,0,28.040180401356416
17.432360229840736,74.19198958767133,16.363207952496087,1001.5493208351746,0,13.874533620336333
3.100782950214466,78.56031318303374,0.0,994.740989058874,1,-4.41261687702568
36.94592220513731,64.16983941151162,12.019501755432682,1016.6358427384619,0,36.645255157002694
34.58385819842042,12.910341546067954,9.549187148518321,1019.5464199282451,0,32.98193418659304
25.516609768510797,60.36504921712226,9.727522475883674,1009.033038200348,0,21.728894596173944
27.290746882057025,84.60920095519951,19.796629022510025,1012.8502958196905,1,29.774921554373904
35.74318012715561,70.5496166605546,8.115941387957516,1001.2953829071138,1,31.016449879615646
27.243396567780827,68.91677750458493,10.162553198980714,1014.329284648275,0,29.094303086150575
34.040175547613146,25.554861320849618,0.0,1017.8149532056713,0,29.8097616225607
22.0251779912615,45.590898586498824,12.647014556990644,1007.6483573283236,0,22.427444048011495
38.119837385739466,68.22715262302879,6.297299618291042,1029.9045266958583,0,40.92176035179533
28.20785725932684,68.20766553573785,15.633623429517149,1004.6289367325309,1,27.194057312520016
26.94051943605874,84.29333560265805,7.391135626060283,1015.8347660401898,1,32.0102789395792
12.29938911287968,57.102664897078114,15.83633796439373,1021.4831721970461,0,18.053048089660194
27.86955854301709,68.11648173347629,13.842513914061254,1012.2271049985062,1,28.581083543076055
16.680450825055487,60.32748483862587,28.376334184338567,1011.1152318110551,0,18.304606936826307
18.61717273471506,40.261145269968864,18.97774384362555,998.7113384955034,0,21.799299333664617
16.84624371683879,14.884173378105046,0.28289701950157564,1026.5734149571629,0,18.479522834295256
14.33765068100775,68.62019384260154,4.880889247178333,1011.3010679833241,0,15.64938033380338
46.24771403016962,63.47894416825623,15.441664071938666,1018.3736542493482,1,44.675505821841355
38.31339061988403,47.636499157996624,7.561216412858794,1019.7272048786014,0,33.2513220943509
44.20367502144261,27.6165388696827,0.0,1006.7170150798224,0,40.033388781694185
12.771049804444361,72.59479028817476,25.796370510669945,1011.0247139570879,0,19.91815188072892
25.712537499108926,54.68159851608896,20.76179213524326,1026.344823507435,0,26.67991437252393
12.064923747959043,71.13749444736291,19.16781498793417,1001.8280233425955,1,11.327873303785047
18.04305122802936,97.28097060823517,10.14141563623268,1034.2791807475726,0,21.833033005383086
15.818730165834252,17.171382393605903,18.421414168079437,1005.5512721472372,0,13.570356247248764
37.395840064415616,46.00798382595272,9.365117406232947,1001.2048254335949,0,39.14516486665518
21.0377032189824,55.812487733761735,16.638858401741526,1014.3230902068854,0,21.269279319662516
35.68379333694016,89.09652348293301,7.63533419330818,1035.0834826433986,0,37.06387584025097
31.04120889588518,27.271939615870302,27.130307604448113,993.8903406440779,0,30.031979288003612
48.036387521047885,98.71722051361209,2.438106767345243,1011.5898428151031,1,45.14230459917675
10.205557768602759,62.71711803132581,24.85827063608665,1017.7626501725656,0,7.736944549183833
37.59233239786799,58.079986765322836,15.311326624138642,1013.3364995853553,1,35.2406797910871
36.464408704007276,56.03880473562187,11.084264037264074,1016.8192167000301,1,36.45549776704081
15.266211619729654,51.27473935639942,16.336023373565908,1005.8196691782773,1,10.597806078307826
35.0713333647316,80.9623351853831,20.86678405742545,1007.0027815406862,1,31.329047519665323
28.36144963026229,38.62958491835123,25.933973893555176,1011.515773528408,0,28.768022522849897
22.72523740046592,66.90828363287707,17.505144185068257,1001.7011191209725,1,22.342212267224177
16.760645130280004,52.31636668586049,7.874431317901782,1012.5531359855981,0,17.3313397330501
17.80890548550814,44.757331029718046,15.445040990126309,1009.112547063285,0,17.673774882508816
45.49812095785926,100.0,29.534345893298983,1008.2995481484513,1,53.0549715785239
25.006828189574826,68.3810146950692,25.78142468410099,1016.2050641259864,1,25.387043491547445
32.82130001531459,72.26531089322287,22.27010782499487,994.7934050680069,1,31.684061066852763
17.091006183324467,82.75553561337324,21.36549616097909,1010.7090989661684,1,17.394401539408996
17.201470537783614,31.573001093629056,20.595600724852336,1036.1735376561487,0,20.261335665314604
35.81984809249942,95.04583818244063,24.27003867607896,1002.1389031367437,1,35.670962924367025
11.504237884484677,9.820856430098488,11.346969714224759,1025.855004964844,0,13.558422960393415
20.847862320947286,44.62467179922959,4.159311473799951,1013.5465612091269,0,22.036000214153933
25.34027411072232,50.819366536421995,15.55202800589649,1006.9704219111858,0,24.469027380194387
26.113726018400524,71.63446729941012,8.459347305778472,999.793583404702,1,26.446353415046378
23.209067149838436,64.37436532282976,6.559833956982525,1014.3968196528523,0,28.005833492414663
28.95819781095923,56.66370518603213,9.237771387296545,1027.5339710581468,0,29.687432696073124
31.928557558178117,59.76005310744552,34.88251139626949,1009.1078885480324,0,28.970494485664908
32.3463754545933,40.43953952954864,16.08899707260675,1012.1903857526322,0,31.387844173194672
15.141961913321733,30.055352110316534,17.895262690887904,1023.1037085019033,0,8.799220164123318
22.158449020712027,74.5302324467212,5.221097543965968,1016.4087079134628,1,22.57064514097067
36.94762861876938,73.8741222507237,0.24997632965896166,997.2772422027542,1,40.88381565011782
33.94647187573872,91.68988750314116,8.447578855049553,1013.9888721585519,1,29.922254571337163
11.27140548518936,44.199658063695836,26.505564681669988,1028.122349106656,0,11.720603688713508
28.514799003522015,73.85630420601845,17.67420372861217,1012.6305881353251,1,31.471094421129873
5.2177475062518965,54.32586543270536,19.788760731555136,985.5851057052263,0,8.491163405841348
25.469349020603698,83.80949970386965,20.908528313616493,1016.8821499159108,1,29.30875253743119
43.97767016745977,80.43925553356283,10.269204961613777,1011.0154356045597,0,38.37290867342326
15.521072827310137,64.22418798448913,26.103724671786942,994.7090558607879,1,17.035865691145567
16.65676954508418,53.209396866680265,9.937539206222542,996.2079190994622,1,12.140073989800365
32.640297815728594,79.21864357216523,26.249858874100426,1022.7510714328881,1,29.645301406011182
9.57198484790354,72.93809046513131,18.538417249082727,1005.6761725440492,0,12.035351626729058
18.67244970114961,46.311191958276346,0.6876387660294228,1003.92503619264,0,19.14659106670446
30.964411375817527,33.44402653041138,9.015924107195719,1012.6436143906833,0,33.14341959853565
18.65714152310597,54.229341986364076,0.7204917370231634,1006.5579700168006,0,15.869791708700875
22.640300127890285,90.30827630696419,24.30625706235367,1014.0004862777774,1,27.061109458378915
32.44185710315035,82.92974317466076,14.802116633580791,1010.9727997056333,1,34.5068589046735
29.21546083536561,37.75345060658839,0.0,1001.0000441990636,1,31.88335519324599
27.668183962954018,36.64485168200158,18.00597505375727,1007.8880220143861,0,24.42768363460861
21.608777207299614,85.49367699358973,10.702685900893439,1017.427533213091,1,25.12298092793747
28.700611152689554,37.28728190484342,3.1295531597334136,1013.4191804023862,0,27.752126422768345
23.762673199002435,70.18590647284016,28.42372669574958,1012.1805751760817,0,21.928994388566263
29.578056099257847,47.67857569327353,15.85828692877263,1032.373842411794,0,31.45444671939483
20.03067974882022,92.34089849043366,12.6525487814935,1020.3103752538553,1,21.780315073184035
23.17431025620459,44.59150401724242,11.804601752111864,1021.5244126482135,0,20.633853712932577
15.10042207447986,82.86723060411657,2.893764246737822,1011.3403159220508,1,21.26932510505742
24.64992389993764,63.697173081207296,4.563608803327124,1015.2014519035127,1,30.092975629106967
16.88999136371155,65.04389708468574,25.279334279000665,1008.6890001047431,0,18.70509678614686
13.859535498380067,20.593828372971984,11.208937041714247,1020.7754976552413,0,15.150745766575131
27.58661147855388,15.941732935885625,15.176541607494908,1011.8960009590096,0,28.57597015733477
27.127397758576603,55.588681194653724,0.0,1015.2237774893056,0,22.477407880520587
32.82873734948573,64.93812126833224,4.455263713635954,1014.6061130215517,1,33.16715951325012
20.68874430424901,37.49604344524553,19.878500158998023,1012.8183311859455,0,20.987369049936255
29.080528468367557,38.22613179047316,18.02169408091067,1042.3818806715576,0,27.352493409652414
30.50797572273663,71.22945259652266,29.027001589794523,1006.3338072250527,1,29.57992820673188
29.447738078315947,71.25708960914261,25.743650653049812,1006.242884698413,1,22.303860894169528
16.74346317197858,57.24517879224146,13.154312220121415,1019.9409674681176,0,13.451644381603606
26.49363482271189,75.6040344237215,18.78362851770617,1007.0483100092482,1,29.259113697233758
28.641402960546614,36.51595408559707,12.467172456775408,1010.0859363865111,0,33.834993665464694
25.07178466907942,52.88130165826058,31.43847854910919,1002.1358904664438,0,22.241642613192106
4.135223416289154,92.95755211567347,24.1921175684192,1017.9155791940259,0,4.683769381216971
26.6048962397348,61.366442598796354,16.35748072686201,1018.0425724448415,1,29.90004322792675
47.12531039397242,62.526250291739984,16.60315827901081,1009.8480794007655,0,45.564665316288156
21.399607312430174,100.0,26.55880229807846,1020.1481668848007,1,23.42835184413402
17.71922902144679,32.01315668302458,19.636622776910777,994.4187498626641,0,17.61785993470631
28.733485597113983,75.9286073328422,27.469024136560687,1005.9314659848566,1,32.30469156239003
28.123782104665718,93.279725596162,0.0,1011.3002081378906,1,24.276429885659848
36.92735165416414,53.502841470029075,18.689826091990387,1001.2771750309705,0,33.61362176786118
12.421318440911122,77.19261573709693,10.87652108254892,995.5128696258128,0,13.259935947739555
32.31380252574992,40.3596100557819,29.05102390102394,1009.9210403496155,0,32.60242082545123
30.904220612514635,46.26535208865297,27.371189497518635,1019.9402008706074,0,30.735248923034643
23.57853463059454,67.69932832095269,15.262686472810453,1025.821083914265,0,25.30603711120799
28.3868731792169,75.9713334622118,27.285047830488253,1007.5271211679462,0,25.59492448554369
35.29457481598357,82.41873024812492,29.26491615994005,1020.332158376216,1,31.186267981119286
33.72315380028451,91.39257173878985,15.595253375409179,1019.3654203807566,0,32.22282947619833
13.569806879262714,58.651068828896356,34.77547017945486,1025.1860817433449,0,12.404971203168417
33.20158186755484,83.87223510345176,14.74927077864222,1009.4980896964599,1,32.35034032438111
24.353113949674814,53.15390313101702,13.283832397312729,995.0149950481533,1,28.160251083736444
25.728740980155155,78.04182623176536,21.926980708674748,1013.7018585242274,0,28.03999272055278
25.731969910016947,64.14977595704363,12.16967415086149,1002.8620625903028,0,27.331689517483234
23.4975701120174,68.91355814163848,15.682718206359151,1005.7649489093799,1,24.163568895905332
36.91707497107065,68.47015748044075,26.27547539240728,1009.9878085594681,0,35.614509603923985
24.16282040150788,27.905899804043756,15.153750817738162,1009.6107236865085,0,21.600984931157544
13.804538716168313,37.517562822784534,1.439857656197539,1014.415592668958,0,10.21306645409225
21.064701440302713,62.05082879635045,17.938555102793572,1020.0315631641962,0,18.981180888890687
26.786947168104756,26.25441840717663,9.429651367580842,1009.3226441672404,0,26.65818120302179
37.29214784297051,76.62422206399512,21.92216925835637,1016.9569750660801,0,33.827195242422505
31.030946849488338,77.43111932576284,20.569517726609966,1013.1481600993051,1,31.539506122698164
16.49464721252956,66.5434110575558,26.77120278533218,1022.3549439587845,1,15.911332830822627
49.85189916678891,37.57731974484156,22.260258406341574,1011.1140814889368,1,48.660003932159306
27.647753109779796,87.6027787773703,23.72195426926452,1012.2107332422545,1,31.132351813414708
37.753907379990146,100.0,9.647225918898293,1009.255995520011,1,30.372051513321953
23.48285566422771,62.94153654891948,21.43189196712402,1011.377514600415,1,22.33166702837292
30.333592447054492,70.21070756902472,30.747610314882323,1005.1651187165412,0,23.27628011016606
33.39468504518405,64.03477309592088,9.490800730905862,1004.1740271385648,1,34.110373063972375
37.18194711754256,70.60738377997599,29.397906333816785,1020.7576538528273,1,39.46849186713934
35.57368305378225,57.60882486747208,10.605199270389356,1002.167983168154,1,31.520364441140842
33.721970000729776,59.30871520312393,8.184230039600205,1009.8088191030209,1,30.052797249055605
21.849132688058916,78.11435200994731,17.369603546838704,1023.1534278627099,0,16.75423319292755
19.282539580439387,100.0,20.727283329030477,1009.472992049964,1,19.47346555857889
28.326075103241976,31.998575311965226,22.29400099177812,1021.2874045368558,0,27.303710274629893
34.33128072341069,57.923750311940665,7.305900633814385,1007.0895427927315,1,33.49531653223591
22.77279299223393,36.39079029535836,18.47632077803432,1002.4883639364981,0,21.668878073776288
35.651719657143865,91.84049797152167,9.515563428131959,997.0517414509918,1,32.73092246404005
39.52616745486179,48.245240613602036,3.088621951435387,1026.1272406927267,0,42.9217895265499
15.836790809265803,31.13598412428412,7.5701094757377225,1001.6312881836559,0,16.653812849660685
16.6307929620372,72.76373997697146,8.992797072353454,1020.4718659012509,1,13.076802351704389
23.596249410946637,94.88622229486222,19.17276128282006,1003.0005297320662,1,21.49460896344913
28.076126681891964,73.27195737121525,24.21770930454935,1026.173839179398,0,25.459920358489537
19.75432986232949,64.09595754563834,3.214346960997867,1035.067827246151,0,23.972113572748675
38.52202678867144,68.18281845551988,17.815688593664447,996.1346994030966,1,40.65568460672004
29.24066861518451,88.29681325651109,5.586414513832748,1002.1524356584118,1,28.861200244416853
25.394470482407396,42.516014599717,20.032683272112003,1020.7313186380322,0,30.516134037268973
10.640904761314724,57.76305791827374,10.018155351970016,1018.1304292336581,0,14.997035546912276
11.841841835724928,50.94619702980933,6.589367855813769,1020.7692185476019,0,11.149709153299618
27.810092502818062,36.6426938541658,21.397316122780598,1007.2624444959563,0,26.578396536446633
3.674043738451637,53.43249481166395,10.30461915643924,1032.8753416102336,0,2.586951870759591
35.12637409644071,82.15442191964897,12.472288389178413,1014.1804946668977,0,32.268134308533924
23.418461556276796,71.3320429678545,0.0,1000.8303742315647,1,28.620384901678285
57.430929695947334,72.886210002164,22.57241089138779,1010.4685149995705,1,54.4116921867707
48.079162506161104,62.92951223306636,21.567268169352857,1000.9643310377116,0,50.68407545244342
23.185509307524832,70.46647565457177,15.043662754250512,1028.909413585541,0,25.25713870025132
23.936629974686852,43.98819315303789,2.7793524691539275,1006.3966873719988,0,23.022032040016153
34.9558151400203,53.80980228145542,24.674953426678105,1017.9248348474463,1,40.38595045101365
42.031726099180375,63.84008473937354,9.66989290911367,1008.2932685501783,1,37.35443713593579
8.619709425639833,65.55031717763781,11.373172399195294,1006.8461269023749,0,8.380635522703162
7.1362453464531335,66.40375709843747,33.496352450876245,993.8974581871895,1,5.66912485163162
18.779651944456184,57.23329435967244,9.370908447126162,1018.9817460299057,1,21.661431395268743
30.827375831738642,52.45153197739341,20.937679699412,1025.9918125262918,0,31.888073424864146
29.96873590507597,100.0,19.49673809666094,1003.8403241863485,1,24.786850369076493
35.6977145498385,78.13574545864797,18.12137754304068,997.5477088500132,1,39.41615288107786
13.003024716346918,68.26294951905246,17.256004340436085,1021.0331604273783,0,14.459409885120621
1.8385613703112327,55.33583003587212,18.011108495113596,996.5375865089375,0,-1.2679142155775596
33.58014195302145,50.97562346112247,17.175524727524323,1025.1953293594827,0,32.53110463866228
16.718037270347654,57.38398812546089,14.584653129791512,1003.9560487704538,0,12.818382525431408
4.815121356113622,65.85657687173367,27.09026499288594,1001.9670725717538,0,4.302607279264182
26.450637459593818,22.39128911873837,4.498715513605774,1015.484624211313,0,26.900991361673288
32.931756882186775,28.612208092506325,23.171664832123014,1002.6186071498856,1,31.927815406284928
23.779428678787227,47.26235222122085,21.578738389500412,1005.9288891870679,0,22.428035179168663
20.421516138175107,64.14278873557137,20.587192970635208,1016.53981932671,0,15.58329503102157
23.406377678540935,55.214537056962975,23.935835421121027,988.7088766283335,1,24.418102063050558
21.294172375992172,89.56242452198968,14.259204837852856,1029.4241924592832,0,15.520808585403314
11.51952888059833,30.352064260084624,0.048207393384986474,1013.4364013246574,0,11.612767435310115
17.853193230095684,44.97309060793259,14.421658722284114,1000.0703398759647,0,12.455725757998302
30.212799050138145,90.40183481982203,7.070446259003565,1002.8275463071316,1,30.364313721597004
28.216785413765002,62.62238649350294,9.14512632113549,1022.916463782608,0,28.198428400001756
26.680598059668203,77.69685165602317,5.0606426093407055,1019.0105293507411,1,27.890632962703826
15.048515181466206,100.0,11.181241132449324,1026.867806572852,0,17.635372331870983
23.18496837864333,46.123911641963545,10.227010448132408,1006.1725715519576,0,26.327733645396144
3.229349535571451,58.01371324415936,0.0,1015.9658383715081,0,-1.6007782625563385
26.7847666388539,54.551461981382566,20.601775290258313,1017.2656791178367,1,26.610148479454658
39.288577078135674,20.90813991033449,32.76257486403905,1019.9526750025224,0,45.32139973181584
10.258678679578942,53.79206392488062,19.849897547970308,1024.2728112343207,0,10.615980385072064
19.140723266822448,77.6212437476133,13.376608347726178,1005.8273609415565,1,16.646678845918508
28.291067787101294,70.81179083624482,14.562028834590276,1011.8582973223952,0,28.051964407783288
37.528426344274834,72.3816633877602,11.632113055894592,1006.8985025441985,1,36.377428523332654
20.517753836998505,52.48982038721001,15.720332670935667,1012.4738812664363,0,16.988379365602043
18.077496707341037,46.87805527988717,14.703935247414131,1019.9843278206298,0,20.68480927196206
5.31076857583917,85.38511343797241,8.271612556813643,996.459644997393,1,7.063826250665256
26.034381293081065,50.053657072846605,28.46310711158265,1024.093715694593,0,22.03085407674468
45.42076040143744,65.88164077586428,3.102766114321833,1001.6081787573625,1,45.140936649986735
27.77358461964676,63.26669361355077,20.74665234555397,1009.9262968030276,1,26.07419367210039
24.777210208162867,89.23434032514237,14.190418981459745,1025.4394192496613,0,19.972432664587966
28.220823107669855,79.42824715344719,30.20665452052596,1016.280097179834,0,23.976364735241898
24.88907996051398,34.09482758665759,17.726916793985772,1016.3952994826366,0,21.091200489112982
16.869856277398704,36.2489366644992,12.120755702534014,1001.1937395470488,0,16.694567017070312
33.232799156777055,71.57819636138268,13.01834241252402,1002.5591406417616,1,31.858940156166987
27.257615231117544,58.71324705241667,15.31925355615809,1022.4125639666892,0,24.380051344829806
25.176132519336573,50.896564320924725,5.857674440028793,1007.1085645451561,0,24.000483430473718
15.246339727217501,80.31255767988941,8.865043799056707,1008.0508812670015,0,17.488944642753932
38.03507931934759,63.749187641778214,0.7204482464651392,1022.6395125105471,0,39.10516761116376
31.6470274533311,61.04914773778888,7.616184813007249,1002.5008645463047,0,34.65263387619681
19.470791626326978,75.596572815101,15.751251853283598,1015.6923513288626,0,18.785853032169232
35.01824853681937,52.49782010112871,17.401400394276166,1013.4290732616769,0,39.8259201088643
20.024291616147927,91.37037970945109,0.0,1012.9731427413676,1,21.068531267243404
17.17996507488963,44.239047535339836,13.902306375646397,1007.815643681225,0,15.713212804865458
17.402968825197128,73.13858132684176,19.507279606577058,1007.2014481853668,1,17.681824254268236
7.289314469119088,88.6766567731969,13.696702452990118,1002.2163583620513,0,3.5450866113496358
29.71542380418206,32.454090214558,9.929690833777597,1017.8266502604131,0,28.79686839543875
6.688551216616499,53.13329648295102,11.702710839614289,1006.3185080848326,0,7.978473907296323
12.715561687342374,82.84414785771116,10.673893160182224,1022.6874462116725,0,14.550570211638142
4.2441199092146675,83.14489095462051,9.906155527135542,1010.7544495840934,0,3.0136332407210773
24.13930307209107,56.570087992235216,16.39058820195879,1002.4154951057897,1,32.340974354658975
23.49679539728128,45.30657812646281,33.461505821883605,1010.6218611785158,0,22.98017216781541
21.73303786813636,79.11871644661525,9.050400664758534,1008.8914280086352,1,16.697855741706903
14.574223053294237,83.6709820516321,12.454858938708584,1023.0910341172805,0,18.21402462931973
13.2776624656336,36.7067330297521,14.586416484998146,1009.3099981074847,0,15.099044377182631
29.643698635465743,35.92172702067239,9.501164525133651,1010.2378961879967,0,30.338765098331493
19.494480682915125,64.505133639672,23.78588642818741,1027.1154670549245,0,18.09971800963979
28.16358321536145,72.58721266857785,0.0,1018.0826732146335,0,29.343622763440774
16.147513138757773,54.0186182953989,10.751526636970596,1029.627060160035,0,21.004561876750664
26.810627427710823,73.58587639964699,21.546509890559697,1025.590450040639,0,27.41552623973126
38.032780373160634,45.79726786325236,12.64724553289093,1004.1283741163714,1,33.62267961272786
30.861658003927833,17.70612801852529,8.43328832919767,1022.899508544001,0,20.501595754364534
20.875861817835197,51.52197855334808,18.526054035510114,1028.253032920746,0,22.029540499750354
27.571989703559275,61.26464293026202,22.250745883177217,1028.3281313232342,0,24.61424907977895
22.59334825469787,54.48320080207087,16.685083561720468,1022.8809598357668,0,22.29421010251046
25.078801846947282,36.8279347268103,8.590237121496934,1022.6752299490918,0,22.651568977907086
21.743889478514966,23.687020482423648,18.649626553213945,1009.9733895632445,0,19.101162525925172
23.35664794114609,49.718223912642046,11.783605597801682,1004.6261791565042,1,21.060825541287286
27.120933530741752,77.95311543299488,20.96149505515062,1009.4778268110255,1,25.096307450992054
15.066413004180493,85.12394878827365,26.866071078852727,996.3521099856723,0,17.395120969628998
14.841211730100216,83.7542676827691,0.0,1026.427953154217,0,16.56214310950997
11.114574461687889,43.68180929702894,15.888539785565062,1010.1670704058229,0,7.490607993254369
8.997288954962901,36.925873527392724,1.1141285044189821,1025.9133072906495,0,5.782084775861875
12.827173077795207,69.9326922995979,34.53430868263817,1000.685004227784,1,13.964538791203324
26.594625068041292,72.70200023195851,11.255003729630477,1023.8262492100221,0,29.752132164347856
16.07212484508116,68.00339210400995,20.97098593460298,1008.0511934182068,1,19.183548924823537
30.136144642310963,19.718734515244734,14.717465123240835,1000.1563059169083,0,27.12741811997027
25.347137487525618,42.66230830233067,8.575323354247523,1029.2711805215977,0,28.315071783226294
5.314957865619462,59.40622419428043,7.623575622580586,1024.0731166934077,0,-0.013851037337087924
31.549755842216896,69.74436389260855,27.68543338480607,1015.1179242018578,0,30.94110259118678
33.1079864559171,75.34614725204973,22.647504481426488,1013.3393788513496,1,34.569065783743056
15.061373251651467,62.8850704456408,30.548672699020507,1017.3951001881912,0,8.824958212526514
29.201915428949917,66.61567613076473,15.443626681261593,1014.9462857791741,0,35.480486201206304
16.43501762590801,61.69730916722208,17.303356969968004,1005.0772404582852,1,20.415103174837856
25.976703767483354,73.71238748436966,12.862467474757695,1008.8794773021508,0,27.91771568456512
12.355015930450344,66.25731302981822,12.703342375079927,1032.607178320387,0,9.45993130775558
7.068935474654232,61.314753200945745,6.664904540181054,1039.7215674262802,0,6.864624600922833
21.171828103870315,54.63262401725238,15.67208152739481,1028.6266850523068,0,23.54308861315938
23.76271053725164,61.62582850084962,8.686027240910423,1017.7822394016263,1,20.3947258362522
21.02320306385396,69.6918275767855,18.53527137731362,1009.6225096729806,0,20.48178037013991
13.159694417774405,65.34950777796122,16.360081751841676,1005.0181410610303,0,15.890845967207351
21.00100937868863,67.61652836690507,17.30145634940578,1005.6771758956979,1,16.51722437336948
27.69294752580734,86.85443722702371,28.40103951752181,1007.4673234131324,1,28.690221658868705
24.55106969877463,65.30327845493174,14.69825640187527,1034.5116404142577,0,19.286760809911087
26.825010305992134,47.02002959053685,21.053816022827426,1031.062822963826,0,23.993470039256174
18.29884799545767,77.67213571988339,31.41207571268465,1020.4627838993539,1,16.785070178429386
36.717179147161595,32.67603324662165,25.45293655436038,1003.3938682358718,0,38.25784598531793
13.238266634452193,38.37173238521426,24.225357587638758,1021.9305592671103,0,11.135899326933583
29.875602970867185,66.71694529440138,12.546494275836,1010.613829714894,1,30.252248144854637
36.81891092959962,70.32793335573157,16.837144444542375,991.4699056135588,1,34.75722651617492
29.809080927488953,35.0989755299201,4.453789663760466,1015.8710063740126,0,28.217230611143496
22.9747577293517,52.343650380265004,18.991315207715317,1004.5808695916594,1,26.726742252710146
19.71702953337021,47.878323355606824,17.195681420910734,1004.9194657090997,0,16.266344998643493
35.36087651046256,50.26647354236806,15.18708100124945,1010.4959200643199,0,37.63833843230412
10.770250747383269,78.87195552545892,23.21755830594288,1008.0167702705759,1,10.767059090958323
15.298757396203564,74.13010927094506,5.337801420604828,1012.6574318089599,1,13.572096329479592
21.024422345082787,59.61755640292585,28.078902809282777,1012.1766944998279,1,17.37185384785243
37.37653757511998,49.08076145770144,22.21411750352227,994.2419090715237,1,33.937828653822706
28.79767636040896,33.00700659559719,14.434928162784207,1028.2027798888284,0,26.58174128613512
15.319542414897548,88.40369877563897,13.810163297460852,1003.1662327705131,1,14.86937919323412
21.896922946150962,71.84227800569838,18.844889721988753,1003.4760161486953,0,23.707451854620167
18.856768559037057,45.86661791853719,27.166809856510234,1009.714467482097,0,17.95605077926997
17.90211007766465,74.39198995249782,15.812861749520087,1011.9166515263071,1,17.20217752201799
34.78889558556779,58.59552758850749,16.15224721583381,1027.5897981683183,1,34.53692491560088
11.282568707364945,54.257809902753145,15.144947821006971,1015.694234520549,0,12.712901781681131
41.087808557343735,68.70423056579205,29.256192901611783,1018.6646548410954,0,43.02221701493327
33.28229690184623,45.170035001745504,12.048935176503809,1015.7453618758328,0,29.121400475130685
35.90861670603698,53.1248696097978,14.763939211047429,1015.3146158249878,0,35.06239257680704
20.370604879747418,62.42922128399092,26.707485234087954,1016.0972950308701,0,24.052816931791185
23.500592809208907,50.01097614229573,16.176086668902908,993.6726585743106,1,19.552232948049046
10.66848185475288,73.38170420535047,24.09647088036418,1010.5008151516047,1,10.891420526099758
19.75337592933197,97.38133007356521,7.709759544776332,1024.6226111057115,0,19.24084391794163
29.936548476431508,44.914037347857146,13.357659826971886,1052.4233101080667,0,28.236521706621673
37.96063061781396,26.69749407391911,26.87547230752183,1000.956910674605,0,42.732978570944034
13.928431831975484,19.965196650474766,9.589282273891637,1017.2307996032436,0,14.038939258579108
21.34494063014734,56.99063717010036,13.789607681842341,1007.2895342212565,1,25.878375845980283
23.487007797674778,46.73670819747635,17.053481847131827,1033.4765190389685,0,23.503889413408007
11.042107978075148,64.15721002134161,7.086763856056106,999.4621723920852,1,12.422875646028343
30.913492417584003,62.65195344052202,11.689519051024824,1019.2493949031588,1,29.18182789080306
17.76009668257391,27.935663067718075,15.901093454605123,998.927889004958,0,16.061815656680647
23.04609648822976,23.702323410371882,15.37345387329569,1009.8143333193917,0,24.27413907897634
20.480506280881222,65.91866480692191,25.242816166697086,1012.6568666925019,0,21.763598653781997
17.106614942803255,62.70857669439914,27.33165755865803,1023.6969168173961,0,18.900576142578817
24.929550145194455,51.48364003266897,8.15132102399271,1002.2283317384147,0,26.05958500605818
22.843904214319778,26.85712829735391,15.890148153339915,1019.6338304884739,0,18.834641433307524
21.281421177213346,69.42782525529981,20.393986467398125,1013.1877772338795,0,18.8623151470761
17.71538378319657,85.43799090847887,27.130779726393577,1015.7279338628598,1,20.265212441642657
28.195246707829554,65.55964880437844,20.747922378537034,1022.5833271468514,0,22.319850611619543
41.536172684922846,43.05052218869871,17.327307212738653,1000.1744330699471,0,42.41399440943965
26.398872328391274,60.891043311423026,20.332340255861045,1021.1059497314859,0,26.06323203118373
34.96118214911129,32.6777183813263,20.390150674690076,1007.3109514691057,0,37.509927751528366
11.097780748465373,81.15921427677586,7.578285661725053,1023.9587345497682,0,12.347644306677639
26.577614392937694,61.63688669059078,16.54239034005015,1016.3455763453788,1,24.585673553812306
14.026316810289334,24.63686176493536,26.67328795350953,1010.9047161848295,0,11.898266695384343
10.230750724680986,53.986512791126344,13.341145850447962,1007.0997403090918,0,8.662400305690229
17.606285925409637,69.26603020468461,16.035573140379555,1021.2329499435533,0,19.34647506752152
36.91899334413573,53.33904758048955,13.059868403791825,1025.6095168548093,1,30.012352305469996
34.500158286696454,54.48208557119652,0.0,1007.6714845913981,1,34.97229661976764
27.430047220543997,35.51195585905457,15.164721417877432,1001.669934342186,0,24.780943458861895
9.672994401100691,71.33081974163312,17.41433544522298,1019.9421104294522,0,10.245500294522461
23.037193486120632,47.030615999617254,10.900052872952784,998.514690579663,0,24.07068684563074
28.017000089017355,16.871092459899344,5.762904408922175,999.9448756241703,0,23.030020340231292
26.75536229578598,52.57485258659212,7.9551483217468055,1002.372997244721,1,26.074763014784086
6.562064165192542,79.62299431140707,21.113500929084513,1008.8454951696125,0,7.028775235593282
16.09682151980128,52.26141106800105,30.78019818437524,999.6366811078456,0,16.360671805626723
24.359222358512834,94.75969970247041,26.05946672724346,993.6120009061842,1,23.992619499164938
30.3629090951719,68.57935897097035,4.245231961355586,1001.6455580566287,1,26.700246535729868
3.0387217890005367,66.77516324560732,21.837018484405622,1019.4247444657262,0,-0.16716230293908918
23.378760245201416,57.43203468164782,9.694700993525679,1000.2845592787323,1,19.244618276939867
26.430487698789523,58.63427584471419,10.341863499929783,1009.5973032204583,0,28.092624411308783
33.49611988516213,54.73152729760992,11.304195216229727,1032.4669846236557,0,33.14940735974233
31.928575842374368,53.95461215834947,20.648535598843445,1012.5082586997291,1,31.77331612449623
30.825713188088052,70.61734324134298,22.674027011592305,1016.425309897296,1,25.70923285655337
17.000594932980658,41.28337540418869,14.215751429761696,1003.5395998174845,0,16.89978654119704
5.919978628766923,38.48212342551481,14.351434071935802,1034.6347485370013,0,7.820889844714972
21.06947242938599,37.53609898249245,18.714109945886346,1007.5870551086157,0,15.543953705663151
35.0163182520856,100.0,19.543956316193935,1010.7189531554849,1,33.410099475850686
38.93454527524432,70.6068580334116,24.409805654068233,1026.1705867796736,0,34.2234978806099
32.10549102297785,66.0898440336029,4.7250241959264105,1011.1826575514638,1,30.844644798788188
29.29340822801734,38.84970659413137,15.16021871843224,1013.4788878267522,0,26.590432535304572
28.796396483859656,72.46684601349656,6.455804992870579,1010.1831167921086,0,29.939122984784465
19.438812532392195,57.66857307093343,14.592461767492775,1010.2516762194277,0,19.94653122267137
23.6993970644638,64.283378822635,13.190597698553912,1016.7050201082809,1,27.573910281365933
41.69069525826331,40.467593682728875,14.626004368778382,1018.5294318919811,0,41.52846171036183
15.574419942081237,63.20537714835153,8.602056895115746,1006.5675156878743,0,16.589883348394057
41.14778790709852,51.523329235870335,3.1016816543405703,1005.3391954385307,1,39.474665462153084
21.779718455079415,44.687776859396244,0.0,1006.9086391114243,0,18.47052450139368
38.25432109095078,74.68212671614498,13.950558765881276,998.9874598580024,1,40.75860839502104
10.931849905024617,29.245843829399952,11.551991153336488,997.095697414807,0,14.661615065665856
30.85904201164649,71.29552528628301,9.592498681569383,1015.9716714722491,1,32.97600910936125
17.63229864052378,73.68972267105993,25.580387702653287,1022.3859580317511,0,18.025983009912377
10.847328080758125,42.40712648897519,8.124494505637513,1021.7104529314522,0,7.925047417302296
27.185340424109455,43.59343077735065,26.334672657110424,989.1800872686334,0,30.610224944390293
35.09471788595969,55.53948637467195,27.990749954154055,1010.5493491295674,0,36.83324583287072
16.550585614065035,65.64072420924441,0.0,1001.9790804440744,1,22.625221442053373
10.009840395415988,56.94290016371549,15.739051671991758,1014.4373743782086,0,6.546568544696269
24.081552356650448,68.67124920383759,11.802428073312074,1008.8217648119062,0,26.66925186039259
24.12564671222819,95.25959305074798,0.0,1018.9191190624459,1,25.77296622685258
30.483196275544987,49.845664617005724,3.4428699754526857,1012.8084690959865,1,29.45711467480082
34.495945713644886,25.696400585931592,21.199488856867795,994.0399810508211,0,38.5874503542542
24.40584818727506,76.51847166061306,31.153594021690115,1003.3291412720046,1,25.6128836325487
43.55503314794263,93.6662915185506,22.221425141593986,1013.0578511482665,1,40.74435406255767
27.24234744535292,67.8553672610225,17.58905978010382,1013.9011042923108,1,26.88733039652969
21.535734939931004,38.24502649292664,14.8293409469513,998.94323192296,0,18.689158518621667
8.88432640897172,57.52215273529598,28.46130331718491,997.6354029645388,0,7.478779262815179
22.373404796838322,37.629530315767354,32.18591361566112,1013.5624533757318,0,24.484883257457522
21.636130545888637,72.85710987925896,10.305258563806511,998.9633269394948,1,24.603952681591284
34.6030479628147,32.97419194603131,0.0,996.3137057349921,0,35.266684964182794
29.62483624066854,53.997424263436,0.0,1008.5485948736866,0,27.374611610899944
13.206308783673828,39.91324347412187,25.575047937278416,1008.1155390866135,0,14.351134044859899
26.722543864110374,62.53649370269924,14.623531673804909,1004.215995226607,1,28.892742777983287
31.715311717290533,52.67316645724485,16.465935283669747,1005.9626304327504,1,25.79897648157138
40.280313593878326,63.53524206500528,0.6747920563462948,1013.1383572322239,1,40.62974991897108
33.875039674140595,60.44701109932731,8.97448869769227,1005.7983709632018,1,33.3044702789426
32.60846654311478,40.2668194455178,12.636153488793742,1013.7069702166484,0,35.4696003093435
25.600859946151637,72.53754127058043,16.662707066912564,1009.1953146388266,1,26.757927440736132
28.883120054234496,59.0246869631377,11.811263688689928,1014.6765015538666,0,30.336175158652853
37.49504900706159,40.22941984268199,6.701390413589259,1021.7820556543664,0,36.0493161079187
11.672226025203503,100.0,8.723464059179816,1021.3924784539059,0,11.677181176600811
21.50560672783044,69.52860333434249,24.666586287577864,1025.8821047106608,0,24.336661637242106
17.274312512437593,56.93478893201389,16.958276956827998,1021.3814689689716,0,17.07967331352676
28.791531187261242,88.30409053403648,19.897254455644415,1015.385575315418,0,29.315539854455963
37.302221756507876,96.83631218773215,7.809009512981363,1008.6656836235985,1,32.69434986118168
19.03025713278926,57.0930115537223,0.0,1009.1223907718378,0,18.82463702380761
1.0969563253056194,66.94794972869524,10.815165544924028,1004.2222269356419,0,-4.939043579012709
20.8777925497553,40.23994363994118,8.067435564596028,1013.0452929105156,1,19.329357941680527
34.13473732017407,57.05614498463977,17.792098149024635,1019.9738747871194,0,34.325283993354766
30.376299029498796,56.0187489248026,41.28578970945473,1005.7433239711698,1,32.67739141295251
29.28186247810576,63.69654067243308,20.561328140946046,1012.6278214133623,1,26.284382647749833
22.2000669812552,66.6552095727402,36.887681275067905,1006.2263777127823,1,23.321119411665507
12.209692637802137,71.1965689765612,19.55015756271559,1015.0935433018761,0,16.61517285088852
30.152943216244672,64.75285312599918,9.960910099418278,1007.5061661605005,0,28.230711619097804
16.65718189965375,35.78514746741671,17.783328624967066,1005.6048942870594,0,12.016023134485778
46.840967333804564,41.2306578851783,29.245108795821665,1006.2003330506798,0,47.71048720497583
30.70507208354516,49.071847610726536,29.636500770569913,1018.0332877384557,0,27.129081063936283
19.19351697446049,54.35518816153542,10.397301055655367,1012.0325059466965,1,16.736521254039932
18.886147526113717,81.01548580944227,17.025469565594392,1008.7157826999996,1,21.656158351221176
24.070557933864116,36.74122026294174,3.5658649626308385,1015.6140450254721,0,29.701255759994158
22.6049807797825,52.851699036586,21.597348997531437,1008.8548378253234,0,19.602910430758044
36.16833775529955,79.060189964281,27.426837592447157,1024.265178936857,1,33.956078535253305
26.864161697440462,54.00245051006775,15.31839563292813,1003.2613384630674,1,25.544554810214002
17.68368261091472,69.20831299685648,9.660927565118975,1011.1302848718271,1,16.040258450338438
43.90440685155782,57.20915914144193,17.881047610220502,998.95234778333,1,49.70428439299393
25.493083315202227,65.13566514649446,18.339672250905327,1009.5312560810991,0,23.901379826138868
32.68839675968897,55.430549123809186,15.649150654796962,996.2036450229336,1,31.525141016110585
18.91773492555241,73.34130945456708,16.429720994687624,1020.4631652255913,0,23.766267345076884
28.631156277445236,29.098871851871294,13.609481196245033,1020.6650376700558,0,30.361185212063138
28.111099911431953,52.7337598322291,22.96763942581125,1020.8417017372448,0,31.068797610279688
6.103507079038472,65.93145353388616,20.889819561321016,1013.2887248017447,0,3.385168459971298
45.1527511046064,70.67390496012386,7.135174822846806,1004.201295952899,1,43.56221205507919
37.906444609225474,89.85905245507655,6.915275174731242,1004.9965936796405,1,34.787289536188595
21.028046838540124,52.179506662688475,12.965004663787504,1028.301720552205,0,23.43183147664757
13.977302595441445,89.58963523721746,20.894696992841432,1027.356771037998,0,17.653032218791775
28.47561613803552,46.81952346680659,16.184459311126517,1014.2255515695077,0,26.67629303049098
25.866976994143965,86.57292823089287,9.854796719018758,1007.8436596591968,1,24.774253025431136
28.556689485632294,76.34934253396744,17.09214877380664,1026.686234226985,0,27.59521929051632
26.915773961940896,41.730828407355546,12.353515843821825,1006.0549683861519,1,22.27410198210637
30.06240989305926,66.14078474503644,22.04389168179305,1015.288492080959,1,28.0409436597803
39.473056993918064,58.97528328935617,17.66446748053638,1026.5195730539847,1,41.79285563820887
30.68103205128646,72.51169187350001,12.47777450038285,1004.6366150033538,1,28.054776537951177
14.503445010900588,55.53456823133381,16.852150176371694,1021.2922358563711,0,14.782390597515553
38.62562852712452,53.85507548676537,25.520384476193612,1018.2056079584387,0,34.70157160373205
41.406145634882876,87.38189165525702,10.44295938762898,1012.6048345776844,1,40.97414290149627
56.52056734512085,58.02558211088654,18.221255853177286,1003.0656640086688,0,54.830603881362826
13.76505966760402,76.52844648383532,14.436317276272034,1005.7556023989672,1,10.10004521625272
27.42882013150275,55.492970299116,18.415869470896798,1015.8945107285066,0,29.799978419968085
4.179012968110129,93.33326518455047,9.763480467234157,998.7666320511861,1,6.718895051713186
30.53149156379209,46.43330741329013,15.882683465275006,1014.3074385901825,0,27.622875427084168
19.517997018332274,47.7171293750563,23.862586259334407,1018.4105098406167,0,18.86944662575109
44.23445794824953,90.49034362231806,7.503944150031141,1022.852201728091,1,44.367413997466876
17.253850299814182,51.101072182094946,4.364759173399346,999.0164292553977,1,11.809564938430634
8.108169620327384,92.02148612328784,4.668355484104286,1026.1624729716127,1,3.916891441145288
20.2873625929748,77.83681159189626,5.634699758398488,1029.9536349417995,0,24.146215902075145
5.245122287828625,56.90700586878333,19.762586303141312,1017.1015156771359,0,2.0497415983209133
32.5109945450731,23.734130559656833,3.753122513076276,1002.6195141857534,0,36.28554386982819
4.349169537436794,59.61363391456329,12.616837242051755,1009.7189071163976,0,0.312928514286801
25.284575811831587,62.03260107066849,19.946314426485664,1012.524027548815,1,27.261059143252794
4.22188180143803,83.34435466608745,18.33327248438875,1015.7046350873055,0,3.2879724789070246
21.797021954633582,91.76894352480224,11.91552816030012,1013.219815526436,1,21.28472314717048
41.43378155804534,46.30025641712505,16.527389854040848,1015.8116514289462,0,47.00158929864723
28.60647891435795,76.02363527976365,15.857162637900547,1012.0925324266087,1,24.843919011401905
16.36506395035066,75.30804312026699,13.20607235561451,1015.6510709451225,0,18.14945853913387
24.68796511060916,81.4682540482089,13.313322250763358,1008.3947657883868,1,26.348434101282624
25.180168720444467,69.97379824271088,32.883419478055686,1009.6181328301753,1,35.2438888879436
29.726303458434057,21.150046180764605,21.474487231450407,1007.2397482952333,1,26.494910997738398
11.331416367191736,56.8915513494448,34.84520734009715,1032.1725953450407,0,9.453461986681425
30.925672738473306,36.8858485016617,11.02429493663599,1027.6390078617433,0,33.373439595970964
-2.043916316027751,55.94788454163852,14.32026722489482,1018.5529419001361,0,-2.64470789363334
18.701154476361896,79.60008472267788,4.342993877786821,1026.2530899726773,0,17.312001606166646
20.117261575484555,66.10301671749946,8.523465583283421,1020.9846133897788,0,22.989796040454053
31.333268260712384,82.96181732794865,30.215305189300008,1014.8127115951405,1,30.533562951801223
25.22630852676869,66.83507841427078,10.823725681265948,997.9442865898031,1,22.55073131562444
10.944369461437134,34.03348120662194,30.354250401155674,1010.3783607987486,0,13.122999925723077
15.150068741829848,9.583059868545305,5.053101914560877,1009.6496210798165,0,16.27593276591343
26.98680009547407,62.9761752335918,6.572247727413785,1001.6692482690785,0,26.04826030865614
24.209326581354436,55.72147067297669,12.27015023181263,998.1383772539339,1,23.12842202507437
19.208758903642536,40.461085212362356,14.490000626566577,1017.9271934656703,0,16.464039088820847
20.19166210488021,25.98745500697244,22.384698339601037,1016.2450432237081,0,22.366952670226233
31.96167997159289,45.305135730545814,18.606163337490127,1001.3260301993239,1,30.881356519829765
19.823074271307853,56.11017030270448,11.669477941247777,1005.5412149356381,0,17.513536560586843
24.119087559709268,73.3175564741278,13.93347354785515,1024.6122227315416,0,20.262422058133705
46.69936588080543,63.7726216313596,12.447496641722399,1004.2230348648344,1,47.87582895453194
10.76317363116077,92.16134494345458,7.682770117394162,1014.707989039338,0,9.237424694421778
6.481572684253415,39.28791887909212,7.896296507187027,1011.1022170043202,0,0.44354674228620006
32.83589664798607,77.62117784114866,23.22307113146728,1018.0636347106206,1,29.226090279053928
18.213569387058968,60.94597486257456,0.3746805765828807,1004.4389234734357,0,17.51277858008202
21.817624722573797,73.89338248237169,27.93886957956044,1013.9008347754011,1,21.201011727822294
17.188436218688857,51.26970273468913,12.256046195182144,1014.6872257734587,0,16.457809467576904
22.401998592324876,81.43360747781179,8.819931148862718,1015.3018080622923,0,21.25373025762219
40.98538112096341,65.90449516690485,20.918074325578154,1013.7907385796261,1,36.55781995275417
33.021284586181196,46.411100301645014,26.881732673176938,1016.4460932059411,0,30.397639013734043
33.62223511886977,59.759519421736236,23.94105953283166,1034.917703320508,0,37.17356607832207
10.837729442073545,55.20888282125801,19.014816394879126,1038.612977767711,0,13.946413822632742
13.488462634471308,69.78356701275587,23.694907917774685,1006.6078385921328,1,15.222317981503462
-3.3907865948542693,36.40446501250983,1.2680193828490722,989.817570196475,0,-1.9222787827322643
16.90619178917246,59.41296595768611,10.825355668094815,1018.9549530072197,0,19.620459513368935
34.567031863856585,67.90614505298662,7.710639519801243,1014.8625245990127,1,31.204647651380284
30.16946515748371,60.66046614386067,24.7971098497214,1023.6104185918358,0,30.268250257754556
22.78486737047876,86.93882488777992,11.932175848608907,1015.8488589971532,1,19.42406591853788
24.77699716281947,75.48045548142105,21.763252454256445,1013.5860393952572,1,21.468253753523648
18.111144574245944,59.85038406518507,19.286855539909105,1024.2890659587722,0,19.215339387486768
27.047588824017843,64.33378194995346,8.101544510690552,1025.6878058841385,1,29.88784014142547
32.65878279480615,65.91331102964,10.304334320189724,999.13439941219,1,32.07723539153854
8.841132125895271,68.06599208333648,25.35054152651781,1004.8339381286041,0,13.788133422523776
27.996476878373482,23.486840086707844,8.796138810524692,1011.9440704071133,0,28.63182985951009
34.32434870954667,53.969474084613054,15.998940881563831,1013.9843762392459,1,31.993992112297136
20.848997110366305,30.311218636131475,8.73966970938844,1010.7401679664775,0,17.58881145474529
32.00700612120583,85.56561894918973,12.488382504673115,1017.3420717786189,0,35.06140057375998
53.14654444472553,58.783009599941444,14.630704448240225,1022.961047893171,0,53.531921791944974
23.95657207013108,56.13318100640755,8.73706791762007,1030.2270971072073,0,25.984714204639527
28.933070500053237,77.9359466406647,7.316424368128947,1018.789130237729,1,20.95918071869351
17.619429163386084,68.4464959489975,17.29018669421954,1004.4766632154689,1,18.3534452664269
26.812511626020505,37.427309712415855,8.24210072967059,1011.5262377480218,0,25.277189060531793
29.60271624982304,58.58189274945262,8.51473955441062,1012.2464775874045,0,25.421437642072448
26.94842340270138,53.296660535472306,7.4875748503842345,1018.1464023998116,0,26.760376373856104
14.803046802911432,25.10934222787892,14.376735629349453,1016.8816803343394,0,18.0784874038748
27.06361771325451,46.19447533525591,22.549613075198728,1033.503966511115,0,33.86230257251366
39.62195938717637,56.329193559670685,27.052229090498134,1008.384868647451,1,40.3484166091439
29.486357645145272,57.70098137016315,9.192655312049771,1016.847505337668,0,27.358917875260705
34.619871890718414,30.355371526453826,32.20248634664969,1036.5471139774409,0,32.31136422116301
22.629880299873722,83.03331166094951,6.962361114345633,1007.147931030964,1,25.51927738606932
32.4990023942371,57.95793882217122,23.668388186622956,1014.4514869617036,1,29.508380036778426
27.79267838216526,60.75106153321126,9.226428367876458,1003.5511949887598,0,29.659960520748548
15.49089270312768,68.01283276679673,8.032613841039918,1013.8208689962743,1,16.371936273006533
28.185210047988743,44.238474921926574,9.04195074572489,1005.1978285186236,1,28.73451422363738
15.083033365596895,69.12711946265392,14.580418402807046,1023.4680090349135,0,10.378677595954517
18.67119725115208,52.65850707963634,19.63977736826888,1014.473188590314,0,17.600322644473106
26.89328307292374,42.068289187056166,20.358944303238577,1003.6460274001771,1,22.5188096988509
27.97244273380124,71.46894986710798,7.448119877216894,1021.4056769779168,0,26.207700529850943
13.107675349228709,89.83347717603615,7.082725699909851,1014.7966603887158,0,15.859091333790246
35.53985771182876,74.49658746971663,7.666890453091623,1022.5281877722346,1,39.233031421895454
30.720062783004728,78.45955130280862,14.10916478091591,1001.5233737205225,1,31.361908731477385
17.95271564389116,49.58738786875402,13.318755166473004,1016.6882441224866,1,16.241694106589204
9.624152035508246,28.047605416630873,7.39859630344164,1020.733416946447,0,14.3884500325895
23.550954209185686,89.80275044199682,17.156829552505954,1008.7662250976426,1,21.800182307917147
20.5405628613884,100.0,33.10055046668255,1000.4099727303185,1,17.133503385961387
26.13140457053023,90.85613547539364,10.962276305318788,1012.583925046296,1,28.22085347428058
21.368833388444337,53.284281220405006,11.531905430371733,1025.2811529378093,0,22.742035516153457
4.925431392549903,36.90731322542312,19.47729256259495,1024.2593033063406,0,3.297703659772381
21.116530616988417,38.686346043608665,10.52946966610564,1008.7157156524443,1,21.417206305697118
21.94380888931687,26.325348647719025,20.35171585374546,1000.1691456362356,1,23.270288855872188
31.336610247740587,57.852427631799095,9.251658345767677,1008.6882027965042,0,31.947646770896036
18.018003253889503,92.11355916164909,29.656956860618408,1008.3152234926808,0,19.394820118783244
41.786746733725664,57.166747362555135,17.758199780738355,1017.4644678330478,0,40.26960214904574
5.8835944934824305,66.0464580069655,10.039816407386308,1011.9499849709588,0,7.462329626201227
38.111674978026244,87.51193928608417,10.290466404245809,1005.4673578826286,1,38.16434849077609
22.75681029121895,51.918093763352005,10.88960197833572,1024.0426306726067,0,21.34137872660989
33.595848723435566,100.0,25.98199732999099,1014.4042586744483,1,32.858194436735744
25.79801484058733,99.84188814994907,4.849991939189733,1017.3541565273094,1,25.504309332814078
36.39555536025469,57.377773226390346,9.656466636323962,995.7501456586873,1,32.059420349070855
21.126380354471888,48.44931471961574,10.506715544596592,988.7573512930271,1,19.216402614762103
14.013795748221877,73.94476092780626,14.874496265944497,998.6245421855559,0,14.208512295000235
39.205042872710635,53.04950114962284,12.831122458825645,1008.1945657439322,0,35.15206976654408
23.865193541178588,36.86889565865327,3.070177348876298,1018.7635601761381,0,22.005422555734846
27.215584736242107,85.62477307045961,11.801418531236259,989.577531295927,1,34.36951967135772
37.34751914044795,84.3289477455416,14.203594534520253,1028.9285206437198,0,33.959744045984365
14.68044757905565,63.11023207527121,9.975217319361732,1014.7056602677012,0,13.529005841104363
30.954908976392574,34.74270492543644,20.49420391238132,1026.6029499294991,0,28.45375714080638
19.10105243537109,35.40947497565227,22.355267430029176,1004.1402991752587,1,18.750442423511082
23.67830644355628,62.14458576838305,14.372906402164856,1018.0385993417249,0,21.233551414151343
25.722789653842888,50.00257930989935,16.844332694805836,1013.8519592997079,0,24.99306028396559
9.99778138553064,53.17814135716784,0.0,1021.1768631305456,0,7.842140280080961
17.211629571795655,80.43926310120007,11.631177822705347,1010.6620863240029,0,20.377013020905128
38.51072892413139,74.66358634845116,23.038573534063303,1017.7321520900759,0,38.755640037290036
33.86191188584796,87.56285360995226,11.61250733456578,1024.021953187712,1,30.8529939149583
24.37360422672765,40.187535532454845,9.101906588864313,1006.4882370610823,0,26.89599379822573
27.43123458512893,53.13616862626576,33.22151140824745,1015.4224423248965,0,24.556434737038593
22.057574943635423,75.17963390920225,29.55261752156644,994.1213776277765,1,17.36533437690047
38.56583385827982,68.96156682025783,18.74059929985726,1020.0250301906336,1,38.556706395981394
22.99647422205836,90.64760765175244,24.11128489184038,1032.546625434625,0,28.718267495078297
27.31842092134848,68.4107341180814,0.0,1000.555639522513,1,21.835428534600815
36.460301441420654,96.96218208211104,8.699588474970348,1012.0861873957206,1,32.46733767671336
17.226285151540935,70.80035603446282,11.240337014614788,1021.8048130091412,0,19.48386214102347
40.58789184496894,81.2433489517732,13.11215920906443,1013.3141747346655,1,38.660927646133054
9.695385902566231,53.529701064310856,11.0804478322083,1014.6509955149322,0,11.531231604305862
41.296421311127986,60.28574423767978,0.0,1009.0900055847636,1,38.783954590302145
21.273244160480253,78.21888807678951,18.08819694966848,1008.7184774691209,1,21.699130692707783
22.57301252174718,92.25956341186108,19.349233026244853,1012.1330584641462,1,27.806434297903646
6.0998982881705714,74.58473898621506,27.81519033271985,1013.4167142213936,0,2.516129347104959
20.45205282622307,58.33656456130761,8.693525881800293,1001.1855873842269,1,23.523335256634983
14.601934689731157,87.54670059056684,8.038694737760782,1012.3397801405397,1,16.641055079627417
18.923536546265275,16.160426874402383,0.0,1028.6853393870933,0,14.455803792968549
23.626890342111203,31.555309969862527,12.651465307272911,1008.808662064111,0,25.303591913336522
34.57791614472906,73.63268447336777,22.208894248497373,1000.6274501712537,1,34.79633453131688
27.07603351400626,60.2821671250625,10.105857102458245,1011.4858393201357,0,27.349315543747448
28.07676653401114,72.11027302248331,32.14755854834918,1005.853871878757,1,29.086319233366247
14.044806111544377,61.28815044863884,12.947241313683811,999.6165817467806,0,12.993708578296962
16.1924591039727,71.41891389207746,16.175938274308443,1014.3916846173262,0,16.402755980799892
42.98725018351312,43.711943580136186,4.09517535534725,1005.8971796284892,0,43.711607458633985
17.647989652367535,71.40972172159381,17.297762761402236,1006.7528583314672,1,19.88616346902412
41.56208252057296,79.88829056415169,0.0,1014.5342738038539,1,36.980599420438715
22.569388011191336,84.41101207862465,20.54958364010516,997.6682540463767,1,26.44204570066465
25.02287936143504,100.0,20.795425409883297,995.5843034974888,1,21.557008332257404
35.703651602299296,64.88196887004773,25.87433139469208,1019.7087219450193,0,37.98853699473846
37.718924219386565,65.47822173694358,6.8402502498584905,993.6916639927591,1,37.9572595172049
23.891874397209126,29.536550716523045,16.284496946379353,1003.2332230469265,1,20.048405368813032
21.117569464784612,49.371771977231504,19.510532475092035,995.0016046461157,1,22.702005873896624
24.440795514777868,56.13835851986775,18.53825310664248,1008.1386353315116,1,21.604575597192355
28.379575282321184,81.0063910455271,8.07760579892119,1017.2805874765116,1,31.585961947794104
33.91303686869755,47.77997751820742,0.0,1014.1233794873237,0,31.78053235319382
25.042298589941517,75.92680039497665,17.77568237507585,1036.9187338945728,0,20.557340297125386
31.188862980231537,59.9675656607324,13.780002573520644,1023.86915617789,0,35.790398295340424
41.383597322709406,56.456637697704764,10.466635256308479,1003.688421498434,1,41.92756833642013
28.813096122647845,64.97787938266512,21.11156290972373,1001.0294499517358,1,31.41466949993179
28.116528560047783,52.176872554943145,14.640643694764535,1040.066879409755,0,25.56211292378768
9.810891749099323,51.41925503814669,4.446439577857605,1023.6257200573336,0,4.135460138974721
-1.3073013682906343,25.904281884197708,0.0,1018.8936960726958,0,3.7183059039726967
28.883757292301684,55.04091585344221,5.968293878934677,1013.7485181221562,0,28.86447685576484
24.051757687191277,50.40063707702547,34.14409835813429,1015.7352156747502,0,25.525813369681916
19.85217325085258,49.68038021301841,20.782214191462185,998.1792672451758,1,21.821960592647386
27.435302041863444,68.3374612518008,16.508898735800095,1014.5703917019677,0,26.429128882816375
24.39596270803092,73.1726390558102,13.546712582513562,1013.7123139745902,1,25.074651350877467
36.277802506338986,64.64389009284655,13.020856480420514,1003.9586115689852,1,41.05966028385532
25.86110868258978,79.90830380898949,24.33756786687276,1007.6147354643152,1,25.763784995951788
17.530767149298324,71.5112385166073,11.075234064772548,1028.1517639344356,0,20.35707109855705
34.901662389592886,54.09887620388716,19.61536328547434,1011.7482507970514,0,28.92792144950102
22.828689250537977,50.7428742857124,12.212576397667247,1033.7117130253312,0,26.19997114149562
30.26536683672307,66.25644473533693,30.5212530546805,995.5932056351262,1,25.69935394270515
20.225892938071993,71.47534219803802,20.93830806062643,1007.7786981377425,1,23.254119410172496
18.501731145025637,87.95688614062996,24.964454517469004,997.5272144875308,1,19.67362480637945
25.841682301856963,83.82346089880191,10.32472180249409,1000.9057754610817,1,25.553920273635327
25.128286435436852,49.17053986985662,23.465088900539374,1004.717942943407,0,24.829521771813063
29.79827035366833,57.95987439745477,12.499380596842474,1016.1530962677059,0,29.040077073596326
22.313542466902575,73.4203560983554,15.880278591462794,1015.6682617108039,1,19.851533908571884
6.636402162296026,81.35995556117945,28.080381364955667,1006.207096803724,1,6.0184733264058865
20.672261164116115,78.77938937409584,6.657799545948647,990.7220044266342,1,27.29643839664338
32.93818467143816,58.722443343373065,16.625981850443203,1027.7769287303215,0,36.845104803792346
22.026239207568935,34.919546951429666,18.504042068149815,1010.1423528396365,0,19.413229672001634
22.53616597485452,40.021272475088175,19.160035046406477,1001.8370982969886,0,23.339228181836383
34.863765059059375,65.45267028638828,11.393724055252276,1015.7493078107009,1,35.15170254876867
17.88026772741077,66.84451158848691,31.69011280646465,1015.0444517052317,0,17.453387398381757
9.571967817571004,38.0264125313123,4.640544917277918,1009.7732353500004,0,6.563635147658566
23.393688804745057,60.89139221778543,26.671083109059754,1014.485310156415,1,24.731382759165015
20.158260487512628,72.62448713943566,24.72052484473311,1001.4497015959198,0,22.696475377256537
15.33753680246746,36.97546684985711,30.20711031682948,1020.5991284317648,0,12.835840747267119
23.246215441013092,82.09994403608829,2.2941832103374384,1003.0313290524313,1,29.112839692880712
29.915056472467835,52.4493770288035,8.049348096882317,1006.9443034469657,1,34.4810662201745
24.907114384321844,85.15226225153302,26.935544473293128,1019.4880181615157,1,26.551611061175542
28.06981072686238,49.330951084481995,0.0,1025.0395896501022,1,24.37465161885594
43.13407698515423,39.467490342316424,2.1483287916766898,1028.8577456804635,0,44.33830286310792
21.57121138442436,50.83726020316561,11.093537706308066,1023.5579823846657,0,22.417145389117753
27.783486346446697,58.0970375384536,16.53595030897814,1009.7592781619821,0,29.322952175102188
19.907866374008655,52.23040186457038,27.7378005891902,997.5896693089953,1,24.679259190877865
16.536402801130272,55.67997156853773,13.517872680557135,1027.050555856029,0,16.00848063728041
19.150923465822302,66.6793029935238,10.134086815483686,1026.7069598890498,1,25.294403204789532
20.212414284783115,56.57641260407201,17.49111950157142,1006.280238466465,0,21.431927322764366
28.594757975471254,58.67775212095986,18.75677186635521,1022.2118903782456,0,27.72336844848746
48.490757867007574,25.81547201594808,18.52991857736217,1009.6782220606926,0,55.68888948712681
17.8395656372416,67.83396032020946,13.57611033638924,1028.0127688351172,0,20.329241337301866
20.833746943845377,58.21593404616664,0.0,1007.8513533759622,0,19.46954528297296
24.36876986888752,92.20585960965741,7.659072087149343,1032.786512875485,0,24.621419635726845
28.95798848709747,41.208696654920836,26.362168682139696,1020.8612054759825,0,30.863687552661073
27.63550811954785,23.83409343000971,16.4965515038128,1030.97544844686,0,27.182925039191826
37.84095793948117,72.36136987860084,12.419823047143545,1008.3620273035012,0,38.24268154661602
0.7360792946479187,66.93054036626,23.945348386991796,1017.0502960444419,0,-1.7155315163402451
1.1307012980432738,39.83133958937708,5.9590669410484125,1003.3072080165564,0,-3.924882294380451
20.04121827989851,29.40502089991817,13.197214930295939,1021.439892521192,0,20.360476248132645
35.97300187543709,90.7479346136858,16.102067241392298,1021.9904153283712,1,36.39308534211475
9.343519683944038,88.28220781213564,11.468979973642966,1036.970239182012,0,10.9248784586176
-5.076323396937571,10.250864825877414,15.806102583212791,1017.8203979721965,0,-6.804892518256161
30.711794062192087,50.835539414869984,13.498448548625879,1020.2409420250609,0,26.69013117857009
27.436572237027143,93.28384109567799,3.8052556177129997,1008.2916962349622,1,24.540598827785097
14.097915932005701,50.47874884444266,16.45182305503245,1018.4137937263524,0,17.264817202525176
15.144603992790701,50.187755319466945,4.37318566789706,1009.2010879131242,0,13.144770056167987
15.302562803653256,54.34481344741263,16.324921000773777,1014.15860758842,0,13.97631984624197
26.105353174739403,37.582060524636816,25.993086593200875,1014.745156615458,0,25.168112483246066
18.73684723816993,25.904485115439115,12.751814421791565,1009.4769512665083,0,16.879018730309557
29.940639189755196,81.05094621469497,5.62813496023211,1013.6294509654199,1,27.861006707156697
-3.5462666290439095,23.14126187504649,13.984097494360157,1009.2470483028658,0,-6.159637322945341
16.43148134872201,64.94542904217512,8.34423113537175,1009.2026887496617,0,20.63345107242661
13.739460390889498,77.73158985515299,19.756072021051757,1023.7666465150227,0,15.779762440918287
22.436593216275078,30.975474021976833,13.816090019817171,1014.7541364182641,0,26.180055535725792
19.619522415098615,41.51463194809857,28.678106013316587,1016.4706627220028,0,23.967541684481127
32.978437798957664,84.26358376783179,24.303916765418705,998.4269523101447,1,25.92879840665872
6.406632283399425,70.6578344045408,13.775355964148778,1017.2345833183039,0,7.436996209483654
25.45491476330752,47.654285862422256,20.724872543784727,1018.3042346397524,0,23.696378861612565
30.583364232117056,84.04498006722342,11.854108726697238,1009.0166137731125,1,33.9337931651771
43.56647436561955,84.13071446908604,15.271655081321345,1033.8502967626068,1,41.342060755891865
20.182340289065248,65.38105386031414,12.108526429197502,990.1077273581593,0,17.019891019974118
28.24458604352517,41.99679544252675,21.13164767879767,1020.8436713577055,0,23.942448461565863
6.961372074376349,51.731025930564094,26.463906213676623,1020.1280480495486,0,6.0533473414399435
1.080437956869762,65.7277348791078,21.389185657529147,1018.4158293199941,0,3.825273744454695
33.447743757817,56.228103417050235,22.375492810282847,1014.7621270563862,0,34.21624540840094
24.944397063519293,78.77914356469702,22.384267497885833,1018.5067932262504,1,21.33645226811086
36.78512689798423,29.404518397813277,19.410047378677678,1021.681754795559,0,43.2431041690699
11.265971110302509,30.114729418675225,5.885710726317857,1005.7411241616801,0,13.214587028777213
30.199021395287524,63.617422229648646,28.607772155332,1015.9919562218009,1,32.531251742560585
43.688178405438535,50.16911172386191,29.4352866135874,1011.166831579767,0,47.543264887481506
29.197056083572658,47.459027706045184,13.128963173493053,1002.0623159977449,0,24.276409317695318
27.765815055910487,24.638865616512057,12.034416678270546,1020.1716997461328,0,25.03151264014684
25.0855608082435,60.390916895963635,19.899293223323,1007.3563957531596,0,27.554594879016317
9.291185428740878,58.944897839984684,19.40650268146804,998.0214132522053,0,6.858970444676448
38.55572935710348,73.06957963903481,13.38443144997585,1007.6088933929835,1,37.73068894033834
18.89142360194934,61.37812266241944,4.999794755299167,1005.0110110190687,1,18.658201643455442
30.04483256383017,57.34791843519007,17.445609525998215,1023.2847900919011,0,26.212616397940415
9.369656934287464,83.54001273580674,19.411492305404362,1014.5319314055807,0,8.287205387886544
13.205403354922197,33.75065393102901,20.806569184310376,1026.8238274568994,0,15.948913006977694
39.350873992222354,70.72778437695152,17.79434217883366,1006.3344376876695,1,41.539235661675875
21.52697711042157,26.577056704093025,12.831078813104725,1021.741698718965,0,24.866021096323973
39.53275476042545,43.23276239998385,22.952016316050226,1041.396229148079,0,42.56238238179784
24.21769340941482,35.74685734753373,15.526787980527347,1016.5603246712714,1,25.435315186522573
6.581022270421425,75.63885070903837,11.280615885082234,1021.6164886232315,0,7.561057765350524
33.920675997317204,58.69179532809212,13.554772943634232,1019.9351766422541,0,34.68066827763706
19.101076822443922,59.72993510814047,1.0322477402001446,998.7792467257417,1,17.21993532068204
31.986888135170435,37.86534024541098,13.54206540657169,1018.8581729746745,0,28.897053964008595
25.25210867540082,54.006130081342214,20.507492158997348,1016.0645632064957,0,23.18331663704112
9.568817720571296,44.73069393381777,17.71826417711384,1010.4025261660169,0,8.59072977089889
26.64294765370569,67.66910029708433,27.165313383849487,1004.1596362579512,0,24.67546981947736
46.96223142152799,40.178177293367725,12.896200687874366,1019.9398324032703,0,48.20372663697974
29.929864585144593,86.59588730410152,18.89850530442653,1003.2759626038937,1,30.535550233337347
24.42482246994537,26.48839100751811,21.341921410446176,1034.336456046819,0,25.352792966106023
35.75343401956898,43.86960335086877,33.74285606629927,1014.1416908348813,0,36.807658217316316
27.10668465203111,93.54401019932192,16.158123928941123,1000.766929522135,1,30.69367646538471
27.095342302627945,51.297225040759315,6.646502569087813,1007.8600372167166,0,27.069623625466644
14.083748278408974,33.70242671191176,21.783430026842254,1010.2186566171018,0,17.108856579912807
27.338480257895984,64.38143125075337,29.925818847747657,1037.1237665392384,0,28.888236331833486
35.35443416416945,50.492155155709156,12.419610318187027,1004.1541105319051,0,38.743334774074704
16.639378478999753,43.282594887633884,21.728652308851327,1011.8378273674862,0,21.483267982159468
39.24495821246948,38.08258378402565,24.829824441831363,1007.6217163013498,1,40.974906952406684
24.08293975854874,100.0,23.136524351761228,1017.9925848558166,1,24.394244507564736
16.122304884614593,54.968961996317276,16.004468179788624,1007.7811658629496,1,16.414228336944518
34.976320769202445,21.48865279334246,9.41220993429483,1001.6094333386029,0,33.56582253051693
22.13205764261731,89.87419518011069,14.349763615891314,1011.047054202038,1,20.62074120288914
32.59514887486108,72.22141810221142,18.668803631021046,1010.0060615666775,1,35.301500364795686
22.08241367741463,44.670671379604244,22.265780192733832,1007.0775562237599,0,19.191402800071963
24.401738564700963,41.337618226277165,17.671560383992315,1007.6118964110289,0,29.24605647138764
29.935602043342918,73.46945592316462,11.960736267675383,1024.84695797881,0,29.480432284630858
27.90897057590006,55.061633450210905,19.44303724919815,1009.8025978573249,0,36.495204255268504
5.044682195482615,21.480443631097977,21.880680541942564,1001.6587233752157,0,2.965335914993763
13.787562599056082,95.74479929209338,18.036880451315845,1008.3788403620015,1,14.538129358997086
34.29409984790816,51.32019075568086,8.310503083693401,1013.5433565946539,0,33.2385520371629
23.67863411098453,89.91143472964853,13.54875172226248,999.6373036344864,1,21.299381836354712
19.76268697228578,85.56869915931429,22.582566211299735,1029.259779600064,0,22.954088024921937
11.414259847425257,39.979809110343716,3.93585753004421,1021.6757947750627,0,8.097597264231837
14.202636787241516,80.66379728726295,0.0,1027.3017274361878,0,12.174413266318812
4.782013600380527,46.97114900272638,27.064662801152167,1016.9212812548768,0,6.540972727125259
23.98719281298467,22.665988263921165,19.091322040175037,992.063025498699,0,26.222075245832883
19.01562419418953,51.50803667955715,19.853840020160852,1028.3533371663852,0,14.839967930506969
15.334121090146848,67.95275003552558,6.385464210983551,1004.3643164029011,1,17.07915174579297
24.31876574832047,50.745267040073244,20.900224507732304,1005.178132559979,0,24.705465488569487
28.63970630852738,53.85903318149797,17.201989500546915,1014.5632514395544,0,25.88653623494279
45.93197932209945,82.87132089857226,2.3253793772128226,1026.7822984667016,1,43.56533471609279
9.881165804367864,62.12987960580184,26.39426731419086,1023.532871339524,0,3.7808115205226613
36.59381043300522,43.134033774300946,16.269466588949832,1022.0628112017602,0,41.74614371639795
34.73101561015072,74.04060647334653,11.83132827136585,1009.8817294712545,0,37.77727685508174
17.209072606232994,63.953511339084905,11.976082032118258,1009.7239247390789,0,13.341637575698336
27.03235954586031,9.56790397075914,0.0,1016.4594366798007,0,29.429082564235696
20.423667506623847,68.56705827542898,19.74669279705091,1011.6992915871647,1,18.701600474774846
26.85688580418739,67.83657415432204,17.094857657965804,1021.8931790732935,0,29.601317413236487
40.09131013404551,60.4024225916172,13.44735894133524,1021.3011766449523,0,38.60308942656826
31.056062326313132,77.83401162139151,25.227881659613377,1018.9134132117271,0,29.966000040989258
30.08608373233442,46.55212831346996,3.929127848033234,987.7403871823062,1,29.221041929061425
20.696906800453576,66.72999577641802,10.225820189059078,1014.2798836367726,1,18.724840775469637
10.159433350756649,28.660812576652944,8.199933961916912,1011.911461192673,0,14.35724747645656
22.915317894595923,68.14180766797664,12.769640161827576,1014.6802560175953,0,25.61089887384036
37.06608154863915,99.06119391079793,15.539760202057783,1005.456753614536,1,37.39592716363899
9.728321434103524,40.10287295064918,18.44010819049084,999.7521408960077,0,12.802025926060955
14.44910631823305,44.803957360244496,12.224212375159063,1017.6313847997504,0,9.567891172496672
26.262677362340682,45.79969114216895,7.98115411876085,1009.4369868226794,0,22.577301026687586
15.153452151527375,62.5999645160319,28.488055598163555,1018.746929937076,0,16.577116438601262
17.074765528847873,38.739274542925635,34.293121534308554,1006.2908562231523,0,19.28137519627154
20.764014182718228,68.42494757381961,16.146293375056203,1027.1591064049267,0,21.602236821485484
11.343825958098506,76.9367989093833,8.945757063833064,1023.0106484257076,0,5.69574193286355
15.258781537836317,70.68694426907568,26.803633048338355,1015.9682710854588,0,12.071777964823074
32.03427916787309,24.631691487238555,3.4259431493722783,1010.8671158661406,0,33.28405476738559
11.92630217769036,79.90335330317212,12.321813402361379,1021.524088777982,0,19.205719045414163
9.021278655051624,78.7473482850736,9.431063589229586,1016.925478152374,0,12.675016650226908
18.699750204661058,76.60322744692608,5.72371559639609,1015.3858418793061,1,23.431663100073376
32.31955502509846,67.4568449731165,12.759806136625844,1023.4286540955961,0,33.338731291669355
23.030781920031103,64.40378628410265,8.086623366608281,1027.2653615440663,0,24.028254862399233
20.354189218843818,80.64778796252793,15.101235713189237,1000.4758881551445,1,17.25373281707559
25.44358797515607,98.4702697520691,15.217417341379711,1002.496158926502,1,28.29905413431092
7.542925671403481,40.939190732703004,10.029346211824166,1005.197392745212,0,7.323380563780472
29.947056537750324,81.56250791589544,12.035893147249043,997.9757540235645,1,32.02525366414148
28.834350314036442,58.275658039850946,13.153208256770316,1012.3725147443084,1,28.926409372679245
20.906915259042787,57.406538959427984,21.478768488955417,1019.0011645524451,0,21.744270533295005
35.05924511796417,29.26938619235923,13.812564791486516,1012.7858170504767,0,34.7960607690683
13.725039010469613,54.3042118096921,21.59761392628878,1007.658783583871,0,14.398913103938293
36.27908993253569,40.054700840631696,19.686503868437246,1024.2645775712915,0,39.27931960517138
26.54493665595251,50.722911409881085,19.572245575205937,1014.4055640320674,1,22.74624806874484
21.634474101218267,38.03627232443701,26.102767762767787,1016.4298296736632,0,17.155706822272936
24.801263646316883,51.02183225373987,6.044872962032722,1024.5423480489976,0,26.07885737923358
23.927352341890582,51.87779285953194,11.21453514954309,1011.7675806114887,1,28.249075235613432
37.20282896417717,61.935098368776,29.106390402396556,1033.6021407262467,0,42.281062814580416
14.233208725289865,27.70500275417338,12.94146799528586,1008.5218499612823,0,10.55997807215965
17.374807608534017,31.089637045093532,0.0,1032.979482045129,0,16.166186102326897
35.3630289207248,67.23828541461053,13.376253254816918,1003.2526481808758,1,30.925383157390073
19.044650648161408,44.05123765859802,16.079516241306,1018.1748490288044,0,17.392815769000048
34.00533077331592,81.49059580459863,0.0,1006.5746783119376,1,37.373875058464
41.99435983008709,64.50539444030093,25.671485119103586,1024.1956611698108,0,41.95568447941189
20.982049730583665,72.13524300412814,9.290300289075184,1008.2176739214157,1,19.8604274917123
31.813623265753055,88.2138464084179,17.628504921500124,1015.9087119064409,1,33.448880534986685
13.463077186601415,53.80578376386855,13.192147637247501,1006.4945800395843,0,11.077920917173001
32.54733298067809,48.510265891674486,4.693188646367668,1022.3722517366662,0,37.32626807532367
26.994239859867672,77.43405171197627,6.4359349229166405,1006.4424873936086,1,27.016094776592094
29.730382821602152,70.19027127859371,7.519337308579624,1029.8341484474267,0,28.525000092722454
18.544279279646048,56.253393803573985,23.685375273469106,1003.0400289303861,1,20.304826984032882
8.389165844328275,87.82915933911885,13.819694495198785,999.5437208167185,1,11.207024324961413
30.032520647495048,55.75511380320139,10.825075867586026,1022.5155207807909,0,34.82044636794282
4.365968475205456,60.65547275111563,7.52312869927815,1007.0835635973648,0,3.736061756430963
21.826495077574652,60.42445301668517,24.569201772209013,1012.9276268655046,0,25.084664645655803
34.4118186641997,41.30812210203058,26.713610180188695,1009.7775884616428,0,34.71545349989969
26.91897735873036,61.55170778972782,24.477951189653446,999.8739173284731,1,25.084837295809276
44.48342644789813,87.93520354796982,18.939498713233334,1012.2300633586166,1,42.15299186088543
35.251091525817735,68.89936630752352,17.318640334965693,1025.649158949723,0,31.960141194918723
18.461016116744236,60.62126852797863,5.272497456192788,1023.0313700330556,0,16.235934120076895
25.273133798514387,56.76465437668662,13.03344698631154,1015.3179276262592,0,28.62025366379464
24.52629297455564,66.61734056812702,9.529118373228506,1024.1226829303512,0,26.64642177991375
9.178232366538728,74.9953325697837,0.3959031281223222,1002.4048141530583,1,5.454597398712878
15.596010835156468,72.18477661779505,23.456347353322926,1009.74545671095,0,10.35683807451166
19.392390930201397,53.36270276356042,9.433360428861798,1016.958049407302,0,16.055511462812163
4.637794971440634,66.49563188220229,24.567535259482455,1011.6958517318288,0,2.307586346699188
25.47493468251643,69.59879482296557,22.053971206080096,1010.5317666952344,1,24.565137550785405
22.50928155346959,39.85610024946043,19.45374381306735,1000.993562676789,0,26.027872122495733
8.271060986884258,63.364610823673885,19.90307257410547,992.1865861135728,1,6.627910410185258
29.04212865277332,16.773922273952763,10.077488943410339,1021.1786642494964,0,34.083628533305145
32.158727446909595,69.6506741964237,29.86280121032532,1015.4322157325223,1,27.11812776994549
27.270344788648888,73.20686109125363,15.345003447624393,1022.0199837821009,0,26.22444722636197
21.759318247910297,74.95092251572919,17.41545348094963,1008.6276405784163,0,24.1159642553195
30.914421517518548,52.09906295660865,9.807389331466887,1005.872221151724,0,33.45603727461785
31.80220360476691,66.1809367004807,7.5506779137843205,1013.0654796663664,1,30.79506173560173
28.074035697196884,88.47907691082334,18.818368070475387,1021.5419964861281,0,31.079295998549476
16.75387749565239,88.27539296582518,16.740107967510284,1010.6854778501234,1,19.19046682317304
27.766007655111807,59.41654601546879,8.685181072779383,1021.0178518432848,0,25.719663677174275
36.95480650825479,62.78639261459119,3.4925862497967675,1002.9369199440691,1,37.899591913588054
19.033709413882697,82.21822289468867,4.840615301379623,1011.3855286683013,1,21.14454926611323
45.97939339132431,29.983959694756503,24.569069736728856,1012.2988585592196,0,44.14778908860583
19.743690660146157,53.53848514645951,10.093969482799427,1025.2638994392191,0,24.826667010953646
25.324070133401364,86.71140911073513,12.28873163459333,1015.076273980159,1,22.817984293548434
18.275144039936638,79.50401083369532,26.602722070072495,1030.460775182942,0,18.707422689820174
27.232708359202608,67.3852755529981,6.022795508108683,999.5231520005252,1,23.483376409944086
7.577783073647247,29.88335189338759,9.184041394263545,1014.2991890441128,0,7.887863669634927
19.53958201183279,59.00179533917676,8.849865371514454,1014.7939803918044,0,16.338362363620323
14.078787996514329,48.20169207500134,27.944547849328316,1019.2009319758687,0,13.19640057252654
26.353383478922908,66.62077805634426,30.94706800465931,1004.8664006355111,1,21.593590794959617
34.94447375508908,43.81306630410239,21.012505803217365,1029.8444633941083,0,37.343913956066245
31.460061871145513,39.485532100507854,21.26707779323392,1013.1296394147176,0,32.52890202037034
1.2834063914110772,18.702694446327172,10.357159977178151,1002.1293248706509,0,4.545638052321174
45.4206965292788,84.43609369953403,30.578627895234263,1012.8397500958638,1,44.37728103535929
27.952799406208683,52.00458977113885,17.141570034869297,1009.8683847711989,0,31.35434150685168
17.23500859507,63.14291567405069,21.82488211559792,1040.8323514224733,0,17.352847531254508
26.571279189909408,59.955237670516375,14.155800489832368,1023.4994359952501,1,26.910781568195617
26.761898225026926,38.65132134079001,12.855739301379115,1013.4966135570821,0,33.10405820108274
18.331512830484364,34.81870177103613,28.30433807676894,1011.8808331480079,0,16.87748493566855
26.979166673420757,39.893697480055295,19.317789437906455,1022.5105686248146,0,30.661543766885305
18.925277123796928,45.536631223412144,26.611003688563052,1022.9886216032821,0,20.36433194543977
20.956380073099773,67.3321249402761,17.042625373960355,983.8845008067935,1,19.240665396363323
18.137208642449156,44.08564672958777,8.213067708615274,1019.4299315473334,0,14.190135971058737
10.673287102603473,94.92981263189243,10.333256536972097,1013.2796654397863,1,7.574031951237002
26.45836470215384,80.54302071786302,15.823721939716885,999.8885617821302,1,29.850389095717375
30.852994365163383,76.16719099331416,9.987998271653385,1021.8021413962417,1,36.056192945674255
30.148835960763723,57.606821950537,6.140308730978475,1035.4618801355828,0,30.4231556703944
33.19925252635234,90.28561471440968,24.611336254296198,1018.5679594682778,1,33.63089781421571
28.243402100148682,55.63988737757752,10.641039433411903,1024.0042844225686,0,30.572762399618142
19.672745017830966,59.37477171691508,16.105541982330564,1031.0411909196441,0,19.892651105890522
33.39663864431189,63.39949079498539,17.369068719084837,1004.6973784927994,1,36.69573875822286
11.42482460158065,74.03646081086688,10.29477499743545,994.4242855483308,0,12.299691353570203
15.993286174875198,72.73816158005971,26.606395730469913,1019.568660633095,1,16.399910115832526
15.357999285767553,50.49749443110794,6.062865910363097,1010.5238846355855,0,13.260360743285197
35.8005605913931,49.34012561148093,17.093002108646168,999.2582654762846,0,32.96475935297325
34.42788514140076,72.79805914304168,16.96894165101267,1012.2183006386421,1,24.95062110076503
29.873052370449948,74.30473167782465,14.565963177086816,1020.2754737379062,0,33.57540277027556
35.71929865211797,52.13297750354254,4.624699093824139,1011.5102833523564,1,35.27947748645099
16.207172175880117,28.25623860643092,21.966540414907712,1005.1317236926496,0,15.005980141672774
28.485951198609804,55.853678079835106,20.94808536267677,1010.7649293970348,1,22.630829309453503
23.74825571616836,72.47051597651718,9.59545177127027,1012.8052353469866,1,21.827917418851303
33.46882103884914,96.10833692839562,20.659897657642894,993.7051773737392,1,31.153761664000456
23.847757674478025,36.04084075318676,17.999261490406205,1011.5722504682931,0,21.463438412785703
21.15057111589919,51.46857494338853,4.755102837111133,999.5565952785511,1,22.149079545357072
30.4090851856099,52.21192876949247,8.16856868342914,1019.5902595202109,0,30.77583084519791
33.76169167191233,87.11610678863002,24.106251559116636,997.3895742441322,1,29.677803871053214
18.31654805153198,59.30116999082735,17.475329481136402,1023.1269220455093,0,14.423024751809983
24.38924328647624,41.85346881255469,10.485576433514991,1008.9083493078606,0,20.49020762948514
14.415593663583472,71.17390565843638,8.132192870618864,1007.5702429322798,0,19.847171926285004
0.01938982507060416,51.90722959918107,10.876849615076633,1015.9445459730197,0,4.497557711145493
27.004596314137288,35.51225453284091,11.444163760978363,1004.339655547766,0,24.447699316838495
31.08905356254632,42.14453385447699,8.232295738965988,1015.7874575413007,0,25.159270602559126
27.620668090867255,94.68083908845239,1.0658871009335815,1005.6789122531163,1,28.004800819904816
5.5043828224563285,67.68418443298924,24.120106291206284,1007.4326548767523,0,5.645203171169343
21.491505699235255,62.15520110905086,22.765069380891546,1017.0535416932913,0,22.44225666020045
2.8165223994891875,55.00212528375908,4.813956385545124,1001.6141926626561,0,5.040644076921186
38.69701107654185,65.84297684237598,16.090490364509343,1000.3566269823764,1,40.052122936729674
14.13945417881914,65.60471892004989,7.782094378281867,1015.4822550741034,0,10.79013558431838
37.55403609459896,65.84337656414652,12.907462214187717,1012.7310014751062,1,38.43615935609102
34.45869643684146,62.29690180555506,12.241867361010748,1014.6869274480939,1,37.02016716284842
15.994096474639383,77.37596676611099,11.57732627425702,1016.2763923672142,0,13.822091305629264
13.67215048732255,60.46208692001462,31.02357667261029,1013.5737555380698,0,14.572019893590126
28.503702163863384,40.44122328894723,11.477394522590476,1019.0809262396707,0,26.84536001145996
16.55675962816929,47.751542181982636,8.533889399464602,1013.9743628697865,0,22.545268790992978
26.024846421582076,20.419626130205756,8.899348564023617,992.926961003247,0,22.044365004981017
20.171724091930816,100.0,23.350215651214043,995.5211540533815,1,23.63957090151662
7.188415855343667,77.25509183905373,1.7831813464565212,1032.2794918024208,0,2.1759775710678593
2.6953198087554107,43.398590097415266,8.899016668515838,1013.0007186705886,0,8.074477864405234
27.266842484945972,54.363103012058005,26.574582720892273,1022.502416517171,0,23.842195282672744
19.384422536693748,47.262470515871335,16.951889503981175,1009.5429609437292,0,19.953437168661758
19.469101830858676,90.85094422748234,16.535376040288906,1012.4198490560607,1,14.58152227076826
31.958638390937853,31.60245671458142,32.05717168114961,1008.4663534572916,0,27.908695039872722
36.73442276632445,62.28952117637559,16.97078362358799,1037.6592733146138,0,39.427663909198316
22.274552786381907,57.82944314870304,9.33451070912334,1015.5324242236414,0,25.35903972079032
21.594012930901386,76.53677261418228,12.74338354498921,1007.6514209449381,1,22.312089728004327
30.001430331138838,57.9198154455061,5.9165415277554505,996.4846028656981,1,32.22467532760956
11.430644303004247,24.8358224668913,25.047496320125575,1032.7373344273585,0,14.565280530966163
27.23153054747697,54.97764330715118,19.596493740293724,1011.3672161477169,0,25.17899995607903
30.51885971822154,40.5567556411335,23.99531319976711,1020.442291195616,0,26.321975415271098
31.80230208417629,61.591590931131215,24.703871428394965,1021.5599729030655,0,31.761191925567907
5.63247297497535,88.68354073040653,11.68631375257974,1008.3716947656962,0,3.900869417283725
17.386447301910593,25.211495115354438,7.4419771839288815,1019.7245277538616,0,18.552311742513577
16.217367471765336,43.99554529200192,14.586295109535634,1006.9586171324838,0,17.861453308029116
25.99886954409213,48.94614092433006,8.017911433691694,1003.0957363796058,0,23.953917172384287
29.80744579767984,52.36737809173577,16.319655003272196,1024.644646925122,0,31.919771426579167
39.96710407445981,74.80251328210488,24.056775046677515,1011.418106201778,1,41.929519202313735
20.05034519631927,56.52911164877225,13.654882831606663,1018.1851283360265,1,22.22029793298633
20.02427501690786,68.3160545144089,16.199960719261913,1017.1092099388177,0,18.800897885876083
36.49672018878747,47.48453912536448,14.249235070213068,1019.3793196005529,0,38.83648668327319
27.96576938530305,64.59848690835875,21.42182057950158,997.4346306579838,1,29.52577622732863
37.67651511187974,75.5559526175543,9.65774084569368,1007.1470946868363,1,39.59706904614942
27.887280030098363,45.354009005258234,0.0,1009.7552484250358,0,32.92064571936394
13.42883381286729,75.6271623961303,18.766950875003047,1004.6852132709851,0,14.412156382643525
11.668716452221934,61.04745537455137,22.90267537046395,1017.2900684801639,0,9.847829780229533
9.48487750941071,80.90920480964505,18.570993958068286,1024.868930775959,0,6.153513916412317
31.62051834758473,55.97160199846053,9.878156036255888,1026.451846553463,0,35.004326827566196
36.88596823087008,67.62489310324197,5.919903214511448,1009.6079523479011,1,37.957891258976424
43.493621413863806,59.1878753664294,18.955980254242572,1015.919658624579,0,48.50368737882448
33.431053323232405,58.07575475918842,16.13183162347739,1017.456435044901,0,27.342396749630993
36.628385775349855,65.1786085645138,13.993658978733361,1019.2125609420353,0,39.36038703870918
19.199836673463153,70.73614938449808,29.579706743950325,1004.2186492692736,1,18.41642466720127
13.435841832561433,35.0087017615199,7.425599246549346,1031.2058026826496,0,12.375278847917919
33.50079332417553,88.67267217635757,29.200296169019722,1022.2652018434644,1,31.20636980372976
29.176807522394007,22.806739189004034,15.254271238965119,1022.5264934369244,0,31.875520564049438
26.074443743408924,46.30375780522208,0.3154361850330023,1025.034600569004,0,27.9150522752586
28.8737148063299,58.11461858470199,13.566378765446872,1018.3413594226598,0,25.446568731211578
28.231854824582058,68.24711938171896,22.67596861279553,1002.7268657694902,1,28.72661913835727
37.83816859853562,91.52345055482758,12.079559737560235,1011.6102726844489,1,39.95651159057703
37.94985584816956,22.83417023549785,3.2017716700928407,996.4894660493809,0,38.48388742594728
30.44220352340347,49.84611743220579,13.68388374563064,1017.1507250969909,1,33.765724423484286
33.45802872562928,17.463330244014692,8.142621008866353,1011.3078634183445,0,32.58791309396174
30.14062552424776,60.63243947820496,18.9345152087037,1012.5947761647307,1,23.377552504934336
20.388302679653812,65.43367169000061,21.18719852854089,1025.0400113008566,0,20.948455361958523
32.5656467491314,91.81591484342505,6.54983673801515,1008.4300596144354,1,33.107524057346644
11.055049311407384,62.412695217869086,9.353567559074804,1010.4787684122792,0,11.988608801520446
35.53891552295883,80.88050258884759,21.0531397208555,1013.2197329596322,0,38.85985281686193
13.05477060233965,71.67674163078118,8.129245773608327,994.6000775058636,1,7.197380842459729
27.85803286794733,51.29503605989663,6.34273491337604,1010.33936344238,0,27.142582954949347
16.54846041573841,31.820785064159214,5.570470945629962,988.1420508771382,0,13.780486991733758
30.53388983074427,65.50004596583622,17.816308903664964,1007.1447843810427,1,26.909798666388813
24.66074774072091,30.157959657092725,17.473261756139713,1021.5518905339283,0,24.443850742032232
9.052440418366675,85.90414145339288,9.527631756967667,1017.4726655825107,0,11.1579065092087
29.20699631018479,56.75875795926352,15.040683169025872,1007.0517968954592,1,30.109836124762268
19.220792231672895,83.90354823022832,27.217059073241046,1013.4079821822381,1,17.158224964185614
33.81146720813369,50.39571131735201,7.207518744654227,1002.2501043286959,1,33.37505240950254
25.013256887344074,65.37701572801984,0.0,1012.9765659685048,0,27.802946221232922
28.954209853880382,64.18697714669378,18.640604605762963,1042.303202854925,0,31.003597589060448
15.424310449847882,59.09911763978152,14.116790688787292,1031.4580132037192,0,13.766000410167994
19.106677685726382,51.34680973206816,9.31979930547919,1013.5262213001727,0,17.254188558734448
20.413613638989155,67.8491203694104,20.216641898839264,1014.6014416491538,0,15.264161157192163
33.56702480242556,41.476734730335835,21.713801157350318,1003.2043468536544,0,32.27879080167846
41.77377087805489,35.81129342081883,0.0,1004.9821089204895,1,36.56640408673934
16.948282482571237,84.85653786653656,9.779216725348093,1016.6218432210469,1,23.14949154472958
35.7684814465768,74.54335977784201,33.54012984957484,1007.7510743436352,1,33.20312697597667
3.3032258227429807,61.3178321720448,19.667239326385527,1022.0414959485158,0,6.630168388682633
13.058105989077106,93.30284765087563,20.408829106377198,1028.6968568097775,1,18.51242461275308
15.412215438132252,54.644689625503105,24.383154229051826,1016.3262078478103,0,16.060819663716217
11.474913105592776,86.45406439977958,15.13655060159781,1014.0173720583992,1,11.174870336432058
9.1641161021242,63.511481698516434,21.37347328073296,996.1922037508934,1,5.197020333958953
29.129989121377974,39.504984998472196,20.74449635069762,1020.4761024527205,0,27.616188756431647
22.859323022721387,96.960803835417,19.312331974022072,1001.5632869846094,1,27.671218166328465
28.794053976051096,79.8142169324817,12.423904235060764,1008.8199087136658,1,29.8478118649179
31.90472686121513,57.57957937980871,16.37647137893007,1022.5957589238513,0,31.989771483591642
27.656169931725334,74.54342519067899,10.293107485545775,1023.2975816430903,0,31.592539559252323
31.57763176150374,51.92593132004186,15.10251443653196,1008.3349247264988,0,33.66650340687089
24.304677137577308,76.58298070119083,5.6520728632058646,1008.9108446508002,1,23.86105769423802
13.130066116942555,12.178428694320814,8.67500806981638,1006.0068112674332,0,13.778833623963346
35.57814180820796,39.603973326108125,12.741503664600565,1001.0214625467408,0,33.273946695914034
19.10887867218873,79.58519488573926,7.450356548559391,1006.6520451789576,1,17.42575673309797
15.64403701237574,55.006889235621614,10.959861834038588,996.8686998108531,0,15.025141124599765
23.220821241956017,64.15084589777484,13.688592185955873,1019.8306258150826,0,24.893234429077086
15.87189080703487,33.064286757691306,18.21809875731502,1016.9452360516187,0,12.129801888964733
20.825696180105677,96.95733991404205,22.594058414823273,1018.6052928487052,1,21.054417171373863
28.440539215634665,83.81059287435353,11.289725028975136,1003.4559594942485,1,27.270952735445473
28.48341739246127,55.9862956324934,25.680836938148992,1001.0492943648494,1,25.780629737062657
16.021699335743705,51.90608286273347,22.50888862900395,1013.5351427431356,0,14.868224687268741
20.122946270512553,80.59208722839386,19.032750655551535,1013.6410256495022,0,13.158736481361887
35.743330047702436,99.64940900337855,16.22919303437295,1011.5273017248705,1,33.4705640256173
29.964001177339412,79.07520511622707,17.55296673494833,1010.1051673081215,1,26.665540531111546
45.750650393485415,100.0,24.496409205331055,1030.1077577769438,0,44.91090226568312
36.80128173741528,41.55297341876164,24.78863727807419,1017.2602501179298,0,29.96191226852348
36.44293068559939,43.61226339002418,25.679573827069145,1032.7067839146648,0,37.0156089161278
11.12131449544198,36.22117763893303,15.330614655016026,1025.6896502543163,0,13.84958438466257
32.63860351633423,68.83521299298958,19.439737319988904,1030.0327092601735,0,32.28671439964453
24.468931983030892,63.5120709960874,25.74837205297641,1002.25537233644,1,25.96530760324402
19.490181964617506,56.960977530560285,10.010271720668857,1018.9317099099803,1,17.951990295413776
26.680153405325285,76.18517256246597,12.452665170253571,1008.6823451100663,1,22.016290033997663
34.45211534611484,84.64657210429328,15.128293304107826,996.3661328864047,1,34.457189309971795
30.008315910042114,29.486751814263158,22.196789903835253,1027.9600316955552,0,32.04945104099777
16.2152619865794,48.06055944197769,22.32137720574898,1010.0630747429437,0,12.242097609756428
32.424589135926205,76.4028718824612,13.153087110416518,1002.4489836973331,1,31.028907306960697
18.62412457924036,50.64522632282836,2.9311243649623204,1008.8543613675131,0,17.882775376527107
27.166831189642863,44.03587847283692,16.96947155436774,1005.0377587722618,0,35.7210541254977
21.966499325228657,80.3707485530079,7.65347090137279,1006.0630203238334,1,22.636612909388333
22.811337482643744,34.2099986055204,3.08051036287822,1010.7839660981736,0,17.09461674605241
32.662429750405096,53.9684038441779,4.889027514130268,1030.3081519304474,0,26.203877044878467
14.59806280184102,66.57288051609618,17.611048062764482,1006.3368278345538,1,16.78955929263227
44.45195074276933,48.523601721797625,25.888298887462454,1029.5927066421918,0,51.907046670758916
6.789139307055038,75.66311312026349,15.31115612988995,1021.4883679597953,0,5.94621585325288
19.02332316745143,48.62246049605262,16.691045237167717,1016.9627156358608,0,18.000864391275904
28.70211889941741,88.17238986891839,24.463159511023402,1020.4812003225187,1,29.994441428010198
30.843141664353098,57.48507405008455,2.6443607273315664,1013.1365566383746,1,28.44825243931777
23.995242794282948,73.42540273410707,19.16141137280217,1025.8605010386343,0,16.362778932996928
24.426092969984577,74.92047905965633,14.90728172544943,1018.669802632671,1,27.537886137811636
29.105500853276165,47.449199945118544,19.528459670656538,996.3533401497449,0,27.265954468070678
22.689305225423197,18.93026902688223,11.132128732769472,1015.9625193188997,0,25.83965882288731
38.93181257934906,67.2151150932767,8.456501676588143,1020.8397314299261,1,36.64885220841702
33.39349114231602,61.44576694249739,16.124071234284845,1010.1099878139878,0,33.75882852469764
33.728243510056345,71.11652055150255,28.193530586675692,1014.2625587271393,1,36.292739352522425
15.33843276629583,55.46945055234324,21.8872808363317,1006.871420053256,0,18.549485619511444
24.20611575594297,51.39144602398568,10.938457838559268,999.2237434393644,1,24.905081758387244
21.995340512792964,100.0,4.272223712149762,997.4962312906875,1,22.545057800189962
14.943986243105343,30.552918769784444,1.5434617304177163,997.6293201293114,0,16.803104783642677
28.60164183945767,74.67900956728477,25.52879561480385,1019.6904474247053,1,29.994150442640127
19.623542422201837,48.50796283633218,7.35934169491338,988.0971829162368,1,15.750000819687898
31.55403829850237,53.284427645191556,12.395892696040509,1006.3352007303652,1,27.737791235590844
14.298084371056683,53.65794334852069,25.56968900862061,1005.3434671475462,0,7.970907061994044
42.19040612841821,43.93131451657486,2.0887883561680667,1010.1784046401253,0,44.489930130937154
16.03667341407938,71.42448420472479,26.938116075800473,994.435684500638,1,14.84948409294638
27.19302337200436,87.81287191899915,12.970876368859985,1017.0388809474061,1,29.653615108133266
32.918593103880674,69.40027322493323,5.81133347809009,1000.268386058401,1,34.12972482424415
19.29359569799887,62.0676399242419,13.021192582808695,1024.3240554070926,0,16.28631565328596
33.52468643432951,40.27119001801507,9.21922574878818,1006.7823431241117,1,33.164019133725176
12.708164021995838,70.33650531648902,18.526558391245725,1012.0438697658808,0,11.343697867003563
39.521176991825605,100.0,9.814940528897779,1013.0377385655521,1,37.69350655103492
25.141492649657582,52.38610752409815,0.0,1015.4424105286057,0,27.887354626137427
19.035885920311202,52.48032841296268,13.235499724728085,1013.3701437749614,1,26.56811633195422
22.008182275725655,48.778217380380056,4.147639581707688,1008.7288945126737,1,25.3567932009563
33.089192693927195,50.21171531011159,16.63455907190656,1016.4304853069405,0,33.00832359185498
19.155447081495616,5.094008926552306,5.502957341733406,1017.6614713049495,0,22.93397036136399
17.506423105772225,68.10070771711426,11.095897574623313,1005.3486533289038,1,22.645131056704635
22.784634024162617,43.088956472907725,16.46070243371469,1017.2636781897355,0,18.607521677231727
13.230378872300319,27.794737624164,13.300330199725844,1024.917203024017,0,16.90494315638791
43.205439079418156,75.06379899465098,17.00344226400836,1020.0589419610455,1,45.514485135647774
19.336054087852766,38.359644299161275,20.442297325742054,1022.3237524164718,0,22.900411257822267
33.31616786180403,53.226618922324846,5.736530402149551,1014.7192084890745,1,35.75603022985474
27.094700836477728,89.3288478237716,14.484819675002337,1003.6384955392512,1,26.411513813875306
15.154659495180319,31.81568403950973,0.0,1004.9035554029635,0,21.25327142772862
24.940452907872707,29.34803530804476,16.97866641346019,1016.1988796785441,0,25.959248733619155
32.84002779310748,65.38612379124676,12.59348695700126,1022.4276372515232,1,31.53704673102472
23.117386649136936,82.98974728020737,7.1324018921762296,1040.8591191399405,0,24.63532069425806
36.93112945851028,28.51316564536074,17.525755378372192,1022.818219444386,0,39.84831716369386
35.21515392781864,68.15379473674355,24.381580617480537,1001.295642425025,1,35.49943715540463
34.1891485465833,71.61999079923385,11.191858019208455,1005.3272742764002,1,35.368557697149974
20.40343227727003,18.816790326153594,7.441484078066239,1035.78517315956,0,20.668533523580987
14.20157552218513,75.9700267581444,16.320202099509693,1010.8561106802322,0,12.2213483228832
18.864123946372054,77.53211759684359,4.315146666829115,1013.4751463476128,0,16.39865057048874
26.962409406667206,53.764288534879505,9.716949035715686,1003.3958307959077,1,22.753960546952445
30.457867135323553,85.04692724596016,24.77921729320402,1028.6510340557425,0,35.01192723746379
3.284285952395525,82.7291114864969,15.497433838498301,1018.0033320732063,0,2.614034208006541
24.918867983882496,62.0623585143441,0.0,1005.2539865211469,0,14.636142678616627
26.580892253231845,50.97109219350133,0.6240668217647922,1003.0617471114273,1,27.770491491070374
22.224557436844485,40.54344214834086,16.296685541174206,1016.0720394589787,0,23.352038750366393
37.91273839015879,59.248729812676174,21.899124607341502,1013.4420617488046,1,32.31303534166761
29.217800742508707,71.39517839408359,2.059028330990799,1021.3211021722112,1,26.72061211750892
38.10191908080897,53.51646277918717,18.59770085997207,1018.469684731272,0,35.47305197712618
22.840394796497677,16.049979894759403,25.64274805991775,1010.3551965123138,0,20.613591724120848
34.37477492506925,85.3742778915314,30.10287190366911,1007.5619840453863,1,38.013102510179955
41.350663945275194,63.804464436897874,17.64978207887901,1011.4005785170117,1,40.90403130107468
38.116934492726614,52.407510066463324,19.054420756419795,1007.4931915334324,1,36.83522983827816
14.078584065712668,77.14316776846577,0.0,1011.6980446719524,0,17.445753892374448
22.463239224576192,90.49277192965512,31.798020383967913,1013.1644092861939,1,23.949282460127307
21.548352945502035,3.961768610242167,10.396078295231028,1004.0206910661994,0,16.325418171572387
29.892545350763278,68.68527299844143,7.532230732599669,1019.3067986209788,1,28.04267443325957
31.86353555014533,31.467015783793055,12.958350924483003,1009.2957228553033,0,32.829421811547164
16.61107325974264,69.98221013597882,27.093387313483447,1004.5811564971466,1,13.80940285770654
25.678385139169375,62.55854404749159,32.664368380348385,1009.4839257171814,0,31.76704950443277
4.800726678438636,72.714530528811,16.003269435806754,1015.4225815662029,0,5.139362969396387
39.419450058018896,50.0150477101069,22.984673380829243,1013.830381998133,1,37.15932103928632
19.876257593233063,22.535197763616964,15.345632389484031,1017.2211811490446,0,16.507426663224916
25.55863939844497,50.99263617486664,6.697636215854528,1021.9834612507553,0,28.34122216255208
21.90350286011939,68.13695270279567,26.813949366306325,1026.0494020400804,0,19.95991704913752
36.46027575013415,80.30784657350446,10.022980157148888,1015.8548616268805,1,37.60004828500927
-3.3750644139737886,36.56337399054949,27.28424618697506,1002.3059761276451,0,-6.829622484597088
24.83389657674091,80.54120853746035,25.38833063815267,1010.308891974697,1,25.044489951314418
23.94181242502302,47.04255420706957,19.912290111657665,1002.9568161561699,1,22.034154731372638
20.463636124083173,67.24899763189053,29.631798050034824,1029.9685407371228,0,19.517452883658013
42.262265456356324,49.802120942687345,32.85876826548591,1032.8740088252716,0,39.87342305519995
16.126705411442288,63.64341255424203,13.598053096285508,1019.5031119749634,0,19.2035842448671
32.71796177235661,77.83755269140549,8.529647052668551,1021.5845884263903,1,31.24494984698363
28.562527887060835,35.45971845422928,0.08584130194822137,1015.5094319323666,0,28.132156302301727
37.615192525355155,46.401882065063376,32.957458043442045,1016.6605591546079,0,37.32976568295892
18.328109152224947,63.69925174684173,11.482543928652403,997.0254578167088,1,23.16491951712583
17.67031100876241,100.0,24.080294856813914,1012.260676347431,1,20.34123677093661
35.960699074773984,42.73620575666344,9.069957059924135,1004.1884693765375,1,38.332741349607865
29.253213083301105,100.0,27.30612512729628,1015.8135653753837,1,24.5195532142222
9.550626533232414,100.0,9.399059265476694,1012.4039015461146,0,7.581449370424797
19.606949855367297,58.05377698596818,5.466246931061255,1032.4682196234612,0,23.172806002854042
28.86382653848061,54.03694947600199,13.331948552369997,1022.1662768872284,1,25.35103409221566
33.37764221546589,46.15869602670617,10.745794392306902,1015.8451198252164,0,33.62968285983108
18.20769346807045,58.63594939334662,19.7703982836897,1010.3306031286037,0,15.011908955288082
-4.142559898169409,31.86561134880884,14.588840582459811,1029.7602145875992,0,-7.0372816643976295
30.23223185737033,58.47521965358805,20.021619156415372,1012.7004535387347,1,35.27458881596294
12.796793100560242,89.93760547701712,12.671828215317648,1016.3167396163528,0,14.954605025289407
4.8266120187758865,47.778298750465645,9.679141031849557,1013.4224960442683,0,7.7760327021596485
-3.3232592498414064,55.18551392021899,10.331515616831412,1008.9584609429268,0,-0.9720348093500695
33.139808601977414,25.977190514655163,31.35951038424821,1013.3650622238551,0,32.721943515288906
26.286174504049665,67.48124176262087,16.801367457815488,993.3803314932169,1,24.211384380337975
22.743436192877482,65.28963369902748,0.0,997.5229359875881,1,21.537165414625
38.89024362962762,61.27404719531542,10.838327892367353,1016.4963054166963,0,38.31476426646738
31.373246830230727,55.663458995557136,15.774928259807005,1028.681996905275,0,36.70210503821448
41.16300042721917,54.14484162455091,29.76319745000303,1016.4822110414417,0,37.15393113413058
11.072645278330036,70.03800467401344,23.229589727119198,1005.7963114510335,0,9.411660932473653
24.654493760460365,59.423667968227534,7.626257308144679,998.5714624593267,0,21.915603661544218
8.832866250519857,66.29943743110664,34.346846028579606,1020.8452726047564,0,12.002735843081297
22.706176681445328,64.29965634909095,14.75071708158818,1007.328048489849,0,28.26754145946262
22.513841462333225,82.46854574191524,24.970638488599555,1019.4323541855256,1,23.440200541812413
31.266136372630708,73.53988194750109,5.759932020800779,1016.8986515806572,1,32.43918387716146
25.455638811418982,63.85723686300381,0.0,1017.7830039225469,0,25.729601580544788
31.234071382799158,90.36844061304359,3.7325480770531136,1013.3360170735356,1,32.54650835064253
32.03440133138894,68.40537058113122,0.0,1016.8364438496964,0,34.353866818461825
46.54928677383142,86.09925377580838,31.896714618023267,1011.8054559874366,1,47.826208312491886
21.847033447138756,72.13885216773275,16.716263351091328,1006.646934656318,1,23.34353643197364
15.58977299333621,23.16161842136914,7.602847852415749,1003.3650093948395,0,17.916016083817834
27.460836153164088,86.09669526638659,18.620992239840966,989.1499120202902,1,22.126001849398886
16.977199728604567,62.70352482685338,16.514672289441325,1011.1889043759548,1,16.983226519041743
39.81960768436536,58.960904581984444,19.96746716491193,1028.1937818295196,0,40.73523481061891
22.167819610547674,65.62696694979154,24.676251209090147,1020.3008009253759,0,23.416264152105548
19.344236321260098,53.10033676085865,12.680630775799877,1015.2770911847596,0,18.831577535908238
20.28684278848882,64.54057720777891,7.9612855511921055,1005.6599500571085,0,20.769097287880275
32.18417423471641,48.16247867313815,21.62220171497534,1022.9733922575907,0,30.024455020674107
23.422530167685146,85.4854451746874,21.418662223075728,1011.8069068819698,1,18.097995960591955
18.58333179869618,57.72823772757899,15.80588646497076,1028.7493431378905,0,21.53274310261315
41.65351917623531,52.34832314555133,32.420433509446184,1003.1891273670532,0,38.2504043662768
16.438301593382498,41.501483685614524,11.497423017106783,1005.5003047202734,0,15.956940004041213
25.355660740329935,65.37551578297283,7.801136226917854,1004.5273005578038,0,23.108271841623917
31.523061516102302,63.742142002501836,18.344731420052813,998.1788162956599,1,36.28408935573054
8.686648895829268,67.76849227355012,9.600497144692014,1003.6295531480823,1,8.447714752303122
29.80260501405925,39.45496224989742,18.964132193159166,1014.0321625976592,0,28.87123562541305
14.448923245195505,27.976376023768537,8.335933953284481,1005.8779897514937,0,16.69252085137345
33.227827808340024,72.51182605013119,11.798061736544916,974.436246707594,1,39.69725031116458
15.373489880810236,89.69283723753016,30.12672336031332,1023.7427329742012,1,16.5905584619845
31.927690318488605,39.47292755220208,11.755301146018569,996.1590627065259,0,30.795431933593097
36.05833066294713,91.78882567123397,8.60918764786163,1018.8922828488663,1,38.1481126070112
33.61436525632805,65.67822117472761,24.365430309652,1013.3121458966956,1,28.896328050583353
27.513166482381024,59.858741908983404,6.591664397706451,1034.1737281642033,0,27.652454262574214
22.686990570703006,52.04902606908444,9.456454158823455,1022.9695748152262,0,28.668863535572243
19.23580423665156,32.30963961150007,19.612488964071957,1007.9539540451502,0,19.709046426708877
39.71034690817104,79.754570318492,22.507291390986335,1005.9793643764468,1,40.03367987664399
18.005047798323567,44.487872771247936,24.763811128648598,1028.0272768079928,0,18.066957419396083
14.62933926430004,44.403866485247995,9.022225342236123,998.2412890289859,1,13.442910423021441
31.6536893503283,79.8385261977391,19.76806938388896,1014.9087993591871,1,32.59716136742291
17.038631968135046,22.34033106656547,11.271134403646563,1011.6887953675033,0,19.364451003115956
15.499365025338728,29.528043786636665,10.15475493191494,1009.5677393129532,0,14.503904867866403
10.563957378302351,59.63731512983836,24.625702258338283,1016.5351398444842,0,3.091702163399889
20.170901605394825,65.86568858009704,10.603564833123311,1014.8955986050868,0,21.567754121231086
24.172849761035067,69.69469295937847,17.22563676816784,1017.5740074279174,0,30.57222799059538
27.430917276606987,53.964030132074946,16.24463575384511,1014.3897565236329,0,26.302133052438595
34.51306244299484,100.0,6.4339649892919795,1017.1768140501724,0,30.09957229472503
30.268979236657938,55.442148824683315,22.728742842850565,1013.9336519293159,1,32.30121819085537
23.091277804468202,55.38427695794556,19.48224714943163,1006.4057311278368,0,28.322774597020214
23.0180432362028,44.06026662372245,0.0,1013.040012602366,0,24.606163945348506
30.101574689151835,62.47813633042142,17.219368889898746,1005.8561344029598,1,35.27567485165137
37.725701629285695,72.29922464093549,8.816212526667032,1005.1962339526915,1,40.106707266162836
26.263141994832,84.0715610906692,23.776602451301024,1009.6384999728225,1,28.383694951865078
20.30869145789591,30.21431471119564,3.436801305753935,1011.8057683926415,0,18.754689409669574
15.071339989144546,55.080093232885986,12.148184250963647,1013.3522530634781,0,15.927560661404197
10.547947355877746,68.93407221618288,17.896196407907727,1022.1637882736333,0,10.459534485724415
31.662696720435232,71.74115069189071,15.434722353135001,1008.0153591745916,1,31.47148955873528
30.779785236395572,60.13097315609078,21.10366605371177,1014.9685192647482,1,30.01818985254237
30.773635251066615,70.84847939064204,2.852624111925687,1014.1802771394382,1,31.450475653442275
23.713405536479442,43.82072214148399,28.215314694939025,1006.9137171253393,0,19.824370584069264
39.069347458917505,91.15810864636714,19.201157270306172,1013.7374078620654,1,41.50450265676223
20.158815054151823,79.85256205958859,25.877745704007168,1023.0272141517731,0,17.525579175811234
34.55269237207206,33.10144425869655,21.993921353865932,1014.865062168834,0,33.80187869705794
24.61257105010457,38.49793903766489,14.907119084359651,1015.2658392902731,0,25.604250729210065
18.916492353206625,39.06156499786188,4.726414312710714,1005.9467166905733,0,16.13467209802009
30.925303073177613,73.55939941793056,10.491574550010393,1032.6885885120487,0,25.025913886261854
29.096361186839935,34.305444671650655,27.71650666290062,1006.5164362967749,1,27.947221153747414
28.56972759266926,53.37951331583839,26.08350225325106,996.3221653945252,1,24.276435114918158
25.812784220561987,69.09408792833548,10.04320015917048,1021.6018412021808,0,27.9497170185734
24.62106918283169,58.676681309071306,0.0,1011.8518296035157,0,21.160558465205312
48.88371992870439,65.17775031425411,13.29848212555905,1009.9695817905292,0,53.33918661983188
36.84256645196173,38.68394577302483,12.698376894967069,1007.5444621958848,0,36.82518778425605
32.22826894985512,71.89708746794489,13.001819103676933,1031.7171462431584,0,32.40579153363781
26.117991582033884,47.73576215048007,19.228313614651213,1016.5459027860468,1,20.17609759639989
35.07157200596669,53.50760651204118,22.009700634573306,1018.4975122164509,0,35.50615989251826
30.17994776391452,64.75463455811972,22.922396376796193,1014.6261562358227,0,29.93940801329476
25.262047527740357,62.06156443061696,18.565673121082934,1015.700496134452,1,21.36478042296395
21.96435674734085,60.47960038031186,0.593834384618912,1026.986246105594,0,22.226161763731277
24.19082662337312,44.98746356046489,12.270402138453635,1010.491453387723,0,22.99705759095085
-6.704257358780556,54.00901177601616,33.432718268393515,998.4306245447927,0,-7.354620812466635
27.106008392976417,60.04367181674072,17.993733878419828,1021.6805465422777,0,27.183653679558557
20.115239198896404,32.4982953366583,17.94255654755092,1017.967016122424,0,18.7008765594218
40.926699982828836,50.74934067373242,17.875887518190865,1014.0797981288504,0,41.66606986367544
25.193440708117542,67.75359758065693,18.323036980047917,1017.7075324154779,1,24.933774261064652
13.110365804650382,34.45126792309315,0.0,1009.2925577970583,0,14.528671209810108
24.50119845871882,83.1316330318848,13.083805464711451,1013.2069258285426,1,22.91517467680285
14.538789149374958,85.39226525199686,14.696857345642485,1011.6829974614009,0,11.34402989057308
29.734074157124663,35.09698848079829,25.251963194027297,1007.0851174292908,0,27.607468571810248
27.909473643394854,87.15239266100278,15.381383156978368,1024.89172783105,1,32.23744394995019
34.57839631108268,57.12836822575731,1.8279089071844705,998.877413725822,1,37.44629588970292
17.091182083054345,68.37029118314109,18.440713249374017,1036.6088217181298,0,20.731319480851674
25.34008096228147,50.06697895743507,8.569402814058037,1021.7736220920648,0,29.18822283679213
11.349782045733647,78.46089654453525,5.265714871348658,995.2202446529765,1,9.95082787421404
32.01494781924715,68.12188037697334,8.326727626267353,1010.7583367050908,1,32.90238362547254
30.188711804401223,43.71693486804793,19.340033837316124,1011.3145408409645,0,30.41622881294511
29.958050210275708,36.69596000069423,25.070089918080548,1016.9188662894211,0,31.936665787049975
25.01619031356941,30.793951295815546,18.863439561420694,1003.1062172926028,0,24.14868557787651
29.14772890788791,63.758835528655126,20.056185788936173,1013.3202534336822,1,29.426651379160923
41.043391083085965,71.44942823559472,18.784362182704008,1011.7888060187736,1,41.260205515945025
22.149057429579862,73.01931357558882,15.810617414883746,1005.6238163742656,1,23.745844629326957
26.386451837100847,57.64037810785244,20.57544507970206,1004.2324776852877,0,28.353603500315643
14.138737008185903,36.86007088671272,0.0,1022.1880464670236,0,14.419750105206504
16.317390384016676,46.35850403952434,15.888706810438665,996.034174599574,0,16.6893627362141
25.978132930933075,83.04697277923852,6.640599723021987,1017.7787893609606,0,26.65582699317919
36.03933546701907,50.30742870799837,24.303220580353113,1020.9751030687812,0,40.9789897288882
22.437191757484275,62.868352613629526,13.822757558265117,1010.8144166166159,0,17.24719838353348
22.64083470687876,38.48699032850225,15.247584706142641,1013.52372839725,0,19.731795723225336
20.931147554956254,66.7316609091807,2.959425005969573,1024.6349499969738,0,22.95218634429408
19.65243329155677,50.846308766418446,23.13464711210281,1005.9514848927595,1,20.461786488074043
27.949714557088214,80.93425427551527,20.018624962190476,1006.9834757111088,1,28.737963207540844
10.027423548213555,75.47115412413626,19.455583058724024,1008.0451631890069,1,12.029910044353624
37.80939576666728,50.085881068502005,8.495817182649422,1024.6532559922327,0,38.45137444603857
18.345777018705395,57.466719453046736,8.81088124049496,1025.922937468847,0,16.667929583357722
32.21903485438141,48.97767519918742,16.788795635567244,999.0410976553638,0,34.10546227470619
12.300014026061241,31.611336069099806,9.44401271801559,1023.0624074731164,0,12.362675515058475
31.688401305462182,42.85115140905567,18.479143701418707,1021.1890830634728,0,30.34566976879352
31.719446078144976,63.9643465544164,0.0,1028.5359481044982,0,33.79052795187871
28.842020720058965,66.50518996459164,11.09964354874726,1016.8510803212638,1,30.795122294904964
15.055714782002077,62.97095807185278,29.37402772341193,1012.5573987972142,1,15.700014256804455
27.49548189598077,53.965338920827286,18.515886623966118,1024.4521668657167,0,32.64683935796444
13.16943815265611,78.66133211441971,16.33434931624794,1019.9890379150177,0,17.149918356966964
22.472367449038146,61.27083809121875,30.881812285370856,1035.4489841414872,0,25.47793903119955
35.29413100955326,74.06507656191894,0.0,1022.5870784496183,0,42.9932277279795
32.96701927070742,24.524497355949627,8.477511081695141,1014.5354797642392,0,32.52762906471427
25.15182942540433,0.0,11.790614626020886,1001.2589561962383,0,23.75742843745605
15.25193424077158,65.6757605567616,21.86680986404312,1007.1908282280588,0,17.83302353868166
31.455877121741935,31.504686925570212,22.00525090582589,998.6404502197198,0,30.69797422775909
25.19381237698025,55.75096594573888,8.071946328138992,1010.8493796393914,0,25.22959552392372
1.7968440176957685,53.958059179507885,22.983634577140396,1022.2606759323285,0,-1.1609158795551462
32.826298263165185,91.74801204831074,11.77348186142634,1012.9632891151948,1,34.64627663630457
24.75767166130308,67.99993105887214,24.693117005193336,1023.2172526876008,0,20.34464992469025
37.02451247983072,63.317180535973456,6.738858415023538,1016.3757373343901,1,36.73519781635261
14.047294811571954,76.73982309267348,14.013507207470715,1008.9690771024599,0,14.001227599024684
-6.767038131960007,67.36995173678078,11.078661476987518,1013.8762515516996,0,-8.075154659219502
27.79083858345185,50.846460140231336,23.448242972525712,1017.7209669105509,0,22.51919430746735
27.915636766819727,81.4295186050912,10.817750267470633,1014.3922339846362,1,22.621743485496374
8.093283723935482,37.804997442234516,14.660411767905952,1014.5068422885191,0,5.854766503920081
15.215004541333936,66.46494375067124,19.054491181304392,1005.309498924133,1,16.832155527620127
52.55217743719902,29.048604117273776,19.362067864208957,1008.6702373475779,0,53.41895202152485
21.943893858461966,64.0788771503199,22.095620859785374,1035.5846079615465,0,21.894587781968543
32.30958976376216,63.85979283545859,16.688998214757333,1025.2846649042353,0,29.65582430570973
18.493401726316165,93.52909923829326,11.65400867776135,998.2615910319029,1,19.51679839009949
4.096971011468433,28.700522131164412,12.202410037129997,989.3303104249363,0,-1.300116822648322
23.297417532040946,47.982256482923745,15.205378521660895,1013.7619242144872,0,16.10776908492501
22.343954397138948,76.45364853148288,16.996739808595066,1021.9347289442599,1,21.614739743493935
21.001217613316285,66.70634512794615,13.822626817212509,1007.8005816257779,1,19.3630634730252
23.853591644936074,63.60610102675006,15.153627367724377,1023.2165872819794,0,26.893105537878448
27.642682716456367,40.87728594082921,2.8619691154231575,1013.5965456500709,0,28.11663404977487
23.498830487461934,48.183633038171415,20.338842275637425,1011.3693872027302,0,28.451036417461488
12.359938320526362,84.90082016446513,16.44889831111544,1020.5611517617518,0,10.715293114439984
29.86184791561939,58.969816124921444,23.014963308328706,1007.6812420709773,1,31.322164790185873
5.506282446775767,67.50719392288947,15.00128405925668,1010.1329367819635,0,4.749451058528877
4.496425427157998,57.69623342447042,1.0928193718257102,1019.7016726213046,0,8.641584599551411
32.39180494701568,36.3382896950047,12.1324304855466,1012.6860406293398,1,31.77965360564344
30.070202721353567,78.67620852149993,13.400560615052665,1032.0877627337773,0,32.633423061790864
24.42604634925964,70.06464769064992,20.94322644346879,1019.9382541285602,0,21.193189455687158
11.045514952449281,100.0,0.0,1019.2881382833276,0,9.799877023053147
17.920890593259244,39.6883724069891,15.329436135591479,1012.5049535393493,0,17.668760357476845
22.37253252313496,76.45145842400962,19.109401726346448,1021.7475467670961,0,26.162785143023363
9.041060314258866,33.76912067925998,9.708096917747842,1009.7739222719836,0,2.449499491234749
17.609713419767672,63.146931353461554,15.59702407853478,1015.8237775119951,0,16.611780080430336
31.523303381766798,79.5301317812633,9.983707926801245,1003.8370695299544,1,30.423863002484897
39.273053642892165,18.557297678070263,9.163416534236877,1023.394413922306,0,33.042133075709025
20.805652473414494,55.90135051516784,11.732641198949464,1015.9060469726179,0,19.413545191174048
32.56488354316098,48.735805319147595,9.314464060263914,1032.8251306369787,0,27.9428821495871
5.859399294125328,45.960854034097565,20.468946495490663,1036.9229838366975,0,-1.1325911399868485
31.594512411136115,67.70425304518709,9.120384985316978,1020.6331945143314,0,30.807573925650146
16.960515852725187,82.4137141284519,7.776719943616581,1013.6842531120791,1,16.072080490313613
28.0734561670797,57.33442569541689,29.143429334716267,1003.5393548787443,0,27.338595418201702
22.522475817602906,64.1097285512004,22.685920094592284,1022.0474980325882,0,23.28105055529796
38.20414009783834,62.286175061184956,0.10789311472639795,1015.1028456389523,0,35.565949628197245
16.25564351660082,60.03607012712828,8.88185368117973,1018.3803483915447,0,21.62821155693858
31.27606297561831,38.213147245757874,16.939703773781687,1030.2978738745624,0,31.1761809512238
22.204925367034665,82.16889203445785,17.590040537851948,1004.7557671133666,1,26.064216756219118
23.41694521990336,65.90390736317671,3.0760570741048525,1003.7569583151866,0,18.377247495437224
23.161461068407903,67.89762980005155,24.268523942578575,1010.6357406162932,0,20.65787211813228
16.54326895505887,43.86980741948835,21.601795353453006,1021.2120114975182,0,18.60221337019156
24.859010340933285,50.815592040215186,18.85521305632271,1018.5486724021449,0,24.179317513899484
24.373517778781785,56.477316045784434,25.85382792569697,1004.0431148830422,1,21.153979616662888
27.412402484067293,29.31750613102297,18.618319940567346,1020.5655290070248,0,21.89651278813505
25.845051456928626,26.239313496046435,18.588647034014777,1000.9878718110674,0,28.04466247364972
32.97994549612236,47.98504138722865,27.46143417457794,1004.6225832565115,0,34.93475226096893
34.235086160473685,70.4504153288478,23.809756645821672,1011.8454268281081,1,34.96504823473137
14.493766781721988,46.93725220140118,8.26794032870775,1007.4656875402478,0,13.006048209364238
33.68772500590771,39.62389604818573,20.06556142937532,1021.8985948865094,0,30.348454923018295
13.136635728901457,43.706286935246595,9.685857080331344,1015.8637848300109,0,12.977691109211351
30.87855888137735,50.89315153709375,19.033236407602224,1030.6556117762725,0,26.93260307044115
31.197387847028686,52.922820743597924,18.812908056158516,1010.5281463464559,1,28.942635605334914
5.8868310833749575,100.0,3.932261500352112,1011.7779784895926,1,9.670582827573604
25.929792465294096,81.09241256974636,14.025235109511717,1025.1038260906175,0,20.37728517589984
20.315038866396844,80.49548224563456,17.122056188643217,1012.090791968762,1,22.347622347097946
17.41234742064625,83.37160728546763,11.509678472046744,1027.9400524770754,0,21.89493527499374
38.50852330699006,40.02358261331901,17.51767953912608,1018.408282103845,0,40.957302465138014
18.46320859362581,35.55270770025522,21.44718221600855,989.4721353011464,1,19.657847228905265
16.9362307088195,37.86259416931887,14.755255486153954,1024.7757041414945,0,15.545512170306129
25.756949400050935,86.69012266675676,16.796795813666076,1022.1272681311981,1,23.819285236748897
31.855897462984164,49.056164222350176,26.0673926284478,1022.5133260611054,0,25.1115048647942
23.583514139898732,34.97287635521426,18.78557266580181,993.8902162145474,1,23.694534180700675
36.663705456692526,51.38007599560374,16.60659431739579,1006.3701003872895,0,35.456984110505246
30.309756619640904,55.227889365707455,7.335364962869114,1007.1129516644323,1,28.215653393595183
3.2178868026856975,65.36826547389124,20.36820809111079,1004.5887863243961,1,3.1576437160486583
19.705330364929917,65.01902041424086,17.641199595135507,1030.4192253189394,0,19.892438805543883
19.38157900648301,43.43638872252984,25.269915469611263,1012.8823216217637,0,17.474907114381846
29.793609534294223,73.71312785027422,15.37502834642649,1012.6343905737083,1,34.63285188472458
-1.2481705637411196,47.21612932499684,0.4698679989280343,1018.5200831031578,0,0.9436377735961532
50.49009708717722,56.87447326589914,1.3990330493739052,1018.6930166788939,0,53.17893276229705
30.3102609489421,73.7354814100671,20.885446110077865,979.6510728937417,1,30.000352598023873
26.48876803917691,47.163571921113174,10.438451218414773,1006.5364246285063,1,28.02247523596034
36.81567716419146,48.61297152837725,18.49414200888398,998.8721142220872,1,34.128563362395774
48.436540528126244,71.83336099386261,15.913861156018848,1017.0030609315482,1,50.43531614887716
33.70746644588403,42.845336467899614,13.665282658448634,1010.1110758566596,0,33.094258623942814
34.4881309647162,52.304159527918586,14.229109715294213,1013.1538756450127,0,31.42218035967322
26.306900244643824,71.11484356085785,8.076883959638185,992.2148025110947,1,26.238600230986137
23.584742466330518,100.0,14.873778488802634,1009.901477753095,1,22.708580375580848
20.242045559950988,72.10809009525494,10.32405253764481,1024.151302518328,0,27.211253541613736
16.73888008285458,69.45279525980024,12.021947838994361,1027.0944948310216,0,18.045062828294313
18.129859003005027,70.61603167345459,12.410807642326711,1020.188634195407,0,22.869011405349696
11.494440356570168,38.536194518659016,13.186453840810247,999.6453470655188,0,14.888301675646348
24.241285493149768,62.31193477359816,22.37738765205669,1025.5940180299212,0,24.354627292542265
8.153324227736132,59.404670233271965,13.961673366362453,1020.2400225500002,0,6.822166618945998
26.90916524143711,66.43169080745513,23.18961869272079,1011.8281096593546,0,21.68848549783614
24.636693919576583,62.330161049517415,27.302839610611855,992.7496368549025,1,22.023863267582364
26.469352983866877,67.59399354834225,21.839557208449197,1022.5359495066251,0,28.45761335712952
19.778684299800076,53.77065610201597,19.27574828054809,1007.0783367001662,0,18.87229314443797
55.768603701805034,61.17217834743585,17.614657675868163,1016.4616582105479,0,56.89606467902036
38.601159001803126,35.44342867886016,21.92286967240056,1013.6839386063666,0,32.510333547761114
12.554574999152772,53.601854439941725,15.714885908769915,1028.3839498443829,0,13.915119546444892
27.328680874268983,87.81667096353287,22.87655876765759,1011.746330140025,1,30.61812554586684
18.919938570626762,66.37616679256512,19.912846442317473,1012.8488640991405,0,13.592663701208002
14.85520273292586,59.581579252338464,12.121276313756898,1028.7861539047863,0,15.96989445199626
11.599279288760652,97.92246552508693,22.166807040822448,1006.4177775624981,1,15.629883249586033
29.32216690759254,32.78330043397842,15.731840047820548,1021.1432285140778,0,34.362426855610934
18.186197649304262,37.81088889107561,14.150943939101472,1011.0138427712153,0,16.675700436730384
34.678260240252044,94.25422822552545,11.190406716808102,1002.9745803799507,1,37.018051274086645
34.93782214530439,60.91921872097868,16.328150782996577,1013.0116098672087,1,39.227191605320634
38.739143852114495,55.148339274204126,22.971700923303867,1019.9170511360799,1,39.94328802445563
16.476132339258964,36.01591349808714,22.1115200447443,1026.537098399765,0,20.331365106249397
29.753656106920104,68.95392532790024,17.827150379671654,1027.7469398534568,0,29.646071146905204
31.324542166423008,70.88919739054924,19.79714912580028,1010.0523592577447,1,32.5074845977354
20.25821824896035,38.11011278330207,25.173574332180465,1003.1275076796778,0,18.393390569573743
17.28228042607125,57.19448828899144,13.800269670633112,1009.8126110042252,0,16.788479953049972
41.09520665775973,53.28968335933868,6.07663997175835,1001.1846924666985,1,42.396355167388826
27.274958757320537,65.11954292837542,25.40903881742858,1010.826138005835,1,25.185100782183234
31.35967750711738,37.614995155587124,10.761773983754253,1009.5833471638024,0,30.688918387695118
16.779239881720727,85.03894909026315,9.477295013248764,1020.2749020415677,0,19.061860924561138
12.807155334778063,78.31647563195209,0.6304179573235889,990.9406482008562,1,18.964827934306363
19.305502255078896,52.73648882534368,19.57026442531437,1005.6639205391336,0,13.157186780133173
23.75978612610003,55.67162576723258,2.028379003582229,1005.7448169555809,1,29.689516128070878
14.357799931826511,57.27155699444768,8.997929538466106,1024.8712725240803,0,13.57818463855821
24.90155191349617,44.43382893986993,19.70589435612047,1001.8615562259898,1,27.796251520578323
8.114948119314999,51.13141163529929,20.775370019266976,1015.2665735964899,0,11.59822621929022
13.799525775301278,54.59459264650782,9.78636681425413,1011.7187158558022,0,18.49301609712292
31.709112482768752,92.25736741414256,13.926773384060757,1023.4304252683638,0,29.52522688857938
31.03790520277894,78.93236616660873,8.019243788750774,1018.9583186451055,1,30.362091278425545
21.081232346131337,78.69309414673248,10.612825697510537,1014.2124373182038,1,20.920444049272625
14.82235690923047,67.39851226008781,17.129722081223257,1007.4533312541193,0,13.750055381738436
14.72596448473989,37.65345982137531,10.986826569628338,994.4765749689012,1,18.682247409257307
21.26731754058686,59.170177908452416,13.046279678594647,1015.4708565568741,0,21.03683443755246
31.445184916452913,79.4097691922676,3.282346547059465,1018.3048979852987,1,26.589541922027806
34.28245691344325,34.83470741265424,24.0636493184491,997.2513238752534,0,32.38341544650196
20.03468264518031,72.73106413746528,19.080532745368526,1000.6630583567145,0,15.29948256508967
13.465075740152162,100.0,21.343242974697613,1015.5232997337167,1,12.78005938007214
27.678436378663335,81.23633291979463,25.323402596934898,1016.3914168620787,1,29.696085402367146
16.764650293741504,88.28058271123975,8.398296995634269,1003.0935268990794,0,14.801220276830437
19.817473611387975,64.36677500884322,12.13284413577581,1007.2593528643196,1,18.608374717484242
38.252760904370376,79.3586389752998,0.0,994.6351116142957,1,37.42846502735579
33.27115428565768,45.64293571291929,40.1233832808179,1026.7726390381324,0,33.693381767163416
26.579743122514518,75.91727624682453,13.80331747746099,1000.0012559263155,1,28.127991458421093
12.280809988872772,73.08776268121527,23.309823199319297,1018.4225939124855,0,14.702576272678876
27.113965674706588,65.79822348075326,5.09471084531633,1012.6503930384662,0,33.88051662351615
35.626572907875264,86.32014839436997,22.971107405144075,1025.8959361962475,1,35.99706070087548
21.243663342344643,49.224303243052226,29.860727013197327,1005.0774590722524,0,23.451042504283787
38.51114089986715,56.25884967052675,14.517754007776148,1013.6125271034039,0,33.748470656832325
37.92745289518207,61.90924082716593,6.912948027283189,996.0157309076264,1,36.789903938485466
41.63732832143474,39.407780578211984,13.889628792435712,993.6147316306025,1,40.82607764104852
28.05243126531353,64.53863887600495,0.0,1018.9633358386548,0,25.000486598352218
30.873916998060125,25.62139174092306,14.696906391825264,995.149741609303,1,29.265938803957518
39.141872883310896,80.93909068856419,21.567737114503966,1010.7178246556547,0,38.81941873034401
29.473939370689756,60.93274733131931,14.713938845011887,1023.1129544797292,0,27.959949248195333
19.98765892209787,49.58214192192473,12.726883562488261,1020.4668485609468,0,27.79316148561235
20.514571634721385,43.31252775409757,19.220544928896263,1006.3541451205141,0,22.051397659454572
27.38554953773739,55.30841940761625,19.83219877559642,997.1149686359183,1,33.3886177543154
12.094385780537813,73.76519421544828,1.720755499958539,1018.0949486165553,0,16.572339317039827
23.567410846358072,70.95477957475121,15.710583698230307,1026.4225678286018,0,21.649672446006914
35.96547118230254,45.889241054430784,34.48788099383395,1006.3776192133438,0,36.07815258456197
3.087461488347188,43.07920654744731,4.319870034815809,1004.9668714159288,0,1.7829876251234573
40.34482101794515,73.13797412639295,14.316649337335468,1007.75098037131,1,39.85935274008615
36.2237421870316,45.55305190769941,30.53396897641362,1018.7160871080712,0,33.29444117946541
20.402353841695238,61.19819548159007,23.833401252349404,1025.285176064149,0,19.07774785418457
30.433908278718096,62.47509285048554,10.892826553791508,1000.6039318861948,1,31.51246492331781
25.031477269063267,66.24124263453477,16.64908303698083,998.0171819067534,1,26.03084343988988
37.299903684386834,77.16540860363743,14.983106560121414,1036.3999632193245,0,38.06011468003563
34.82683142769941,34.74074126265354,9.01542556542666,1011.2267721210997,0,34.647806953048736
10.999292768169909,21.776813494790247,14.40598314005534,1015.5289279569031,0,13.58152004388073
30.872624134641768,48.65105437543296,12.760270937547766,1006.0806915938236,1,30.101495056406154
22.943721463567524,96.03056815664372,15.901991504613997,1017.8996230945272,1,27.11837848285237
25.828325705180998,100.0,9.012934554471734,1022.6006087470153,1,20.28553303412831
17.718280990301842,96.62354271131775,4.787054398042711,1015.9979617157293,1,19.68871406222911
42.481370691208355,56.14037264478621,14.669753812861034,1030.4085807701445,0,43.946484027950426
35.40061819902576,24.357698360303424,28.720945745430242,1009.732554100589,0,33.37691852727111
17.60228836027033,13.139217966963187,15.657623410102373,1010.3711752696462,0,16.5365952797045
11.653893930897674,47.71923676901178,12.347249768547638,1015.3140635127742,0,13.048266748224783
21.14327369022152,56.0385273970128,21.032686440307987,1017.6496164550609,1,23.89107943166777
29.345026460913058,86.01250802111917,13.733443099236972,1015.279472620626,1,24.096636955919738
27.40205843946223,77.35610919084891,29.944263399672877,1000.1558497304491,1,29.286796642424996
37.53132824768244,64.5481015798324,14.968699925639372,1016.1251516619557,0,36.15837469100977
32.89919722180852,42.203104581177165,20.603976505265308,1009.2582641519656,1,36.27506654470418
34.695690257529066,40.7844088351022,8.963164940853817,1007.1902298592536,0,29.177864616080534
28.268554006104374,65.08255374142871,19.0247140266933,1013.3248205475325,0,35.604450901468
11.107012697890097,73.94101957679453,17.200747815550034,1003.3847731267078,0,8.448592898847805
23.043014688530985,67.83762524491169,14.547951002726336,1001.6460867612677,0,27.33289824890002
35.600897399086655,39.3080408078669,10.985937910642239,986.8453103999615,0,35.39334353988816
24.48477071475354,73.01335257584172,9.895758674781003,1030.472373285099,0,22.02877050315315
30.03090368623747,68.51821934202823,17.25882131183722,1018.5573131910301,1,30.8262457023817
21.812516847538667,38.586671876196434,20.03151287757179,1011.832358786937,0,24.899893182407773
14.70188151458155,44.313580593994885,13.98269762964695,1006.3277676311335,0,10.043767112347261
23.766559359538896,73.76991949123133,17.298143432966338,984.2396771795359,1,25.871325907399925
28.090474430326537,55.30984929708218,14.696682574937844,1005.7147112377852,1,28.05393893435527
18.443122805385563,91.78294603272914,15.788208199243103,1020.1586633716407,0,20.174255053084565
22.642887551433315,70.02258552129153,13.3964401385822,1022.4217430359387,0,22.675813623450257
15.605367580140173,50.267376236214616,15.143780634946467,1019.422919936033,1,13.889761063876211
36.19244917564096,59.79588799218135,36.58432365453941,1014.5839195575247,1,32.85307942152532
22.05544242411966,61.267667852754364,17.493074390459398,1026.0387414593138,0,24.073377760260737
39.52755545126183,45.4321937351658,20.162375667448345,1009.7146277791146,1,41.52937142785834
40.287478505409084,41.748236036447466,18.504188842624774,1023.8518891613436,0,42.27429524848151
24.18954035278256,74.02779787619,12.897465413623525,1009.1541755627978,0,25.472329311104282
14.915512674526504,76.9054659408419,25.35191370633334,1004.1885869112224,1,17.749609290044916
4.141021222666627,72.07562939105918,12.67068983658927,1002.9428701957748,0,8.359229061975553
10.279629269732084,90.30636188647604,23.44043639154041,1002.3550357882705,1,4.65037572751253
11.2616517510134,49.16453527976796,12.32634401546841,1019.5906802880248,0,4.236259419406135
38.784696274615044,93.48541532142261,7.320219846847673,1005.5725442890292,1,43.93853835425398
26.15824587226946,41.981577628916945,17.923169665889542,1002.6697115496505,1,22.135106328513892
28.89604524091988,39.74628873263015,6.162653151183147,1020.1373521966136,0,25.63731538055102
2.7957899106487396,24.800822357014994,19.285121800132874,1016.2797039047223,0,1.9329469750239667
13.020335707827384,51.08409372346366,5.446730751269467,1022.625919828458,0,8.058420971688076
33.87079776446287,49.925553263410926,12.447935756217174,1018.125995112728,0,32.72603767253996
27.867741123825862,70.51874560509302,3.5461624278020683,1005.4688841980269,1,25.023425091457867
23.527947213144028,64.87781883240902,37.593336075221835,1013.7610241646859,0,22.827924604053006
30.648423586001226,36.140532579617265,1.7683235230694851,1014.2513299076968,1,31.48794750072253
41.35797806135815,52.14547523148365,15.078509923171234,1003.80841341526,1,40.32736338506946
22.789575364629496,52.57075957824629,24.146434194640108,1001.95375025906,1,21.607433508438056
25.693698026580694,24.48035506076215,23.291087268696202,1006.192783908823,0,26.467685416955632
26.92596918731305,40.38106545973261,21.810736977385098,1033.3658235667208,0,30.058844581162894
48.92109635273992,44.58372738771821,12.462172894228196,1008.8725590577845,1,53.72998939350492
4.006437355809744,88.67250039641893,25.808711570696016,1025.328667913867,0,3.350822593803098
31.83223014788808,63.82901431914705,22.30712872641746,1008.313394905202,0,37.30689760365779
23.851977512409363,73.24337507895,16.698396941283814,1021.8883881953999,0,26.4820980166931
30.667717261841794,30.02729005701576,16.924646061812737,1022.0249165555784,0,26.971691899922266
18.426274460052756,83.88428966027983,12.56861881907702,1022.5259050795205,1,14.64264969321173
24.5103496914155,86.02204126048186,7.722783793335693,1016.8782734200896,1,22.778486139607487
32.114105794654954,20.033100657107482,24.89720780382973,1026.7736657878115,0,36.447917744734134
56.12910201043841,45.89366552168303,25.497663948812253,1016.7835396935272,1,54.6250000637418
33.08036189402071,69.9153114603102,7.927126871760629,1030.1352972934028,0,27.403291420501894
16.519344019694913,72.88776907076364,13.769718678830467,996.8008019681157,1,15.83269139303178
