date,temperature,precipitation,wind_speed,radiation,next_day_temp,will_rain
2014-01-01,8.0,11.4,40.0,0.47,7.9,1
2014-01-02,7.9,1.5,27.4,3.72,8.3,1
2014-01-03,8.3,4.3,35.9,2.83,7.0,1
2014-01-04,7.0,18.0,33.1,0.57,4.9,0
2014-01-05,4.9,0.6,34.3,2.11,10.6,1
2014-01-06,10.6,5.4,35.2,2.98,9.5,1
2014-01-07,9.5,1.7,33.9,3.08,8.6,1
2014-01-08,8.6,1.5,22.7,3.24,8.4,0
2014-01-09,8.4,0.9,34.5,2.3,5.2,0
2014-01-10,5.2,0.0,17.6,3.29,5.5,0
2014-01-11,5.5,1.0,19.4,4.27,3.3,1
2014-01-12,3.3,2.0,22.6,1.57,6.6,1
2014-01-13,6.6,2.2,25.9,3.92,3.9,1
2014-01-14,3.9,1.7,16.3,3.91,8.7,1
2014-01-15,8.7,7.7,23.0,1.12,7.9,1
2014-01-16,7.9,3.1,25.9,3.52,7.2,0
2014-01-17,7.2,0.0,25.8,3.35,7.5,1
2014-01-18,7.5,2.0,23.0,3.68,5.5,0
2014-01-19,5.5,0.6,19.4,3.41,3.3,0
2014-01-20,3.3,0.0,8.4,3.89,4.1,0
2014-01-21,4.1,0.0,22.1,3.88,6.6,1
2014-01-22,6.6,5.6,22.9,3.16,3.5,1
2014-01-23,3.5,2.6,24.5,3.39,3.7,1
2014-01-24,3.7,3.7,18.7,1.65,7.5,1
2014-01-25,7.5,4.4,43.8,4.51,4.8,1
2014-01-26,4.8,4.9,33.1,0.78,3.7,0
2014-01-27,3.7,0.2,28.7,4.42,5.4,0
2014-01-28,5.4,0.4,22.8,3.99,4.0,1
2014-01-29,4.0,11.8,19.5,1.08,4.2,1
2014-01-30,4.2,3.1,15.4,2.23,3.9,1
2014-01-31,3.9,6.8,34.6,1.65,6.5,1
2014-02-01,6.5,6.0,34.7,6.37,6.1,0
2014-02-02,6.1,0.0,31.6,5.78,5.4,0
2014-02-03,5.4,0.0,29.3,5.75,6.0,1
2014-02-04,6.0,2.5,34.3,5.22,7.0,1
2014-02-05,7.0,11.6,46.5,3.52,7.2,1
2014-02-06,7.2,11.0,31.8,1.56,6.9,1
2014-02-07,6.9,8.4,30.7,4.98,7.1,1
2014-02-08,7.1,6.2,39.3,6.35,5.8,0
2014-02-09,5.8,0.9,38.0,6.03,4.6,1
2014-02-10,4.6,1.8,18.4,4.47,4.6,1
2014-02-11,4.6,5.2,37.9,3.09,4.9,1
2014-02-12,4.9,8.1,47.2,2.26,4.7,0
2014-02-13,4.7,0.1,30.2,6.75,5.7,1
2014-02-14,5.7,8.0,47.9,1.02,7.9,1
2014-02-15,7.9,1.2,52.5,7.1,4.6,0
2014-02-16,4.6,0.0,18.9,9.39,6.4,0
2014-02-17,6.4,0.9,24.9,4.81,7.7,1
2014-02-18,7.7,3.7,22.0,6.02,6.6,0
2014-02-19,6.6,0.0,17.0,3.57,9.0,1
2014-02-20,9.0,3.1,26.6,2.98,5.6,0
2014-02-21,5.6,0.0,29.9,9.22,6.7,0
2014-02-22,6.7,0.0,22.5,8.81,9.5,0
2014-02-23,9.5,0.6,35.1,5.4,9.3,0
2014-02-24,9.3,0.0,28.1,7.15,8.3,1
2014-02-25,8.3,5.8,29.8,8.25,6.2,0
2014-02-26,6.2,0.0,20.0,10.2,6.9,1
2014-02-27,6.9,4.8,31.3,9.23,4.2,1
2014-02-28,4.2,9.8,17.7,3.08,4.5,0
2014-03-01,4.5,0.0,13.2,8.05,6.1,1
2014-03-02,6.1,6.7,32.7,4.9,5.3,1
2014-03-03,5.3,6.7,15.6,8.37,4.4,0
2014-03-04,4.4,0.1,13.1,8.46,5.6,0
2014-03-05,5.6,0.0,12.1,11.09,7.6,0
2014-03-06,7.6,0.0,22.2,9.63,9.1,0
2014-03-07,9.1,0.0,22.9,5.13,9.0,0
2014-03-08,9.0,0.0,21.2,9.72,10.4,0
2014-03-09,10.4,0.0,16.7,13.73,7.7,0
2014-03-10,7.7,0.0,20.3,11.08,6.9,0
2014-03-11,6.9,0.0,19.9,6.98,7.4,0
2014-03-12,7.4,0.0,13.3,13.49,7.1,0
2014-03-13,7.1,0.0,8.7,12.72,7.7,0
2014-03-14,7.7,0.0,18.3,12.99,10.0,0
2014-03-15,10.0,0.0,19.3,12.59,10.2,0
2014-03-16,10.2,0.0,18.9,14.64,9.5,0
2014-03-17,9.5,0.0,14.3,7.67,9.3,0
2014-03-18,9.3,0.3,31.0,9.28,9.5,0
2014-03-19,9.5,0.0,21.4,11.92,9.0,1
2014-03-20,9.0,2.1,34.8,9.78,8.0,1
2014-03-21,8.0,1.4,28.1,13.73,6.8,1
2014-03-22,6.8,2.2,29.5,15.02,5.1,0
2014-03-23,5.1,1.0,23.8,13.83,4.6,0
2014-03-24,4.6,0.0,21.4,12.97,6.2,1
2014-03-25,6.2,4.9,17.2,5.29,3.9,1
2014-03-26,3.9,2.3,18.5,11.69,4.7,1
2014-03-27,4.7,1.1,14.5,14.96,7.4,0
2014-03-28,7.4,0.0,17.2,13.26,11.0,0
2014-03-29,11.0,0.0,20.4,17.72,12.3,0
2014-03-30,12.3,0.0,12.7,15.79,12.7,0
2014-03-31,12.7,0.0,14.1,14.81,12.2,0
2014-04-01,12.2,0.4,12.1,16.52,12.9,0
2014-04-02,12.9,0.8,17.9,12.36,12.8,0
2014-04-03,12.8,0.0,16.1,14.58,12.7,0
2014-04-04,12.7,0.0,14.5,12.71,10.5,0
2014-04-05,10.5,0.7,23.7,8.45,12.5,1
2014-04-06,12.5,4.0,30.8,5.16,12.6,1
2014-04-07,12.6,5.2,27.7,7.16,8.7,0
2014-04-08,8.7,0.1,27.7,15.47,9.1,0
2014-04-09,9.1,0.0,12.8,14.59,10.2,0
2014-04-10,10.2,0.0,9.0,15.44,11.2,0
2014-04-11,11.2,0.0,10.8,13.48,9.7,0
2014-04-12,9.7,0.0,21.1,15.7,11.2,0
2014-04-13,11.2,0.0,18.0,19.95,10.0,0
2014-04-14,10.0,0.0,21.7,18.32,7.1,0
2014-04-15,7.1,0.0,13.4,20.93,8.2,0
2014-04-16,8.2,0.0,12.3,22.69,10.8,0
2014-04-17,10.8,0.0,18.7,17.23,8.4,0
2014-04-18,8.4,0.0,18.0,15.93,7.9,0
2014-04-19,7.9,0.0,21.7,14.23,10.3,1
2014-04-20,10.3,8.1,25.8,9.98,11.5,1
2014-04-21,11.5,6.9,11.4,19.46,11.8,1
2014-04-22,11.8,3.5,20.4,14.69,11.6,1
2014-04-23,11.6,2.2,19.9,16.15,11.8,1
2014-04-24,11.8,1.8,9.4,11.31,10.9,1
2014-04-25,10.9,11.9,19.6,5.43,10.7,1
2014-04-26,10.7,2.3,25.6,12.13,10.7,1
2014-04-27,10.7,8.1,20.9,17.61,11.7,1
2014-04-28,11.7,3.4,14.8,16.03,11.4,1
2014-04-29,11.4,4.4,12.6,13.64,11.6,0
2014-04-30,11.6,0.0,13.6,17.54,10.2,1
2014-05-01,10.2,8.2,13.4,6.43,10.1,0
2014-05-02,10.1,0.0,22.2,11.6,8.2,0
2014-05-03,8.2,0.0,12.2,20.25,9.5,0
2014-05-04,9.5,0.0,10.3,19.02,11.6,0
2014-05-05,11.6,0.0,19.6,23.09,13.1,1
2014-05-06,13.1,1.2,19.8,19.49,12.1,0
2014-05-07,12.1,0.4,27.2,17.41,11.9,1
2014-05-08,11.9,5.1,27.7,3.28,12.8,0
2014-05-09,12.8,0.0,32.6,19.37,11.8,1
2014-05-10,11.8,5.8,35.9,15.66,10.6,1
2014-05-11,10.6,2.4,36.2,15.84,10.8,1
2014-05-12,10.8,1.7,20.6,21.55,10.6,1
2014-05-13,10.6,4.1,13.1,20.58,11.9,0
2014-05-14,11.9,0.0,13.9,21.01,13.0,0
2014-05-15,13.0,0.0,7.3,17.1,13.9,0
2014-05-16,13.9,0.0,8.2,19.68,16.0,0
2014-05-17,16.0,0.0,9.0,18.42,16.2,0
2014-05-18,16.2,0.0,14.9,26.83,18.3,0
2014-05-19,18.3,0.0,17.3,23.88,15.7,1
2014-05-20,15.7,2.1,18.4,14.66,14.0,1
2014-05-21,14.0,4.1,14.2,17.82,14.3,1
2014-05-22,14.3,7.9,22.0,20.11,13.6,0
2014-05-23,13.6,0.5,26.4,21.5,12.0,1
2014-05-24,12.0,7.5,19.9,17.25,12.9,0
2014-05-25,12.9,0.0,21.2,25.89,11.6,1
2014-05-26,11.6,12.6,16.3,9.75,11.9,1
2014-05-27,11.9,8.3,22.4,6.25,11.9,1
2014-05-28,11.9,3.8,19.6,2.71,14.7,1
2014-05-29,14.7,1.9,13.1,19.64,13.2,0
2014-05-30,13.2,0.0,16.6,11.12,13.2,0
2014-05-31,13.2,0.0,8.5,15.27,15.4,0
2014-06-01,15.4,0.0,8.2,17.05,15.4,0
2014-06-02,15.4,0.3,13.8,16.3,14.3,0
2014-06-03,14.3,0.6,14.1,12.76,12.5,1
2014-06-04,12.5,5.5,22.8,14.08,13.1,1
2014-06-05,13.1,2.6,22.1,24.5,15.1,0
2014-06-06,15.1,0.0,19.6,27.08,17.6,1
2014-06-07,17.6,5.3,16.9,18.81,17.2,0
2014-06-08,17.2,0.0,12.7,27.9,19.0,1
2014-06-09,19.0,2.8,15.2,22.83,16.6,0
2014-06-10,16.6,0.0,24.1,27.25,15.6,0
2014-06-11,15.6,0.0,14.3,18.42,17.5,0
2014-06-12,17.5,0.0,7.4,23.68,18.8,0
2014-06-13,18.8,0.0,9.7,21.74,17.1,1
2014-06-14,17.1,1.8,16.5,18.77,14.8,0
2014-06-15,14.8,0.0,20.0,10.95,14.1,0
2014-06-16,14.1,0.0,20.7,11.39,14.6,0
2014-06-17,14.6,0.0,19.7,24.08,15.5,0
2014-06-18,15.5,0.0,17.6,12.57,15.8,0
2014-06-19,15.8,0.5,18.5,19.62,14.9,0
2014-06-20,14.9,0.0,13.0,11.82,17.6,0
2014-06-21,17.6,0.0,14.0,24.14,18.1,0
2014-06-22,18.1,0.0,10.1,20.19,18.2,0
2014-06-23,18.2,0.0,6.7,18.35,17.8,0
2014-06-24,17.8,0.5,18.8,21.0,15.4,0
2014-06-25,15.4,0.0,15.5,23.09,15.6,1
2014-06-26,15.6,1.7,12.9,26.84,16.3,0
2014-06-27,16.3,0.7,19.6,17.73,15.4,1
2014-06-28,15.4,6.8,12.8,21.04,14.5,1
2014-06-29,14.5,1.3,19.1,20.84,14.9,1
2014-06-30,14.9,1.1,10.5,19.55,16.4,0
2014-07-01,16.4,0.0,13.0,22.25,17.0,0
2014-07-02,17.0,0.0,14.9,22.62,18.8,0
2014-07-03,18.8,0.0,20.2,29.13,18.8,0
2014-07-04,18.8,0.0,23.2,28.2,17.9,1
2014-07-05,17.9,4.4,20.6,13.82,16.6,0
2014-07-06,16.6,0.4,16.8,14.55,16.0,0
2014-07-07,16.0,0.1,13.7,22.44,16.1,1
2014-07-08,16.1,2.0,14.5,22.75,17.0,0
2014-07-09,17.0,0.0,28.6,19.34,15.5,1
2014-07-10,15.5,3.0,23.9,10.27,15.7,1
2014-07-11,15.7,5.3,18.6,7.29,18.4,0
2014-07-12,18.4,0.8,10.8,18.94,18.4,1
2014-07-13,18.4,4.9,18.6,13.56,17.1,0
2014-07-14,17.1,0.0,21.4,21.77,19.7,0
2014-07-15,19.7,0.3,17.3,16.59,19.8,0
2014-07-16,19.8,0.0,14.5,22.92,20.5,0
2014-07-17,20.5,0.0,17.0,17.74,22.8,0
2014-07-18,22.8,0.0,19.9,26.99,22.1,1
2014-07-19,22.1,7.8,13.4,15.76,20.4,1
2014-07-20,20.4,7.0,12.0,17.83,20.1,0
2014-07-21,20.1,0.3,14.8,17.23,19.6,0
2014-07-22,19.6,0.0,15.9,22.73,20.5,1
2014-07-23,20.5,1.4,20.4,20.75,20.9,0
2014-07-24,20.9,0.0,17.6,25.12,20.3,1
2014-07-25,20.3,1.3,17.1,19.99,21.7,0
2014-07-26,21.7,0.0,12.7,20.89,20.9,0
2014-07-27,20.9,0.0,15.2,22.09,18.1,1
2014-07-28,18.1,11.8,14.1,16.73,19.9,0
2014-07-29,19.9,0.0,16.6,21.76,19.0,0
2014-07-30,19.0,0.0,14.0,17.8,19.0,0
2014-07-31,19.0,0.0,15.3,19.69,18.8,0
2014-08-01,18.8,0.2,18.6,18.44,17.9,1
2014-08-02,17.9,3.1,21.6,14.61,17.0,0
2014-08-03,17.0,0.0,19.9,19.1,17.4,0
2014-08-04,17.4,0.1,12.3,18.28,18.0,0
2014-08-05,18.0,0.1,20.1,16.78,19.6,1
2014-08-06,19.6,8.0,18.5,18.46,18.9,0
2014-08-07,18.9,0.6,9.7,18.51,18.0,1
2014-08-08,18.0,16.8,17.6,8.16,17.4,1
2014-08-09,17.4,8.7,21.5,17.36,16.7,1
2014-08-10,16.7,15.7,34.0,10.55,15.7,1
2014-08-11,15.7,2.8,28.9,19.78,15.4,0
2014-08-12,15.4,0.8,25.5,17.57,16.1,0
2014-08-13,16.1,0.6,19.7,19.24,15.0,1
2014-08-14,15.0,12.5,15.3,14.72,14.9,0
2014-08-15,14.9,1.0,15.3,15.95,15.2,0
2014-08-16,15.2,0.0,22.0,14.71,15.3,0
2014-08-17,15.3,0.5,27.9,9.64,14.5,0
2014-08-18,14.5,0.5,22.1,16.23,13.1,0
2014-08-19,13.1,0.6,19.9,20.13,12.9,0
2014-08-20,12.9,0.0,15.2,17.88,12.9,0
2014-08-21,12.9,0.0,22.7,15.74,14.9,0
2014-08-22,14.9,0.1,17.7,17.33,13.1,0
2014-08-23,13.1,0.0,17.1,17.42,12.8,0
2014-08-24,12.8,0.0,10.5,15.03,14.0,1
2014-08-25,14.0,16.2,16.2,2.22,15.1,1
2014-08-26,15.1,6.7,19.8,4.11,15.9,0
2014-08-27,15.9,0.2,19.5,11.35,17.7,0
2014-08-28,17.7,0.6,22.7,13.44,16.4,0
2014-08-29,16.4,0.1,27.7,11.67,16.8,0
2014-08-30,16.8,0.0,22.8,9.25,15.6,0
2014-08-31,15.6,0.1,17.2,12.61,14.9,1
2014-09-01,14.9,1.4,15.1,3.03,16.2,0
2014-09-02,16.2,0.0,12.6,11.99,17.1,0
2014-09-03,17.1,0.1,15.6,12.7,17.0,0
2014-09-04,17.0,0.0,14.7,10.0,17.0,0
2014-09-05,17.0,0.1,9.8,8.99,16.8,0
2014-09-06,16.8,0.2,6.4,8.91,15.3,1
2014-09-07,15.3,1.5,9.2,11.3,15.2,0
2014-09-08,15.2,0.0,10.0,18.21,14.9,0
2014-09-09,14.9,0.0,10.2,11.34,14.7,0
2014-09-10,14.7,0.0,12.2,11.85,14.3,0
2014-09-11,14.3,0.0,11.8,8.76,15.9,0
2014-09-12,15.9,0.0,14.2,12.59,15.5,0
2014-09-13,15.5,0.1,17.4,10.08,15.9,0
2014-09-14,15.9,0.2,20.7,10.78,16.4,0
2014-09-15,16.4,0.0,14.3,10.14,17.1,0
2014-09-16,17.1,0.8,13.3,9.49,17.1,0
2014-09-17,17.1,0.0,19.5,11.01,18.8,0
2014-09-18,18.8,0.0,15.3,14.86,17.5,1
2014-09-19,17.5,7.0,8.6,9.4,16.7,0
2014-09-20,16.7,0.4,14.2,5.3,14.5,0
2014-09-21,14.5,0.0,20.1,10.86,12.4,0
2014-09-22,12.4,0.0,10.3,14.1,12.7,0
2014-09-23,12.7,0.0,11.1,10.85,13.7,1
2014-09-24,13.7,1.2,20.6,11.47,13.4,0
2014-09-25,13.4,0.0,19.0,10.39,16.9,0
2014-09-26,16.9,0.0,17.6,9.55,16.7,0
2014-09-27,16.7,0.0,6.0,8.76,17.2,0
2014-09-28,17.2,0.0,10.2,10.75,16.5,0
2014-09-29,16.5,0.1,13.8,9.8,16.4,0
2014-09-30,16.4,0.0,14.4,8.77,17.1,0
2014-10-01,17.1,0.2,16.9,8.57,15.9,1
2014-10-02,15.9,1.2,8.4,7.26,15.6,0
2014-10-03,15.6,0.0,16.7,7.12,13.3,1
2014-10-04,13.3,5.8,20.4,4.41,9.7,0
2014-10-05,9.7,0.0,12.3,11.99,10.9,1
2014-10-06,10.9,6.4,26.2,1.57,10.7,1
2014-10-07,10.7,2.7,26.3,11.17,12.5,1
2014-10-08,12.5,4.6,30.9,6.47,13.5,1
2014-10-09,13.5,1.7,35.6,9.71,12.6,1
2014-10-10,12.6,1.8,20.7,9.55,12.3,0
2014-10-11,12.3,1.0,14.8,8.23,10.5,1
2014-10-12,10.5,6.6,23.7,6.52,12.8,1
2014-10-13,12.8,17.5,28.7,1.68,12.5,0
2014-10-14,12.5,0.6,14.1,2.57,12.4,1
2014-10-15,12.4,11.2,16.4,3.87,13.8,1
2014-10-16,13.8,1.1,18.2,6.33,15.3,1
2014-10-17,15.3,2.4,22.5,6.68,17.5,0
2014-10-18,17.5,0.0,29.6,3.74,16.3,0
2014-10-19,16.3,0.0,27.8,6.74,13.8,0
2014-10-20,13.8,0.0,22.1,6.83,11.8,1
2014-10-21,11.8,1.3,38.5,7.17,10.0,0
2014-10-22,10.0,0.0,26.2,7.11,12.6,0
2014-10-23,12.6,0.2,21.2,4.0,14.4,1
2014-10-24,14.4,5.7,15.6,3.71,11.6,0
2014-10-25,11.6,0.0,19.0,6.14,12.0,0
2014-10-26,12.0,0.0,27.0,5.25,13.3,0
2014-10-27,13.3,0.0,23.1,8.22,13.4,0
2014-10-28,13.4,0.0,20.2,7.95,13.4,1
2014-10-29,13.4,3.4,14.8,0.77,14.8,0
2014-10-30,14.8,0.7,17.6,3.54,15.7,0
2014-10-31,15.7,0.0,18.9,7.03,14.8,0
2014-11-01,14.8,0.0,25.3,5.57,13.5,1
2014-11-02,13.5,7.9,29.5,2.72,9.1,1
2014-11-03,9.1,7.6,26.2,2.89,7.4,1
2014-11-04,7.4,3.2,11.8,6.8,6.7,1
2014-11-05,6.7,1.6,18.7,4.95,6.5,0
2014-11-06,6.5,0.1,26.7,4.87,10.7,1
2014-11-07,10.7,7.3,31.1,5.22,10.1,1
2014-11-08,10.1,5.3,32.3,2.63,8.6,1
2014-11-09,8.6,2.2,10.4,5.48,9.2,0
2014-11-10,9.2,0.6,23.6,5.16,10.9,1
2014-11-11,10.9,2.2,25.8,4.14,10.8,1
2014-11-12,10.8,1.6,20.9,4.47,11.0,0
2014-11-13,11.0,0.3,27.9,2.56,10.7,1
2014-11-14,10.7,10.4,25.2,1.95,8.5,0
2014-11-15,8.5,0.7,9.7,4.0,9.0,1
2014-11-16,9.0,4.0,10.8,2.57,8.1,1
2014-11-17,8.1,7.3,16.9,2.06,8.2,0
2014-11-18,8.2,0.0,12.6,4.51,8.3,0
2014-11-19,8.3,0.0,13.4,3.13,8.2,0
2014-11-20,8.2,0.0,13.0,3.6,7.9,1
2014-11-21,7.9,4.9,17.6,2.04,11.3,1
2014-11-22,11.3,4.6,13.8,1.72,8.9,1
2014-11-23,8.9,16.5,17.8,0.44,3.0,0
2014-11-24,3.0,0.0,10.6,3.77,5.0,1
2014-11-25,5.0,4.9,16.9,2.02,8.0,1
2014-11-26,8.0,2.3,10.1,0.66,9.1,1
2014-11-27,9.1,1.7,12.2,2.1,10.0,0
2014-11-28,10.0,0.2,20.8,2.94,8.6,0
2014-11-29,8.6,0.8,14.8,2.86,8.1,0
2014-11-30,8.1,0.0,18.9,3.02,6.7,0
2014-12-01,6.7,0.0,18.3,1.82,6.5,0
2014-12-02,6.5,0.0,28.9,0.56,6.6,0
2014-12-03,6.6,0.0,26.4,2.4,4.1,0
2014-12-04,4.1,0.0,16.1,0.76,4.1,0
2014-12-05,4.1,0.0,16.3,2.09,1.0,0
2014-12-06,1.0,0.0,14.1,4.25,5.7,0
2014-12-07,5.7,0.4,22.5,1.99,3.1,0
2014-12-08,3.1,0.0,21.3,4.02,3.5,0
2014-12-09,3.5,0.2,32.9,3.15,7.3,0
2014-12-10,7.3,0.7,33.2,4.01,6.3,0
2014-12-11,6.3,0.3,29.9,3.4,6.8,1
2014-12-12,6.8,8.7,41.9,1.87,1.2,0
2014-12-13,1.2,0.0,11.3,3.9,4.0,0
2014-12-14,4.0,0.4,24.8,3.08,6.0,0
2014-12-15,6.0,1.0,24.8,3.45,2.8,0
2014-12-16,2.8,0.4,14.8,3.59,9.9,1
2014-12-17,9.9,10.8,27.9,1.43,11.4,0
2014-12-18,11.4,0.0,30.0,0.78,9.0,1
2014-12-19,9.0,1.6,30.0,3.29,5.7,0
2014-12-20,5.7,0.0,24.8,3.56,6.9,0
2014-12-21,6.9,0.0,29.0,1.79,10.9,0
2014-12-22,10.9,0.0,32.2,1.31,10.4,0
2014-12-23,10.4,0.0,27.7,1.75,8.4,0
2014-12-24,8.4,0.6,28.9,2.45,3.9,0
2014-12-25,3.9,0.0,17.7,3.73,2.3,1
2014-12-26,2.3,10.3,24.4,1.56,2.9,1
2014-12-27,2.9,1.3,41.7,2.25,1.6,0
2014-12-28,1.6,0.0,21.3,3.84,-0.2,0
2014-12-29,-0.2,0.0,15.4,3.75,-0.5,0
2014-12-30,-0.5,0.0,11.7,3.36,1.8,0
2014-12-31,1.8,0.0,20.5,2.66,7.5,0
2015-01-01,7.5,1.0,34.3,0.9,7.9,0
2015-01-02,7.9,0.6,33.9,3.88,4.0,1
2015-01-03,4.0,11.4,18.4,0.43,2.2,0
2015-01-04,2.2,0.0,9.9,3.34,6.4,0
2015-01-05,6.4,0.0,14.3,1.8,6.4,0
2015-01-06,6.4,0.2,23.2,1.18,5.0,0
2015-01-07,5.0,0.0,30.5,2.58,8.4,1
2015-01-08,8.4,13.0,29.1,1.3,10.8,0
2015-01-09,10.8,0.3,38.3,3.05,9.4,0
2015-01-10,9.4,0.5,40.4,2.14,5.1,0
2015-01-11,5.1,0.0,27.0,4.23,9.5,1
2015-01-12,9.5,1.9,35.9,0.77,7.6,1
2015-01-13,7.6,8.8,31.7,2.97,4.2,1
2015-01-14,4.2,1.8,37.4,4.63,7.5,1
2015-01-15,7.5,10.8,45.9,3.75,3.8,0
2015-01-16,3.8,0.0,30.1,2.75,0.7,0
2015-01-17,0.7,0.7,17.9,3.57,1.1,1
2015-01-18,1.1,2.9,14.4,3.34,0.6,0
2015-01-19,0.6,0.0,13.0,4.15,0.3,0
2015-01-20,0.3,0.1,18.4,3.48,2.4,0
2015-01-21,2.4,0.7,22.1,1.68,1.2,0
2015-01-22,1.2,0.0,12.2,4.64,0.7,0
2015-01-23,0.7,0.9,23.0,4.74,4.0,1
2015-01-24,4.0,5.0,24.9,5.59,3.0,0
2015-01-25,3.0,0.0,19.6,5.08,6.9,0
2015-01-26,6.9,0.1,19.8,2.59,4.7,0
2015-01-27,4.7,0.0,15.9,4.41,5.8,1
2015-01-28,5.8,1.1,37.9,2.59,2.0,1
2015-01-29,2.0,1.6,27.4,4.61,1.9,0
2015-01-30,1.9,0.9,22.0,5.0,1.3,1
2015-01-31,1.3,2.0,28.9,3.58,2.0,0
2015-02-01,2.0,0.4,31.4,4.78,-1.2,0
2015-02-02,-1.2,0.0,13.3,5.55,0.8,1
2015-02-03,0.8,1.6,20.8,5.7,1.4,0
2015-02-04,1.4,0.0,21.3,3.84,1.4,1
2015-02-05,1.4,1.1,19.5,5.1,1.7,0
2015-02-06,1.7,0.0,29.8,6.3,2.9,0
2015-02-07,2.9,0.0,19.2,3.32,3.5,0
2015-02-08,3.5,0.0,19.1,5.42,3.5,0
2015-02-09,3.5,0.0,14.3,4.54,3.3,0
2015-02-10,3.3,0.0,8.4,4.07,3.6,0
2015-02-11,3.6,0.0,7.3,3.57,2.8,0
2015-02-12,2.8,0.0,9.4,3.39,5.4,1
2015-02-13,5.4,4.0,33.2,2.96,5.9,1
2015-02-14,5.9,5.5,16.1,3.8,5.7,0
2015-02-15,5.7,0.0,12.7,4.01,5.3,1
2015-02-16,5.3,7.3,20.7,2.83,3.8,0
2015-02-17,3.8,0.0,18.6,9.5,3.2,0
2015-02-18,3.2,0.0,19.1,8.43,5.6,1
2015-02-19,5.6,7.2,29.9,2.88,5.5,1
2015-02-20,5.5,3.1,16.4,3.93,2.1,0
2015-02-21,2.1,0.6,20.0,7.22,2.5,1
2015-02-22,2.5,6.7,34.2,5.52,5.3,0
2015-02-23,5.3,0.8,31.2,8.23,5.3,0
2015-02-24,5.3,0.0,31.3,8.13,6.4,0
2015-02-25,6.4,0.3,14.9,4.48,8.4,1
2015-02-26,8.4,3.8,23.0,1.54,3.9,0
2015-02-27,3.9,0.0,15.8,10.38,6.7,1
2015-02-28,6.7,2.3,30.8,1.82,8.1,1
2015-03-01,8.1,1.3,31.7,9.68,4.4,0
2015-03-02,4.4,0.0,34.2,11.45,4.3,0
2015-03-03,4.3,0.8,26.2,10.74,4.4,0
2015-03-04,4.4,0.1,24.7,10.52,4.2,0
2015-03-05,4.2,0.0,17.1,10.57,5.4,0
2015-03-06,5.4,0.0,22.0,11.13,8.3,0
2015-03-07,8.3,0.0,23.6,12.55,8.3,0
2015-03-08,8.3,0.0,20.3,6.29,6.8,0
2015-03-09,6.8,0.2,23.8,5.86,7.0,0
2015-03-10,7.0,0.0,16.4,13.02,6.0,0
2015-03-11,6.0,0.0,18.7,12.1,7.6,0
2015-03-12,7.6,0.0,20.0,12.91,7.1,0
2015-03-13,7.1,0.0,19.7,9.82,4.8,0
2015-03-14,4.8,0.0,22.7,6.99,5.5,0
2015-03-15,5.5,0.7,23.7,7.92,5.4,1
2015-03-16,5.4,2.3,13.9,7.28,6.4,1
2015-03-17,6.4,1.9,11.5,7.88,5.8,0
2015-03-18,5.8,0.0,16.9,12.18,6.0,0
2015-03-19,6.0,0.0,21.7,5.23,6.2,0
2015-03-20,6.2,0.0,14.6,13.42,6.5,0
2015-03-21,6.5,0.0,24.3,6.78,4.7,0
2015-03-22,4.7,0.0,16.9,10.68,4.8,0
2015-03-23,4.8,0.2,15.0,11.64,6.0,1
2015-03-24,6.0,2.9,14.5,12.41,4.2,0
2015-03-25,4.2,0.7,10.8,14.57,6.5,1
2015-03-26,6.5,6.1,26.3,9.63,6.8,0
2015-03-27,6.8,0.0,18.4,14.09,9.9,0
2015-03-28,9.9,0.0,32.1,5.05,10.0,1
2015-03-29,10.0,3.1,42.6,4.49,7.9,0
2015-03-30,7.9,0.0,33.5,14.52,9.6,1
2015-03-31,9.6,1.1,42.2,17.45,6.5,1
2015-04-01,6.5,1.6,28.5,14.85,7.8,1
2015-04-02,7.8,2.4,28.6,11.58,8.5,1
2015-04-03,8.5,4.8,14.6,3.92,7.5,0
2015-04-04,7.5,0.2,25.8,5.59,7.3,0
2015-04-05,7.3,0.0,7.9,8.88,7.8,0
2015-04-06,7.8,0.0,19.1,14.9,8.9,0
2015-04-07,8.9,0.0,7.6,18.17,9.8,0
2015-04-08,9.8,0.0,8.5,12.78,10.0,0
2015-04-09,10.0,0.0,7.9,18.14,11.0,0
2015-04-10,11.0,0.1,15.1,19.43,9.4,1
2015-04-11,9.4,1.3,25.5,14.15,9.0,0
2015-04-12,9.0,0.2,28.9,19.95,10.0,0
2015-04-13,10.0,0.0,13.9,12.15,12.0,0
2015-04-14,12.0,0.0,18.7,21.9,14.3,0
2015-04-15,14.3,0.0,15.1,22.11,10.8,0
2015-04-16,10.8,0.0,18.9,21.31,9.1,0
2015-04-17,9.1,0.0,22.0,19.3,8.6,0
2015-04-18,8.6,0.0,24.1,22.28,7.1,0
2015-04-19,7.1,0.0,18.8,13.03,9.3,0
2015-04-20,9.3,0.0,16.4,23.34,9.5,0
2015-04-21,9.5,0.0,17.5,23.94,9.2,0
2015-04-22,9.2,0.0,23.1,20.91,9.5,0
2015-04-23,9.5,0.0,11.2,20.38,10.6,0
2015-04-24,10.6,0.3,18.7,17.05,12.5,1
2015-04-25,12.5,4.9,22.6,14.46,9.1,1
2015-04-26,9.1,3.8,15.1,6.59,7.6,0
2015-04-27,7.6,0.2,17.2,19.48,7.8,0
2015-04-28,7.8,0.0,21.7,22.55,8.9,1
2015-04-29,8.9,4.1,29.6,15.46,8.8,0
2015-04-30,8.8,0.7,22.8,22.55,7.7,0
2015-05-01,7.7,0.0,22.7,15.92,8.6,0
2015-05-02,8.6,0.0,19.5,11.3,12.9,1
2015-05-03,12.9,6.5,27.8,9.8,13.6,1
2015-05-04,13.6,3.7,25.3,17.18,13.2,1
2015-05-05,13.2,5.5,44.3,17.47,11.2,1
2015-05-06,11.2,4.3,39.7,18.19,11.4,0
2015-05-07,11.4,1.0,20.8,18.59,11.9,1
2015-05-08,11.9,2.1,21.3,11.26,12.9,0
2015-05-09,12.9,0.2,30.6,14.88,12.1,0
2015-05-10,12.1,0.0,21.3,22.06,15.3,0
2015-05-11,15.3,0.0,22.1,17.69,12.6,0
2015-05-12,12.6,0.0,27.5,18.14,11.6,0
2015-05-13,11.6,0.0,14.8,25.59,8.9,1
2015-05-14,8.9,11.9,23.6,3.68,10.9,0
2015-05-15,10.9,0.1,17.8,20.47,12.9,0
2015-05-16,12.9,0.1,19.0,17.38,11.8,0
2015-05-17,11.8,0.0,19.4,22.19,11.0,1
2015-05-18,11.0,4.9,37.7,10.78,9.7,1
2015-05-19,9.7,1.5,26.0,23.04,10.0,1
2015-05-20,10.0,1.1,20.6,21.21,12.0,0
2015-05-21,12.0,0.0,16.5,20.06,12.7,0
2015-05-22,12.7,0.0,12.8,14.13,13.3,0
2015-05-23,13.3,0.2,12.9,10.55,13.7,1
2015-05-24,13.7,1.1,15.3,12.27,11.6,0
2015-05-25,11.6,0.0,16.4,11.32,13.3,0
2015-05-26,13.3,0.0,16.9,17.67,12.2,1
2015-05-27,12.2,1.6,21.3,26.83,13.4,0
2015-05-28,13.4,0.1,21.2,22.99,10.8,1
2015-05-29,10.8,5.6,32.4,14.54,11.1,0
2015-05-30,11.1,0.0,17.9,20.73,12.2,1
2015-05-31,12.2,1.7,26.3,4.68,10.8,1
2015-06-01,10.8,2.6,33.0,18.23,14.1,1
2015-06-02,14.1,1.1,40.2,7.24,14.1,0
2015-06-03,14.1,0.0,21.5,20.03,15.1,0
2015-06-04,15.1,0.0,14.3,29.02,17.8,1
2015-06-05,17.8,2.1,20.5,21.75,13.1,0
2015-06-06,13.1,0.0,25.0,23.7,13.4,0
2015-06-07,13.4,0.0,12.1,28.26,12.8,0
2015-06-08,12.8,0.0,20.0,17.88,11.1,0
2015-06-09,11.1,0.0,25.9,17.83,12.6,0
2015-06-10,12.6,0.0,23.2,18.9,15.8,0
2015-06-11,15.8,0.0,23.2,28.27,17.7,1
2015-06-12,17.7,6.3,15.8,18.87,15.8,1
2015-06-13,15.8,1.8,21.0,6.0,14.9,0
2015-06-14,14.9,0.0,16.2,12.74,13.2,0
2015-06-15,13.2,0.0,17.0,16.89,15.1,0
2015-06-16,15.1,0.0,10.8,18.06,17.2,0
2015-06-17,17.2,0.0,25.2,16.14,16.4,0
2015-06-18,16.4,1.0,16.1,24.91,14.6,0
2015-06-19,14.6,0.0,17.6,16.15,14.4,1
2015-06-20,14.4,3.5,13.0,5.54,15.7,0
2015-06-21,15.7,0.0,20.2,13.95,13.5,1
2015-06-22,13.5,5.4,25.2,14.03,15.1,0
2015-06-23,15.1,0.0,17.2,17.93,17.0,0
2015-06-24,17.0,0.0,17.1,22.05,17.6,0
2015-06-25,17.6,0.0,12.8,23.14,17.8,1
2015-06-26,17.8,1.7,21.5,19.22,18.3,0
2015-06-27,18.3,0.0,17.3,27.0,17.4,1
2015-06-28,17.4,1.5,18.6,14.05,17.9,0
2015-06-29,17.9,0.0,12.6,25.96,19.8,0
2015-06-30,19.8,0.0,16.9,29.13,25.7,0
2015-07-01,25.7,0.0,19.5,27.27,19.9,0
2015-07-02,19.9,0.9,20.1,12.82,18.7,1
2015-07-03,18.7,2.9,21.0,27.75,21.0,1
2015-07-04,21.0,5.7,20.4,28.21,17.4,1
2015-07-05,17.4,4.0,22.6,17.3,16.9,0
2015-07-06,16.9,0.0,18.8,23.05,17.1,1
2015-07-07,17.1,1.1,26.6,16.37,16.3,0
2015-07-08,16.3,0.7,25.8,13.31,15.9,0
2015-07-09,15.9,0.0,15.2,26.36,18.2,0
2015-07-10,18.2,0.0,15.9,27.94,19.3,0
2015-07-11,19.3,0.0,20.4,23.73,17.3,1
2015-07-12,17.3,2.3,23.7,10.64,17.6,1
2015-07-13,17.6,1.2,22.4,5.4,18.4,1
2015-07-14,18.4,1.1,17.4,6.91,17.9,1
2015-07-15,17.9,1.3,11.8,8.07,18.4,1
2015-07-16,18.4,1.3,19.5,15.63,18.9,1
2015-07-17,18.9,2.3,26.0,20.49,17.1,0
2015-07-18,17.1,0.0,14.2,24.85,17.9,1
2015-07-19,17.9,2.8,26.2,20.88,17.4,0
2015-07-20,17.4,0.2,25.5,8.83,19.0,0
2015-07-21,19.0,0.0,23.2,23.75,17.8,0
2015-07-22,17.8,0.0,22.7,16.63,16.6,0
2015-07-23,16.6,0.1,14.1,16.53,14.9,1
2015-07-24,14.9,22.6,22.0,4.97,15.1,1
2015-07-25,15.1,11.7,27.4,18.21,13.9,1
2015-07-26,13.9,11.2,24.7,4.78,16.4,0
2015-07-27,16.4,0.4,30.0,14.25,15.4,0
2015-07-28,15.4,0.7,29.3,16.27,13.8,0
2015-07-29,13.8,0.1,20.0,15.35,13.7,0
2015-07-30,13.7,0.0,17.6,18.41,14.7,0
2015-07-31,14.7,0.0,9.8,17.97,14.8,0
2015-08-01,14.8,0.0,17.6,18.93,17.2,0
2015-08-02,17.2,0.0,17.9,24.16,19.0,0
2015-08-03,19.0,0.1,27.4,15.43,17.1,0
2015-08-04,17.1,0.0,26.4,16.5,17.1,0
2015-08-05,17.1,0.4,15.5,17.51,17.7,0
2015-08-06,17.7,0.1,21.1,14.16,17.4,0
2015-08-07,17.4,0.0,13.8,18.26,18.5,0
2015-08-08,18.5,0.0,13.1,18.51,18.2,0
2015-08-09,18.2,0.0,15.7,22.18,18.4,1
2015-08-10,18.4,2.0,22.7,9.45,16.2,1
2015-08-11,16.2,1.5,9.2,9.68,17.4,1
2015-08-12,17.4,3.6,18.5,15.24,18.3,1
2015-08-13,18.3,21.1,26.1,10.78,18.3,1
2015-08-14,18.3,11.6,18.5,9.67,16.5,0
2015-08-15,16.5,0.0,13.6,18.16,15.3,0
2015-08-16,15.3,0.3,8.1,11.28,16.2,0
2015-08-17,16.2,0.0,12.1,17.78,15.7,1
2015-08-18,15.7,1.7,15.5,8.67,15.8,1
2015-08-19,15.8,5.7,19.5,13.53,17.5,1
2015-08-20,17.5,1.5,17.6,8.58,19.8,0
2015-08-21,19.8,0.1,20.4,16.6,20.7,0
2015-08-22,20.7,0.0,18.1,20.86,18.6,1
2015-08-23,18.6,3.8,20.2,12.16,14.4,1
2015-08-24,14.4,20.1,18.2,4.33,14.7,1
2015-08-25,14.7,5.9,24.2,7.55,16.5,1
2015-08-26,16.5,8.3,33.3,5.18,15.3,0
2015-08-27,15.3,0.8,21.1,14.43,14.9,0
2015-08-28,14.9,0.0,19.4,16.51,16.6,1
2015-08-29,16.6,1.7,11.9,12.38,16.8,1
2015-08-30,16.8,1.5,14.8,6.63,15.0,1
2015-08-31,15.0,15.2,20.2,5.72,14.5,1
2015-09-01,14.5,2.4,12.1,14.86,13.2,1
2015-09-02,13.2,1.1,12.0,16.68,12.5,0
2015-09-03,12.5,0.3,15.6,14.07,13.4,0
2015-09-04,13.4,0.5,16.9,9.99,12.6,0
2015-09-05,12.6,0.0,15.8,5.22,12.4,0
2015-09-06,12.4,0.0,12.0,14.87,13.3,0
2015-09-07,13.3,0.0,16.0,14.31,12.9,0
2015-09-08,12.9,0.0,13.0,11.3,14.6,0
2015-09-09,14.6,0.1,19.1,10.29,15.4,0
2015-09-10,15.4,0.0,18.4,17.83,15.7,0
2015-09-11,15.7,0.0,16.8,16.46,16.3,1
2015-09-12,16.3,2.1,23.3,14.03,12.9,0
2015-09-13,12.9,0.8,13.8,9.2,13.1,1
2015-09-14,13.1,6.2,29.1,8.97,12.8,1
2015-09-15,12.8,4.7,23.0,9.27,12.9,1
2015-09-16,12.9,14.5,22.8,3.54,13.5,1
2015-09-17,13.5,1.7,19.4,13.28,13.7,1
2015-09-18,13.7,3.6,12.9,10.8,13.7,0
2015-09-19,13.7,0.0,13.0,12.52,14.0,0
2015-09-20,14.0,0.0,14.7,11.15,13.1,1
2015-09-21,13.1,5.3,20.7,5.26,11.2,1
2015-09-22,11.2,14.6,17.1,5.9,12.8,0
2015-09-23,12.8,0.0,20.0,14.32,14.6,1
2015-09-24,14.6,1.1,22.6,10.19,12.2,0
2015-09-25,12.2,0.0,12.7,12.47,12.7,0
2015-09-26,12.7,0.0,10.3,11.3,12.4,0
2015-09-27,12.4,0.0,17.0,12.8,12.9,0
2015-09-28,12.9,0.0,17.9,11.76,13.1,0
2015-09-29,13.1,0.0,20.1,13.49,13.2,0
2015-09-30,13.2,0.0,23.2,12.79,12.9,0
2015-10-01,12.9,0.0,23.2,11.08,11.8,0
2015-10-02,11.8,0.0,13.4,12.93,11.2,0
2015-10-03,11.2,0.0,8.7,7.26,12.2,0
2015-10-04,12.2,0.0,16.9,12.63,14.9,1
2015-10-05,14.9,9.2,21.8,1.35,15.5,1
2015-10-06,15.5,13.4,19.4,6.16,13.3,0
2015-10-07,13.3,0.1,20.9,2.89,12.0,0
2015-10-08,12.0,0.0,10.4,8.74,11.4,0
2015-10-09,11.4,0.0,10.2,9.68,11.7,0
2015-10-10,11.7,0.0,15.5,5.56,11.4,0
2015-10-11,11.4,0.0,17.9,9.44,10.0,0
2015-10-12,10.0,0.0,15.7,8.18,9.5,0
2015-10-13,9.5,0.0,22.9,7.91,8.9,0
2015-10-14,8.9,0.0,23.4,8.6,9.6,0
2015-10-15,9.6,0.0,17.7,5.35,10.9,0
2015-10-16,10.9,0.0,23.6,2.06,10.9,0
2015-10-17,10.9,0.0,22.4,4.67,11.7,0
2015-10-18,11.7,0.0,15.0,5.53,11.5,0
2015-10-19,11.5,0.0,15.9,4.92,10.1,0
2015-10-20,10.1,0.0,12.9,8.33,10.7,1
2015-10-21,10.7,8.7,18.6,0.59,12.2,0
2015-10-22,12.2,0.0,17.8,3.88,10.3,0
2015-10-23,10.3,0.0,13.8,5.59,11.6,1
2015-10-24,11.6,2.4,20.3,3.19,7.3,0
2015-10-25,7.3,0.0,13.3,7.12,10.6,0
2015-10-26,10.6,0.0,20.4,5.36,12.6,1
2015-10-27,12.6,3.6,16.5,7.37,12.2,1
2015-10-28,12.2,8.7,13.0,5.34,12.7,1
2015-10-29,12.7,1.1,28.5,2.57,13.8,1
2015-10-30,13.8,4.0,24.2,2.91,10.9,0
2015-10-31,10.9,0.0,12.5,5.13,9.0,0
2015-11-01,9.0,0.0,7.4,3.65,10.2,0
2015-11-02,10.2,0.0,11.2,4.3,10.9,0
2015-11-03,10.9,0.5,12.2,3.06,11.2,1
2015-11-04,11.2,5.0,13.1,3.01,13.8,1
2015-11-05,13.8,4.8,26.0,1.73,14.3,1
2015-11-06,14.3,6.0,26.3,0.86,14.5,1
2015-11-07,14.5,5.7,36.4,1.18,12.0,0
2015-11-08,12.0,0.8,27.9,3.14,12.2,0
2015-11-09,12.2,0.5,31.6,2.64,14.3,0
2015-11-10,14.3,0.0,26.7,2.1,13.3,0
2015-11-11,13.3,0.0,25.6,3.82,12.8,0
2015-11-12,12.8,0.0,28.7,3.46,10.0,0
2015-11-13,10.0,0.4,28.2,4.88,9.4,1
2015-11-14,9.4,4.3,31.8,0.8,13.4,0
2015-11-15,13.4,0.0,35.3,2.72,12.5,1
2015-11-16,12.5,1.3,30.9,2.66,12.9,1
2015-11-17,12.9,6.8,45.9,1.91,12.1,0
2015-11-18,12.1,0.7,40.1,3.46,10.4,1
2015-11-19,10.4,4.4,32.5,1.18,7.2,0
2015-11-20,7.2,0.0,21.6,3.45,2.7,1
2015-11-21,2.7,1.6,37.2,4.28,1.1,0
2015-11-22,1.1,0.0,15.5,4.74,2.2,0
2015-11-23,2.2,0.1,17.4,4.27,7.5,1
2015-11-24,7.5,8.2,24.2,1.3,6.7,0
2015-11-25,6.7,0.1,21.4,2.22,7.0,0
2015-11-26,7.0,0.0,10.4,2.53,9.6,1
2015-11-27,9.6,1.3,29.2,0.9,5.8,1
2015-11-28,5.8,1.4,31.8,3.29,10.5,0
2015-11-29,10.5,0.1,41.1,1.92,10.3,0
2015-11-30,10.3,0.7,36.4,1.35,11.8,1
2015-12-01,11.8,2.5,23.8,2.23,11.3,0
2015-12-02,11.3,0.0,24.9,2.71,11.4,1
2015-12-03,11.4,1.7,34.5,1.77,9.1,1
2015-12-04,9.1,1.2,31.9,4.09,11.0,0
2015-12-05,11.0,0.0,37.9,1.74,12.2,0
2015-12-06,12.2,0.1,33.3,1.12,11.7,0
2015-12-07,11.7,0.1,21.7,1.81,10.6,1
2015-12-08,10.6,4.1,24.2,2.23,7.6,0
2015-12-09,7.6,0.0,27.7,3.84,10.4,1
2015-12-10,10.4,5.0,28.8,1.75,8.4,1
2015-12-11,8.4,1.6,20.8,0.85,7.9,0
2015-12-12,7.9,1.0,34.4,1.08,8.6,1
2015-12-13,8.6,1.8,29.5,0.87,7.9,1
2015-12-14,7.9,2.1,13.9,1.76,9.2,1
2015-12-15,9.2,6.1,17.3,0.63,12.8,0
2015-12-16,12.8,0.5,23.5,0.8,12.7,1
2015-12-17,12.7,1.8,25.4,2.42,11.5,0
2015-12-18,11.5,0.2,21.5,1.47,13.5,0
2015-12-19,13.5,0.4,27.9,2.44,11.8,0
2015-12-20,11.8,0.1,30.6,2.33,9.6,0
2015-12-21,9.6,0.6,41.1,1.64,12.8,1
2015-12-22,12.8,6.8,38.2,0.96,9.5,0
2015-12-23,9.5,0.9,29.4,3.52,9.3,1
2015-12-24,9.3,2.6,38.8,1.84,9.1,0
2015-12-25,9.1,0.3,33.4,1.08,13.3,0
2015-12-26,13.3,0.0,34.5,1.35,13.1,1
2015-12-27,13.1,1.7,34.0,0.5,10.1,0
2015-12-28,10.1,0.0,25.1,3.43,10.3,0
2015-12-29,10.3,0.8,26.7,3.12,11.2,1
2015-12-30,11.2,6.4,37.1,1.51,8.4,1
2015-12-31,8.4,3.5,33.4,3.72,4.5,1
2016-01-01,4.5,1.1,25.9,2.13,9.2,1
2016-01-02,9.2,5.7,28.2,0.63,7.7,1
2016-01-03,7.7,11.3,31.1,0.47,6.9,0
2016-01-04,6.9,0.9,17.1,2.81,6.8,0
2016-01-05,6.8,0.7,19.1,2.92,4.4,1
2016-01-06,4.4,1.1,11.7,1.53,6.6,1
2016-01-07,6.6,11.2,34.6,2.07,4.9,0
2016-01-08,4.9,0.2,19.0,3.47,8.0,1
2016-01-09,8.0,7.2,32.9,1.96,6.1,0
2016-01-10,6.1,0.0,27.4,3.32,5.6,1
2016-01-11,5.6,6.8,19.9,2.1,4.7,0
2016-01-12,4.7,0.9,29.6,3.03,3.8,1
2016-01-13,3.8,1.1,24.6,3.85,2.9,1
2016-01-14,2.9,1.6,30.6,2.8,1.6,0
2016-01-15,1.6,0.0,27.6,4.76,0.6,0
2016-01-16,0.6,0.2,15.3,4.59,2.0,1
2016-01-17,2.0,2.0,18.9,1.97,1.8,0
2016-01-18,1.8,0.0,19.0,3.46,-0.8,0
2016-01-19,-0.8,0.0,9.0,5.07,0.3,0
2016-01-20,0.3,0.0,8.0,3.23,1.4,0
2016-01-21,1.4,0.0,19.7,2.87,6.3,1
2016-01-22,6.3,5.2,24.2,0.55,6.5,1
2016-01-23,6.5,2.8,23.5,4.06,10.5,0
2016-01-24,10.5,1.0,22.3,1.76,10.5,0
2016-01-25,10.5,0.0,31.2,4.43,8.7,1
2016-01-26,8.7,1.8,38.1,2.05,10.9,1
2016-01-27,10.9,2.6,35.0,0.75,5.5,0
2016-01-28,5.5,0.0,29.3,5.99,10.3,0
2016-01-29,10.3,0.2,36.3,1.14,7.1,1
2016-01-30,7.1,5.3,35.1,4.78,7.3,1
2016-01-31,7.3,1.5,28.6,1.05,11.0,0
2016-02-01,11.0,0.0,36.1,2.6,7.6,0
2016-02-02,7.6,0.4,29.8,5.33,4.4,0
2016-02-03,4.4,0.2,30.7,4.97,7.6,0
2016-02-04,7.6,0.6,27.3,2.84,9.0,0
2016-02-05,9.0,0.2,31.0,2.3,9.7,1
2016-02-06,9.7,6.4,42.6,1.63,6.9,1
2016-02-07,6.9,5.8,40.0,6.04,7.7,1
2016-02-08,7.7,3.4,49.8,5.99,4.7,0
2016-02-09,4.7,0.9,28.2,4.72,4.2,0
2016-02-10,4.2,0.0,22.0,4.12,1.9,0
2016-02-11,1.9,0.0,8.2,7.47,2.7,0
2016-02-12,2.7,0.6,15.9,6.44,3.0,1
2016-02-13,3.0,4.0,25.7,3.04,3.4,0
2016-02-14,3.4,0.5,24.4,6.44,2.1,0
2016-02-15,2.1,0.0,27.1,6.81,1.6,0
2016-02-16,1.6,0.0,15.9,7.87,3.9,1
2016-02-17,3.9,4.7,21.0,5.62,3.8,1
2016-02-18,3.8,2.7,17.9,7.76,3.5,1
2016-02-19,3.5,1.2,30.4,8.05,9.5,0
2016-02-20,9.5,0.6,33.5,2.53,11.2,0
2016-02-21,11.2,0.0,33.1,2.6,8.1,1
2016-02-22,8.1,1.7,28.4,2.82,3.8,0
2016-02-23,3.8,0.5,12.4,9.1,2.5,0
2016-02-24,2.5,0.0,9.0,8.14,0.8,0
2016-02-25,0.8,0.0,12.7,6.92,2.4,0
2016-02-26,2.4,0.0,13.2,7.14,2.9,0
2016-02-27,2.9,0.0,25.5,5.18,4.2,0
2016-02-28,4.2,0.0,27.3,6.31,3.3,0
2016-02-29,3.3,0.0,14.4,9.54,7.6,1
2016-03-01,7.6,3.3,27.8,1.75,5.2,1
2016-03-02,5.2,4.5,36.8,8.43,5.5,0
2016-03-03,5.5,0.6,32.6,8.77,4.2,1
2016-03-04,4.2,5.3,25.4,11.97,1.9,1
2016-03-05,1.9,2.1,23.2,8.39,2.3,0
2016-03-06,2.3,0.6,19.0,9.87,1.6,0
2016-03-07,1.6,0.1,22.1,11.49,2.4,0
2016-03-08,2.4,0.0,21.6,5.79,7.2,1
2016-03-09,7.2,14.7,31.9,4.93,6.2,0
2016-03-10,6.2,0.4,13.4,5.43,2.7,0
2016-03-11,2.7,0.0,8.1,8.29,4.8,0
2016-03-12,4.8,0.0,7.9,9.71,3.7,0
2016-03-13,3.7,0.0,18.0,12.76,4.6,0
2016-03-14,4.6,0.0,24.4,12.66,5.4,0
2016-03-15,5.4,0.0,18.9,6.3,6.1,0
2016-03-16,6.1,0.0,24.6,7.57,5.6,0
2016-03-17,5.6,0.0,17.1,15.27,3.8,0
2016-03-18,3.8,0.0,16.9,5.76,5.7,0
2016-03-19,5.7,0.0,20.2,6.38,6.0,0
2016-03-20,6.0,0.0,16.0,6.13,7.2,0
2016-03-21,7.2,0.0,16.4,10.49,6.9,0
2016-03-22,6.9,0.0,8.0,14.02,7.4,0
2016-03-23,7.4,0.0,7.3,7.43,7.3,1
2016-03-24,7.3,5.1,21.5,5.36,9.3,1
2016-03-25,9.3,3.5,19.5,13.56,8.7,1
2016-03-26,8.7,4.0,39.3,3.55,7.7,1
2016-03-27,7.7,2.9,34.8,13.95,7.9,1
2016-03-28,7.9,12.4,48.0,13.26,6.8,1
2016-03-29,6.8,3.4,26.9,15.18,7.4,0
2016-03-30,7.4,0.9,20.5,14.28,6.9,0
2016-03-31,6.9,0.0,13.0,16.56,6.6,0
2016-04-01,6.6,0.0,21.0,14.96,9.0,1
2016-04-02,9.0,3.0,16.9,16.1,10.6,1
2016-04-03,10.6,4.5,15.1,13.85,9.7,1
2016-04-04,9.7,2.0,21.4,14.65,9.6,0
2016-04-05,9.6,0.7,17.3,16.35,7.7,1
2016-04-06,7.7,1.5,32.1,12.34,6.5,1
2016-04-07,6.5,4.1,26.3,13.02,7.5,0
2016-04-08,7.5,0.0,12.8,10.46,7.3,1
2016-04-09,7.3,3.3,20.5,12.9,6.5,0
2016-04-10,6.5,0.0,25.3,16.53,10.7,1
2016-04-11,10.7,3.2,15.8,10.71,10.0,0
2016-04-12,10.0,0.6,12.4,18.22,9.8,1
2016-04-13,9.8,1.2,8.9,19.8,10.2,1
2016-04-14,10.2,3.4,13.4,18.17,9.4,1
2016-04-15,9.4,13.0,16.3,7.73,6.1,1
2016-04-16,6.1,2.3,15.1,14.7,5.5,1
2016-04-17,5.5,1.1,10.2,20.29,7.4,0
2016-04-18,7.4,0.0,19.1,12.65,9.6,0
2016-04-19,9.6,0.0,13.7,19.68,7.4,0
2016-04-20,7.4,0.0,21.7,23.14,9.3,0
2016-04-21,9.3,0.0,22.3,17.81,7.8,1
2016-04-22,7.8,4.1,22.2,6.55,6.4,0
2016-04-23,6.4,0.4,21.3,17.17,5.9,0
2016-04-24,5.9,0.6,21.1,15.58,7.2,1
2016-04-25,7.2,1.9,24.0,14.59,4.9,0
2016-04-26,4.9,0.6,25.2,22.08,5.4,1
2016-04-27,5.4,1.4,16.2,21.58,6.0,0
2016-04-28,6.0,0.0,25.7,18.82,7.6,0
2016-04-29,7.6,0.5,26.4,22.08,6.7,0
2016-04-30,6.7,0.2,14.8,23.61,8.3,0
2016-05-01,8.3,0.0,18.3,21.96,11.2,1
2016-05-02,11.2,1.2,31.1,9.8,9.2,0
2016-05-03,9.2,0.0,16.4,18.26,10.0,0
2016-05-04,10.0,0.0,14.6,25.51,11.7,0
2016-05-05,11.7,0.0,15.5,25.49,13.8,0
2016-05-06,13.8,0.0,12.1,22.89,16.0,0
2016-05-07,16.0,0.1,17.5,18.63,17.7,0
2016-05-08,17.7,0.0,18.2,25.27,17.8,1
2016-05-09,17.8,2.1,20.9,21.66,15.4,1
2016-05-10,15.4,6.7,16.6,6.96,15.3,1
2016-05-11,15.3,8.7,11.9,10.77,16.5,1
2016-05-12,16.5,1.1,21.1,23.81,13.1,0
2016-05-13,13.1,0.2,26.9,22.63,9.1,0
2016-05-14,9.1,0.0,18.9,15.42,10.4,0
2016-05-15,10.4,0.0,14.6,21.81,11.8,0
2016-05-16,11.8,0.0,13.4,18.92,11.8,0
2016-05-17,11.8,0.0,20.7,16.92,11.9,1
2016-05-18,11.9,11.1,23.6,11.4,12.9,1
2016-05-19,12.9,1.9,21.0,14.72,14.0,0
2016-05-20,14.0,0.4,20.8,15.03,14.3,0
2016-05-21,14.3,0.8,28.6,14.15,13.8,1
2016-05-22,13.8,1.6,12.1,18.21,13.2,0
2016-05-23,13.2,0.1,18.6,23.59,11.4,0
2016-05-24,11.4,0.0,19.7,19.18,10.3,0
2016-05-25,10.3,0.5,16.2,9.51,13.2,0
2016-05-26,13.2,0.0,11.6,22.76,14.1,0
2016-05-27,14.1,0.0,13.8,24.69,14.5,0
2016-05-28,14.5,0.0,15.3,24.42,13.8,0
2016-05-29,13.8,0.1,21.7,19.79,13.7,0
2016-05-30,13.7,0.0,29.9,12.42,11.5,1
2016-05-31,11.5,11.4,31.7,2.77,12.5,0
2016-06-01,12.5,0.5,25.3,6.81,11.7,0
2016-06-02,11.7,0.2,27.5,16.29,11.5,0
2016-06-03,11.5,0.0,17.5,10.21,15.5,0
2016-06-04,15.5,0.0,12.6,10.4,16.6,0
2016-06-05,16.6,0.0,14.8,25.65,15.9,0
2016-06-06,15.9,0.0,14.5,28.27,16.8,1
2016-06-07,16.8,17.5,9.4,19.43,18.7,1
2016-06-08,18.7,1.6,11.1,22.13,16.1,0
2016-06-09,16.1,0.0,10.4,26.37,16.3,0
2016-06-10,16.3,0.2,8.4,16.51,17.5,1
2016-06-11,17.5,2.0,7.6,17.15,15.5,1
2016-06-12,15.5,5.1,16.5,9.28,15.6,1
2016-06-13,15.6,4.4,17.9,13.27,14.8,1
2016-06-14,14.8,8.1,20.6,12.5,14.6,1
2016-06-15,14.6,3.6,21.5,21.05,14.5,1
2016-06-16,14.5,8.5,12.9,14.49,14.4,1
2016-06-17,14.4,5.7,12.2,15.05,14.3,0
2016-06-18,14.3,0.2,14.8,14.63,15.0,1
2016-06-19,15.0,1.9,22.4,16.03,16.0,1
2016-06-20,16.0,15.7,25.5,7.49,16.6,0
2016-06-21,16.6,0.0,15.6,16.46,17.2,0
2016-06-22,17.2,0.5,19.3,8.01,18.8,1
2016-06-23,18.8,22.0,12.0,9.9,16.5,1
2016-06-24,16.5,1.4,23.2,19.56,14.7,1
2016-06-25,14.7,5.1,13.3,23.07,15.2,1
2016-06-26,15.2,2.2,19.2,20.0,16.5,0
2016-06-27,16.5,1.0,17.1,16.73,14.9,1
2016-06-28,14.9,2.9,20.8,18.53,14.4,0
2016-06-29,14.4,0.6,32.8,10.15,16.5,1
2016-06-30,16.5,1.6,22.4,19.68,15.9,0
2016-07-01,15.9,0.8,26.0,13.2,14.2,1
2016-07-02,14.2,1.5,25.0,23.3,15.2,0
2016-07-03,15.2,0.0,15.3,21.24,16.1,0
2016-07-04,16.1,0.1,21.4,17.45,16.9,0
2016-07-05,16.9,0.2,21.7,15.59,15.7,0
2016-07-06,15.7,0.0,10.3,20.04,16.6,0
2016-07-07,16.6,0.3,14.2,14.94,17.8,0
2016-07-08,17.8,0.1,26.6,18.29,17.7,0
2016-07-09,17.7,0.0,29.5,16.33,17.5,0
2016-07-10,17.5,0.2,27.1,12.05,17.4,1
2016-07-11,17.4,3.9,31.0,19.58,15.0,1
2016-07-12,15.0,6.1,15.6,19.26,14.8,1
2016-07-13,14.8,2.4,15.0,22.54,15.0,0
2016-07-14,15.0,0.0,16.8,18.11,15.7,0
2016-07-15,15.7,0.0,20.0,13.78,19.8,0
2016-07-16,19.8,0.0,19.9,14.68,20.4,1
2016-07-17,20.4,1.5,18.0,18.37,20.9,0
2016-07-18,20.9,0.0,10.0,27.07,23.0,0
2016-07-19,23.0,0.0,16.8,27.61,23.8,0
2016-07-20,23.8,0.2,23.7,24.78,19.4,0
2016-07-21,19.4,0.1,14.5,16.14,20.0,0
2016-07-22,20.0,0.3,6.0,17.72,20.7,0
2016-07-23,20.7,0.1,13.4,20.92,19.0,0
2016-07-24,19.0,0.4,19.3,15.09,18.8,0
2016-07-25,18.8,0.0,17.3,15.7,17.8,0
2016-07-26,17.8,0.0,15.4,15.54,18.7,1
2016-07-27,18.7,1.7,21.0,9.56,18.1,0
2016-07-28,18.1,0.7,20.6,16.65,18.5,1
2016-07-29,18.5,1.7,18.7,14.48,18.3,0
2016-07-30,18.3,0.0,9.9,17.04,17.3,0
2016-07-31,17.3,0.3,14.3,17.95,15.2,1
2016-08-01,15.2,8.8,16.2,10.21,17.6,1
2016-08-02,17.6,12.3,21.8,2.66,19.2,0
2016-08-03,19.2,0.0,28.0,15.44,17.7,0
2016-08-04,17.7,0.4,25.4,17.29,17.6,0
2016-08-05,17.6,0.1,14.0,20.42,18.4,0
2016-08-06,18.4,0.0,16.1,21.84,19.5,0
2016-08-07,19.5,0.0,25.0,17.22,16.8,0
2016-08-08,16.8,0.0,22.2,17.85,14.9,0
2016-08-09,14.9,0.0,17.0,17.98,14.7,0
2016-08-10,14.7,0.1,16.6,15.27,17.1,0
2016-08-11,17.1,0.8,22.3,9.92,19.5,0
2016-08-12,19.5,0.0,20.1,23.88,18.6,0
2016-08-13,18.6,0.1,20.3,14.77,18.3,0
2016-08-14,18.3,0.0,10.0,16.89,17.0,0
2016-08-15,17.0,0.0,14.3,23.78,16.9,0
2016-08-16,16.9,0.0,15.6,16.99,18.0,0
2016-08-17,18.0,0.0,14.4,20.9,18.1,1
2016-08-18,18.1,1.5,11.7,15.0,17.2,1
2016-08-19,17.2,2.2,21.0,5.06,16.7,1
2016-08-20,16.7,1.4,36.3,14.99,17.4,1
2016-08-21,17.4,3.7,25.5,13.85,19.0,0
2016-08-22,19.0,1.0,23.6,12.37,20.8,0
2016-08-23,20.8,0.0,18.5,21.62,23.7,0
2016-08-24,23.7,0.8,14.0,20.31,23.1,0
2016-08-25,23.1,1.0,17.1,17.55,20.8,0
2016-08-26,20.8,0.3,10.9,21.02,19.1,1
2016-08-27,19.1,8.3,18.4,10.79,18.2,1
2016-08-28,18.2,1.5,20.2,11.6,18.1,0
2016-08-29,18.1,0.4,9.6,13.85,18.6,0
2016-08-30,18.6,0.0,10.9,20.12,17.4,0
2016-08-31,17.4,0.0,17.1,13.59,17.4,0
2016-09-01,17.4,0.0,13.2,16.91,17.1,1
2016-09-02,17.1,1.3,20.3,7.54,16.8,1
2016-09-03,16.8,2.8,29.4,10.61,17.9,0
2016-09-04,17.9,0.6,27.2,9.36,17.8,1
2016-09-05,17.8,2.4,12.8,4.38,20.8,0
2016-09-06,20.8,0.1,10.0,6.31,20.7,0
2016-09-07,20.7,0.0,12.8,9.67,18.6,0
2016-09-08,18.6,0.0,23.6,16.99,18.4,0
2016-09-09,18.4,0.2,28.8,9.37,17.6,1
2016-09-10,17.6,7.5,25.6,1.83,15.7,0
2016-09-11,15.7,0.0,13.0,17.7,18.4,0
2016-09-12,18.4,0.0,21.0,15.09,23.2,0
2016-09-13,23.2,0.0,16.6,16.57,22.1,0
2016-09-14,22.1,0.0,14.6,16.43,20.5,1
2016-09-15,20.5,2.0,14.2,14.67,16.5,1
2016-09-16,16.5,17.7,22.8,3.73,15.1,0
2016-09-17,15.1,0.2,26.8,4.19,16.5,0
2016-09-18,16.5,0.0,12.1,9.17,16.6,1
2016-09-19,16.6,1.6,9.4,6.56,15.9,0
2016-09-20,15.9,0.0,11.1,5.09,16.5,0
2016-09-21,16.5,0.0,14.0,12.92,15.9,0
2016-09-22,15.9,0.4,15.6,9.07,13.2,0
2016-09-23,13.2,0.0,12.8,14.46,17.0,0
2016-09-24,17.0,0.0,24.6,12.57,16.6,0
2016-09-25,16.6,0.0,24.3,11.89,13.4,0
2016-09-26,13.4,0.7,17.9,7.91,15.9,0
2016-09-27,15.9,0.0,24.0,3.74,16.5,0
2016-09-28,16.5,0.0,23.7,11.72,16.7,0
2016-09-29,16.7,0.1,25.8,7.92,13.9,0
2016-09-30,13.9,0.3,19.3,10.68,11.7,1
2016-10-01,11.7,3.2,14.2,7.46,11.5,0
2016-10-02,11.5,0.0,19.2,9.87,11.2,0
2016-10-03,11.2,0.0,9.8,12.24,13.6,0
2016-10-04,13.6,0.0,22.7,10.69,12.9,0
2016-10-05,12.9,0.0,28.0,11.21,11.9,0
2016-10-06,11.9,0.0,22.7,4.85,12.6,0
2016-10-07,12.6,0.1,18.0,5.99,12.0,0
2016-10-08,12.0,0.6,14.2,4.19,10.8,0
2016-10-09,10.8,0.4,17.6,9.6,9.1,0
2016-10-10,9.1,0.0,15.2,9.75,9.7,0
2016-10-11,9.7,0.0,11.9,8.51,10.9,0
2016-10-12,10.9,0.3,19.6,7.43,10.3,0
2016-10-13,10.3,0.5,23.2,7.73,11.3,0
2016-10-14,11.3,0.0,15.5,6.81,12.4,1
2016-10-15,12.4,1.6,16.8,7.32,12.7,1
2016-10-16,12.7,7.5,26.9,5.98,12.7,0
2016-10-17,12.7,0.7,20.4,8.23,10.8,0
2016-10-18,10.8,0.7,23.7,6.85,10.7,0
2016-10-19,10.7,0.0,20.1,7.94,10.7,0
2016-10-20,10.7,0.1,21.3,6.1,9.5,0
2016-10-21,9.5,0.0,18.0,6.09,9.0,0
2016-10-22,9.0,0.0,12.1,7.16,9.4,0
2016-10-23,9.4,0.0,23.9,7.07,10.5,1
2016-10-24,10.5,2.7,16.9,1.74,10.4,0
2016-10-25,10.4,0.1,7.8,5.9,11.0,0
2016-10-26,11.0,0.1,17.4,4.47,10.2,0
2016-10-27,10.2,0.0,18.5,5.05,13.0,0
2016-10-28,13.0,0.0,18.5,4.85,13.7,0
2016-10-29,13.7,0.0,7.2,3.05,12.1,0
2016-10-30,12.1,0.0,11.3,3.8,11.4,0
2016-10-31,11.4,0.0,8.4,7.42,9.8,0
2016-11-01,9.8,0.0,18.0,2.6,6.1,0
2016-11-02,6.1,0.0,12.7,7.55,5.8,0
2016-11-03,5.8,0.0,13.4,6.04,7.5,1
2016-11-04,7.5,5.7,11.5,2.57,4.8,0
2016-11-05,4.8,0.0,24.8,4.5,4.3,0
2016-11-06,4.3,0.6,25.6,5.58,5.8,0
2016-11-07,5.8,0.0,29.3,5.68,2.8,0
2016-11-08,2.8,0.6,12.1,6.02,6.3,1
2016-11-09,6.3,13.1,23.1,2.02,6.8,0
2016-11-10,6.8,0.2,21.1,5.23,5.2,0
2016-11-11,5.2,0.0,18.5,6.43,8.3,1
2016-11-12,8.3,10.1,22.7,0.51,7.0,0
2016-11-13,7.0,0.0,15.8,5.54,8.9,1
2016-11-14,8.9,1.6,19.1,1.96,12.6,0
2016-11-15,12.6,0.2,14.7,1.13,11.7,0
2016-11-16,11.7,0.3,24.9,3.35,8.8,0
2016-11-17,8.8,0.3,33.7,3.71,5.0,0
2016-11-18,5.0,0.0,23.3,4.69,4.1,1
2016-11-19,4.1,1.5,16.3,5.0,6.8,1
2016-11-20,6.8,15.5,31.7,1.27,9.0,1
2016-11-21,9.0,13.6,28.3,1.31,9.3,1
2016-11-22,9.3,1.8,30.0,3.38,7.2,0
2016-11-23,7.2,0.0,23.2,3.07,8.8,0
2016-11-24,8.8,0.0,29.2,3.52,7.1,0
2016-11-25,7.1,0.0,25.1,4.78,5.2,0
2016-11-26,5.2,0.0,14.3,4.19,6.4,0
2016-11-27,6.4,0.0,19.6,2.39,5.3,0
2016-11-28,5.3,0.0,17.7,4.6,0.6,0
2016-11-29,0.6,0.0,10.6,4.67,-0.6,0
2016-11-30,-0.6,0.0,8.7,4.44,1.0,0
2016-12-01,1.0,0.0,10.2,2.64,3.0,0
2016-12-02,3.0,0.0,9.2,2.28,4.4,0
2016-12-03,4.4,0.0,17.2,3.31,2.4,0
2016-12-04,2.4,0.0,18.1,4.35,1.6,0
2016-12-05,1.6,0.0,10.0,3.92,6.1,0
2016-12-06,6.1,0.0,11.8,1.88,10.0,0
2016-12-07,10.0,0.0,20.5,3.29,11.1,0
2016-12-08,11.1,0.4,21.6,0.95,11.4,0
2016-12-09,11.4,0.0,19.2,2.69,11.3,1
2016-12-10,11.3,5.4,26.0,0.57,6.4,0
2016-12-11,6.4,0.0,15.4,3.51,6.5,1
2016-12-12,6.5,1.4,16.4,0.93,10.3,0
2016-12-13,10.3,0.0,17.3,0.68,8.9,0
2016-12-14,8.9,0.0,15.5,3.57,7.1,0
2016-12-15,7.1,0.0,15.5,1.27,8.4,0
2016-12-16,8.4,0.0,11.4,1.53,7.2,0
2016-12-17,7.2,0.0,7.2,1.42,7.0,0
2016-12-18,7.0,0.1,6.1,1.36,5.5,0
2016-12-19,5.5,0.0,10.1,0.36,4.1,0
2016-12-20,4.1,0.0,17.7,2.67,8.6,0
2016-12-21,8.6,0.4,25.1,0.67,5.7,0
2016-12-22,5.7,0.0,15.8,3.74,7.8,0
2016-12-23,7.8,1.0,35.3,1.34,7.3,0
2016-12-24,7.3,0.0,26.3,2.78,10.3,0
2016-12-25,10.3,0.0,28.5,1.08,7.3,0
2016-12-26,7.3,0.2,25.6,3.7,1.7,0
2016-12-27,1.7,0.0,11.9,3.73,1.9,0
2016-12-28,1.9,0.0,11.8,2.61,1.1,0
2016-12-29,1.1,0.0,11.4,3.87,1.9,0
2016-12-30,1.9,0.0,9.7,1.32,6.3,0
2016-12-31,6.3,0.0,14.8,0.72,5.9,1
2017-01-01,5.9,9.6,25.9,0.55,1.6,0
2017-01-02,1.6,0.3,17.2,3.93,0.7,0
2017-01-03,0.7,0.0,18.8,3.62,4.2,0
2017-01-04,4.2,0.0,19.0,1.69,0.2,0
2017-01-05,0.2,0.0,12.2,4.04,1.8,1
2017-01-06,1.8,2.4,16.9,2.1,6.2,1
2017-01-07,6.2,5.4,18.7,1.03,6.7,1
2017-01-08,6.7,1.5,7.4,1.8,7.7,1
2017-01-09,7.7,2.5,26.8,1.35,5.5,0
2017-01-10,5.5,0.2,18.6,3.39,7.5,0
2017-01-11,7.5,0.0,25.4,3.14,4.4,1
2017-01-12,4.4,17.8,34.1,0.95,1.8,1
2017-01-13,1.8,1.1,33.4,2.84,1.5,1
2017-01-14,1.5,2.0,19.5,3.01,4.7,1
2017-01-15,4.7,8.1,19.5,0.4,4.0,1
2017-01-16,4.0,2.4,9.5,0.97,0.8,0
2017-01-17,0.8,0.0,10.3,4.8,-1.3,0
2017-01-18,-1.3,0.0,10.8,4.86,0.2,0
2017-01-19,0.2,0.0,12.2,4.46,0.4,0
2017-01-20,0.4,0.0,16.5,5.16,-1.0,0
2017-01-21,-1.0,0.0,13.4,5.39,-0.5,0
2017-01-22,-0.5,0.0,10.5,5.28,-0.8,0
2017-01-23,-0.8,0.0,9.7,2.98,1.3,0
2017-01-24,1.3,0.0,11.8,4.23,1.0,0
2017-01-25,1.0,0.0,9.8,2.44,-1.1,0
2017-01-26,-1.1,0.0,15.9,4.18,1.5,0
2017-01-27,1.5,0.0,19.5,5.08,5.6,0
2017-01-28,5.6,0.5,23.3,4.58,5.1,1
2017-01-29,5.1,10.0,30.7,2.07,7.2,0
2017-01-30,7.2,0.6,25.8,1.7,6.6,1
2017-01-31,6.6,3.2,17.7,1.2,9.8,1
2017-02-01,9.8,3.7,20.9,1.58,10.0,1
2017-02-02,10.0,1.4,29.5,2.5,8.0,1
2017-02-03,8.0,2.3,32.4,4.74,4.2,1
2017-02-04,4.2,2.9,21.7,4.5,4.3,1
2017-02-05,4.3,3.3,18.9,3.33,3.7,1
2017-02-06,3.7,3.2,17.4,4.95,6.1,1
2017-02-07,6.1,1.3,16.6,5.73,3.2,0
2017-02-08,3.2,0.2,12.9,4.32,1.8,0
2017-02-09,1.8,0.0,18.1,2.46,1.4,0
2017-02-10,1.4,0.3,18.7,2.79,1.5,0
2017-02-11,1.5,1.0,19.9,3.64,3.0,0
2017-02-12,3.0,0.7,23.5,3.7,5.2,0
2017-02-13,5.2,0.0,30.0,8.52,6.3,0
2017-02-14,6.3,0.0,16.8,6.28,8.0,1
2017-02-15,8.0,2.2,21.7,4.01,7.2,0
2017-02-16,7.2,0.5,18.7,7.56,7.5,0
2017-02-17,7.5,0.1,13.9,5.09,6.8,0
2017-02-18,6.8,0.0,16.4,7.07,7.2,0
2017-02-19,7.2,0.0,17.1,3.6,11.6,0
2017-02-20,11.6,0.0,26.8,5.18,11.0,0
2017-02-21,11.0,1.0,27.5,2.21,11.6,0
2017-02-22,11.6,0.5,32.9,2.33,9.3,1
2017-02-23,9.3,1.9,53.4,8.21,5.2,0
2017-02-24,5.2,0.0,22.4,7.11,8.1,1
2017-02-25,8.1,1.8,36.2,2.96,10.3,0
2017-02-26,10.3,0.6,35.0,4.47,7.2,1
2017-02-27,7.2,11.2,29.2,4.66,3.9,1
2017-02-28,3.9,3.7,29.1,8.74,6.1,0
2017-03-01,6.1,0.6,31.7,4.19,6.8,0
2017-03-02,6.8,0.0,41.1,10.32,7.7,1
2017-03-03,7.7,4.4,23.1,3.4,7.9,0
2017-03-04,7.9,1.0,25.3,7.67,6.5,1
2017-03-05,6.5,6.7,34.8,6.28,6.2,0
2017-03-06,6.2,0.6,27.0,9.83,6.2,1
2017-03-07,6.2,1.2,15.3,6.58,10.2,1
2017-03-08,10.2,5.8,25.2,4.71,11.1,0
2017-03-09,11.1,0.0,23.3,10.96,8.6,0
2017-03-10,8.6,0.1,14.8,3.2,11.3,0
2017-03-11,11.3,0.0,13.6,7.78,10.0,1
2017-03-12,10.0,2.0,16.9,6.59,9.9,0
2017-03-13,9.9,0.0,16.7,13.42,10.4,0
2017-03-14,10.4,0.0,18.5,7.36,10.6,0
2017-03-15,10.6,0.0,10.2,13.29,9.2,0
2017-03-16,9.2,0.0,21.9,8.69,7.9,0
2017-03-17,7.9,0.7,33.0,9.39,11.9,0
2017-03-18,11.9,0.8,33.2,5.63,12.3,0
2017-03-19,12.3,0.0,36.1,7.5,10.3,1
2017-03-20,10.3,4.5,35.5,3.23,6.7,0
2017-03-21,6.7,0.5,26.3,15.22,6.3,1
2017-03-22,6.3,3.2,31.1,6.03,7.5,1
2017-03-23,7.5,6.4,33.2,7.6,8.0,0
2017-03-24,8.0,0.0,29.0,7.58,8.2,0
2017-03-25,8.2,0.0,29.8,17.26,8.7,0
2017-03-26,8.7,0.0,25.3,16.11,8.7,0
2017-03-27,8.7,0.0,14.7,17.29,9.8,0
2017-03-28,9.8,0.0,25.4,13.56,12.5,0
2017-03-29,12.5,0.7,27.5,6.27,14.4,1
2017-03-30,14.4,1.7,20.0,15.85,12.7,0
2017-03-31,12.7,0.0,29.8,12.42,10.6,0
2017-04-01,10.6,0.0,24.1,11.72,9.6,0
2017-04-02,9.6,0.1,10.3,13.55,9.7,0
2017-04-03,9.7,0.0,19.6,17.05,10.9,1
2017-04-04,10.9,1.1,20.7,5.51,9.9,0
2017-04-05,9.9,0.0,14.9,16.59,10.5,0
2017-04-06,10.5,0.0,9.8,17.31,10.1,0
2017-04-07,10.1,0.0,10.2,18.85,11.0,0
2017-04-08,11.0,0.0,10.8,20.29,13.4,0
2017-04-09,13.4,0.0,20.8,20.75,10.2,0
2017-04-10,10.2,0.0,20.0,15.66,9.8,0
2017-04-11,9.8,0.0,18.7,18.57,10.3,0
2017-04-12,10.3,0.0,26.2,16.87,9.7,0
2017-04-13,9.7,0.0,14.3,14.04,10.5,0
2017-04-14,10.5,0.0,21.4,11.65,10.2,0
2017-04-15,10.2,0.7,22.7,15.72,9.4,0
2017-04-16,9.4,0.0,22.7,11.01,9.3,0
2017-04-17,9.3,0.0,17.1,9.69,7.4,0
2017-04-18,7.4,0.0,24.5,16.48,6.9,0
2017-04-19,6.9,0.0,11.9,16.43,9.2,0
2017-04-20,9.2,0.0,15.9,9.36,11.4,0
2017-04-21,11.4,0.0,18.5,11.13,10.3,0
2017-04-22,10.3,0.6,12.4,9.7,10.2,0
2017-04-23,10.2,0.6,13.0,11.17,9.4,0
2017-04-24,9.4,0.9,20.4,12.84,5.7,0
2017-04-25,5.7,0.7,20.4,23.19,5.6,1
2017-04-26,5.6,2.3,25.2,18.07,5.9,0
2017-04-27,5.9,1.0,19.9,13.05,9.2,1
2017-04-28,9.2,1.9,12.3,13.58,10.9,0
2017-04-29,10.9,0.1,20.8,14.41,12.4,1
2017-04-30,12.4,1.5,25.3,16.01,10.3,1
2017-05-01,10.3,5.8,22.6,15.34,11.1,1
2017-05-02,11.1,1.2,17.6,17.13,9.0,0
2017-05-03,9.0,0.7,26.2,6.93,10.8,0
2017-05-04,10.8,0.2,24.4,10.34,10.9,0
2017-05-05,10.9,0.0,33.2,18.15,11.7,0
2017-05-06,11.7,0.2,26.0,12.9,11.1,0
2017-05-07,11.1,0.4,18.6,11.69,9.4,0
2017-05-08,9.4,0.0,22.1,9.53,9.2,0
2017-05-09,9.2,0.0,14.4,14.5,10.4,0
2017-05-10,10.4,0.0,18.0,25.59,13.3,0
2017-05-11,13.3,0.2,17.3,20.98,14.2,1
2017-05-12,14.2,5.1,26.0,16.98,13.2,1
2017-05-13,13.2,1.1,25.2,16.82,14.0,1
2017-05-14,14.0,1.1,23.2,20.07,13.7,1
2017-05-15,13.7,1.1,27.2,6.4,17.9,1
2017-05-16,17.9,1.7,29.8,18.46,15.5,1
2017-05-17,15.5,26.3,14.8,5.76,12.5,1
2017-05-18,12.5,10.2,10.8,10.81,11.2,1
2017-05-19,11.2,9.7,14.8,13.28,11.5,1
2017-05-20,11.5,1.8,28.5,20.98,13.6,0
2017-05-21,13.6,0.0,16.2,20.58,16.4,0
2017-05-22,16.4,0.0,17.0,23.7,15.8,0
2017-05-23,15.8,0.0,15.1,12.81,18.0,0
2017-05-24,18.0,0.0,10.5,20.0,18.2,0
2017-05-25,18.2,0.0,19.1,26.27,18.8,0
2017-05-26,18.8,0.0,22.4,27.87,18.2,0
2017-05-27,18.2,0.8,29.6,24.38,17.4,0
2017-05-28,17.4,0.3,11.5,22.61,17.3,1
2017-05-29,17.3,5.6,21.1,12.36,16.9,0
2017-05-30,16.9,0.4,23.6,15.43,16.8,0
2017-05-31,16.8,0.9,10.8,17.38,17.0,0
2017-06-01,17.0,0.0,12.1,21.48,17.2,1
2017-06-02,17.2,3.2,10.6,16.8,16.5,0
2017-06-03,16.5,0.3,23.6,24.53,14.1,0
2017-06-04,14.1,0.9,25.3,16.95,14.0,1
2017-06-05,14.0,7.7,35.8,12.37,12.8,1
2017-06-06,12.8,12.4,41.9,13.18,14.2,0
2017-06-07,14.2,0.4,33.7,20.52,15.3,1
2017-06-08,15.3,1.6,36.4,10.8,15.7,0
2017-06-09,15.7,0.7,27.4,20.54,17.3,0
2017-06-10,17.3,0.0,29.4,26.27,17.8,0
2017-06-11,17.8,0.1,31.3,21.12,15.1,0
2017-06-12,15.1,0.9,28.5,13.67,16.1,0
2017-06-13,16.1,0.0,10.1,18.87,18.7,0
2017-06-14,18.7,0.0,14.9,27.62,17.8,0
2017-06-15,17.8,0.0,29.3,24.92,17.1,0
2017-06-16,17.1,0.0,18.6,21.2,20.9,0
2017-06-17,20.9,0.0,14.5,21.88,22.9,0
2017-06-18,22.9,0.0,9.4,22.65,23.3,0
2017-06-19,23.3,0.0,14.7,28.55,22.1,0
2017-06-20,22.1,0.0,19.1,25.81,23.6,0
2017-06-21,23.6,0.0,15.5,26.86,21.2,1
2017-06-22,21.2,1.3,27.6,19.43,18.5,0
2017-06-23,18.5,0.0,28.5,19.17,18.6,1
2017-06-24,18.6,3.1,27.7,9.55,18.2,1
2017-06-25,18.2,1.2,29.4,14.56,17.5,1
2017-06-26,17.5,1.7,15.8,27.71,17.0,1
2017-06-27,17.0,18.7,15.6,10.15,15.1,1
2017-06-28,15.1,8.9,18.1,9.15,14.3,0
2017-06-29,14.3,0.4,16.6,12.26,16.9,0
2017-06-30,16.9,0.3,16.4,18.23,17.4,0
2017-07-01,17.4,0.0,19.0,15.09,17.8,0
2017-07-02,17.8,0.4,18.8,26.23,17.6,0
2017-07-03,17.6,0.2,21.7,14.9,18.2,0
2017-07-04,18.2,0.1,12.9,15.89,19.9,0
2017-07-05,19.9,0.0,15.0,27.65,21.2,1
2017-07-06,21.2,5.0,17.9,21.34,21.7,0
2017-07-07,21.7,0.0,18.8,26.01,20.4,0
2017-07-08,20.4,0.0,13.7,23.93,20.7,0
2017-07-09,20.7,0.1,14.5,17.59,19.4,1
2017-07-10,19.4,1.3,19.5,20.68,16.2,1
2017-07-11,16.2,7.6,22.2,7.95,16.9,1
2017-07-12,16.9,5.4,27.4,21.62,16.4,0
2017-07-13,16.4,0.1,13.1,17.15,16.7,1
2017-07-14,16.7,1.3,20.4,13.54,17.1,1
2017-07-15,17.1,2.4,22.4,8.58,20.3,0
2017-07-16,20.3,0.7,16.9,13.41,19.3,0
2017-07-17,19.3,0.7,15.2,27.15,20.0,0
2017-07-18,20.0,0.5,27.5,25.35,20.1,1
2017-07-19,20.1,3.5,28.3,16.75,17.2,1
2017-07-20,17.2,2.3,25.8,11.66,17.4,1
2017-07-21,17.4,2.8,29.5,17.38,15.1,1
2017-07-22,15.1,13.4,22.7,14.56,15.0,1
2017-07-23,15.0,2.3,20.4,16.84,15.7,1
2017-07-24,15.7,2.8,27.7,6.49,16.8,0
2017-07-25,16.8,0.0,14.5,13.56,17.0,1
2017-07-26,17.0,1.5,25.9,5.12,16.7,1
2017-07-27,16.7,1.3,25.8,16.31,16.7,0
2017-07-28,16.7,0.6,33.1,10.89,17.0,1
2017-07-29,17.0,10.3,30.1,12.89,17.0,1
2017-07-30,17.0,7.2,27.8,18.72,16.6,0
2017-07-31,16.6,0.0,22.4,20.93,16.6,0
2017-08-01,16.6,0.5,23.9,18.89,16.6,1
2017-08-02,16.6,4.5,30.4,3.41,18.1,0
2017-08-03,18.1,0.5,39.8,15.6,17.4,0
2017-08-04,17.4,0.0,26.3,14.82,16.3,0
2017-08-05,16.3,0.5,19.1,19.48,15.5,0
2017-08-06,15.5,0.0,20.3,20.0,16.1,1
2017-08-07,16.1,3.4,17.5,11.87,15.2,1
2017-08-08,15.2,3.0,20.1,13.16,13.6,1
2017-08-09,13.6,14.2,26.3,4.58,14.8,0
2017-08-10,14.8,0.0,23.8,11.84,15.2,0
2017-08-11,15.2,0.0,23.8,20.0,17.7,0
2017-08-12,17.7,0.2,20.9,13.89,15.9,0
2017-08-13,15.9,0.0,11.3,22.24,16.6,0
2017-08-14,16.6,0.0,18.9,18.22,17.3,1
2017-08-15,17.3,2.3,16.2,17.95,15.5,0
2017-08-16,15.5,0.0,19.7,15.47,18.7,1
2017-08-17,18.7,4.5,25.3,14.2,16.2,1
2017-08-18,16.2,3.2,29.3,17.02,15.7,0
2017-08-19,15.7,0.0,27.5,17.66,15.6,1
2017-08-20,15.6,4.8,18.2,15.16,16.5,1
2017-08-21,16.5,4.2,15.5,5.82,18.3,0
2017-08-22,18.3,0.5,16.2,9.57,18.5,0
2017-08-23,18.5,0.2,21.0,11.29,16.6,0
2017-08-24,16.6,0.0,17.4,13.44,16.7,0
2017-08-25,16.7,0.0,13.8,17.94,18.2,0
2017-08-26,18.2,0.0,13.0,17.36,19.0,0
2017-08-27,19.0,0.0,9.1,19.9,19.9,0
2017-08-28,19.9,0.0,11.0,19.84,19.3,1
2017-08-29,19.3,1.3,17.6,14.25,13.9,1
2017-08-30,13.9,8.4,18.4,3.49,13.3,1
2017-08-31,13.3,7.4,22.0,15.42,14.7,0
2017-09-01,14.7,0.1,12.1,16.79,15.1,0
2017-09-02,15.1,0.4,12.3,16.75,14.7,1
2017-09-03,14.7,2.7,20.2,6.75,17.6,1
2017-09-04,17.6,4.7,17.8,7.05,17.5,1
2017-09-05,17.5,1.5,25.3,5.55,14.9,0
2017-09-06,14.9,0.2,21.8,12.38,15.3,0
2017-09-07,15.3,0.1,22.2,10.72,15.4,1
2017-09-08,15.4,5.4,23.1,6.0,13.1,0
2017-09-09,13.1,0.4,22.3,13.77,13.0,1
2017-09-10,13.0,1.6,34.7,7.69,14.0,1
2017-09-11,14.0,4.2,36.9,12.2,13.6,1
2017-09-12,13.6,2.5,38.3,13.31,14.4,1
2017-09-13,14.4,2.1,42.7,12.78,12.0,0
2017-09-14,12.0,0.5,28.5,12.13,11.0,1
2017-09-15,11.0,8.4,14.4,12.36,10.7,1
2017-09-16,10.7,3.6,13.0,10.91,11.2,1
2017-09-17,11.2,1.7,13.1,11.8,12.0,1
2017-09-18,12.0,2.2,17.7,10.3,11.4,1
2017-09-19,11.4,1.5,10.2,9.75,13.6,0
2017-09-20,13.6,0.6,20.1,7.92,14.8,1
2017-09-21,14.8,1.8,28.7,6.07,12.9,0
2017-09-22,12.9,0.6,17.7,13.02,14.6,0
2017-09-23,14.6,0.0,14.8,9.05,15.7,0
2017-09-24,15.7,0.2,17.6,12.92,15.0,1
2017-09-25,15.0,10.1,11.5,1.88,15.6,0
2017-09-26,15.6,0.2,12.3,8.48,15.7,1
2017-09-27,15.7,4.6,17.1,8.6,16.3,1
2017-09-28,16.3,3.8,16.0,10.48,16.4,1
2017-09-29,16.4,1.4,25.2,5.23,13.3,1
2017-09-30,13.3,1.2,19.4,8.66,16.1,1
2017-10-01,16.1,1.1,30.0,3.62,14.6,0
2017-10-02,14.6,0.5,29.2,9.5,12.0,0
2017-10-03,12.0,0.0,20.3,9.72,11.9,0
2017-10-04,11.9,0.0,27.6,6.07,13.8,0
2017-10-05,13.8,0.4,32.8,9.35,11.4,0
2017-10-06,11.4,0.0,18.3,11.03,13.3,0
2017-10-07,13.3,0.7,32.1,2.67,11.9,0
2017-10-08,11.9,0.2,12.2,5.31,13.1,0
2017-10-09,13.1,0.8,15.6,4.55,13.8,0
2017-10-10,13.8,0.1,25.1,5.21,15.2,0
2017-10-11,15.2,0.7,36.2,4.97,12.9,0
2017-10-12,12.9,0.0,20.3,8.67,15.4,0
2017-10-13,15.4,0.0,29.0,4.89,16.2,0
2017-10-14,16.2,0.0,22.6,4.92,15.5,0
2017-10-15,15.5,0.0,24.4,9.01,17.3,0
2017-10-16,17.3,0.0,34.4,9.2,12.6,0
2017-10-17,12.6,0.9,27.2,7.97,13.5,1
2017-10-18,13.5,1.5,15.6,2.11,15.1,1
2017-10-19,15.1,6.9,30.5,4.27,13.2,1
2017-10-20,13.2,3.9,36.4,4.96,13.5,1
2017-10-21,13.5,3.2,42.0,7.73,11.0,0
2017-10-22,11.0,0.0,32.1,6.1,12.9,0
2017-10-23,12.9,0.1,15.5,1.94,16.0,0
2017-10-24,16.0,0.0,29.7,4.26,14.2,0
2017-10-25,14.2,0.0,26.0,7.21,11.3,0
2017-10-26,11.3,0.7,9.0,1.2,10.7,0
2017-10-27,10.7,0.1,12.2,8.61,10.4,0
2017-10-28,10.4,0.0,24.5,5.44,11.8,0
2017-10-29,11.8,0.7,24.1,4.99,6.3,0
2017-10-30,6.3,0.0,11.2,7.24,8.9,1
2017-10-31,8.9,1.4,18.4,5.05,9.8,0
2017-11-01,9.8,0.0,11.6,5.45,8.3,0
2017-11-02,8.3,0.1,9.4,3.48,10.4,0
2017-11-03,10.4,0.0,11.5,5.66,10.9,1
2017-11-04,10.9,6.4,20.2,1.74,6.0,0
2017-11-05,6.0,0.1,22.6,6.31,4.9,0
2017-11-06,4.9,0.0,13.6,6.88,9.5,1
2017-11-07,9.5,2.7,19.3,1.4,6.5,1
2017-11-08,6.5,2.6,19.2,1.11,7.3,0
2017-11-09,7.3,0.3,12.6,2.46,9.2,0
2017-11-10,9.2,0.4,25.3,4.53,7.9,1
2017-11-11,7.9,8.2,13.9,0.88,6.4,1
2017-11-12,6.4,2.4,31.4,5.27,4.0,0
2017-11-13,4.0,0.0,20.8,5.04,8.0,0
2017-11-14,8.0,0.3,16.8,1.43,10.2,0
2017-11-15,10.2,0.0,11.4,2.42,10.2,0
2017-11-16,10.2,0.2,16.5,2.62,3.7,0
2017-11-17,3.7,0.0,10.1,5.82,5.3,1
2017-11-18,5.3,3.1,18.7,0.89,3.8,0
2017-11-19,3.8,0.0,11.3,5.23,9.9,0
2017-11-20,9.9,0.8,24.2,1.77,12.2,1
2017-11-21,12.2,1.9,29.0,2.73,13.7,0
2017-11-22,13.7,0.1,40.4,3.92,10.8,1
2017-11-23,10.8,2.3,44.1,4.96,5.1,0
2017-11-24,5.1,0.9,9.7,4.01,2.1,0
2017-11-25,2.1,0.0,23.3,4.74,3.7,0
2017-11-26,3.7,0.0,21.2,4.62,8.1,1
2017-11-27,8.1,4.1,32.0,2.12,3.9,0
2017-11-28,3.9,0.1,15.9,4.15,3.4,0
2017-11-29,3.4,0.0,23.6,2.37,0.9,0
2017-11-30,0.9,0.0,22.5,4.28,3.1,0
2017-12-01,3.1,0.0,25.6,3.86,3.4,0
2017-12-02,3.4,0.9,13.2,1.84,7.3,0
2017-12-03,7.3,0.6,12.1,1.48,5.9,0
2017-12-04,5.9,0.1,12.4,1.79,6.2,0
2017-12-05,6.2,0.0,14.5,3.38,8.6,0
2017-12-06,8.6,0.0,29.5,2.35,8.8,1
2017-12-07,8.8,5.5,35.9,0.5,2.4,0
2017-12-08,2.4,0.1,28.7,3.41,0.2,0
2017-12-09,0.2,0.0,19.4,3.87,0.9,1
2017-12-10,0.9,22.4,21.4,0.46,1.3,1
2017-12-11,1.3,9.6,32.7,0.85,-1.2,0
2017-12-12,-1.2,0.8,18.6,4.01,6.1,1
2017-12-13,6.1,10.4,34.0,1.32,3.4,0
2017-12-14,3.4,0.2,32.9,3.59,3.3,0
2017-12-15,3.3,0.7,23.5,3.5,1.7,0
2017-12-16,1.7,1.0,15.1,2.98,3.2,1
2017-12-17,3.2,3.8,21.7,1.59,3.0,0
2017-12-18,3.0,0.0,17.8,3.7,2.3,0
2017-12-19,2.3,0.0,11.8,2.52,8.3,0
2017-12-20,8.3,0.0,11.0,1.09,9.9,0
2017-12-21,9.9,0.4,16.9,0.98,9.3,0
2017-12-22,9.3,0.7,12.7,1.27,9.2,0
2017-12-23,9.2,0.2,23.0,1.42,9.0,0
2017-12-24,9.0,0.0,26.6,1.25,9.7,0
2017-12-25,9.7,0.4,39.4,1.0,5.4,1
2017-12-26,5.4,15.7,37.5,3.12,3.4,1
2017-12-27,3.4,4.7,39.0,1.18,0.6,0
2017-12-28,0.6,0.0,16.7,3.97,4.2,1
2017-12-29,4.2,4.9,33.7,1.8,10.6,1
2017-12-30,10.6,3.3,36.6,2.59,10.3,1
2017-12-31,10.3,4.4,35.4,1.3,6.0,1
2018-01-01,6.0,2.3,30.7,1.54,6.7,1
2018-01-02,6.7,5.9,40.0,0.61,8.7,1
2018-01-03,8.7,3.6,43.4,3.58,8.2,1
2018-01-04,8.2,4.4,41.1,2.38,5.6,0
2018-01-05,5.6,0.4,29.0,3.73,2.9,0
2018-01-06,2.9,0.6,22.9,2.52,3.3,0
2018-01-07,3.3,0.0,33.7,3.77,3.9,0
2018-01-08,3.9,0.0,24.0,1.3,5.0,0
2018-01-09,5.0,0.0,11.4,1.29,7.0,0
2018-01-10,7.0,0.8,16.1,3.38,5.2,0
2018-01-11,5.2,0.0,14.0,0.94,5.8,0
2018-01-12,5.8,0.2,12.3,1.55,5.6,0
2018-01-13,5.6,0.1,18.7,1.88,3.5,0
2018-01-14,3.5,0.0,13.2,3.93,7.5,1
2018-01-15,7.5,9.3,37.0,0.9,5.2,0
2018-01-16,5.2,0.1,32.5,4.66,4.2,0
2018-01-17,4.2,0.3,33.5,4.99,7.0,1
2018-01-18,7.0,2.0,49.4,4.55,2.6,0
2018-01-19,2.6,0.0,25.3,4.82,2.6,1
2018-01-20,2.6,6.2,15.9,0.57,3.6,1
2018-01-21,3.6,8.9,21.3,0.53,7.6,0
2018-01-22,7.6,0.1,19.7,4.56,9.5,0
2018-01-23,9.5,0.2,29.2,1.0,9.8,1
2018-01-24,9.8,8.1,44.8,0.68,6.8,0
2018-01-25,6.8,0.0,23.3,5.14,3.9,0
2018-01-26,3.9,0.3,12.3,4.26,6.5,1
2018-01-27,6.5,1.2,30.4,1.31,10.7,0
2018-01-28,10.7,0.0,28.7,3.14,9.1,0
2018-01-29,9.1,0.3,32.2,1.35,3.2,0
2018-01-30,3.2,0.1,22.2,4.69,6.7,1
2018-01-31,6.7,2.7,33.0,3.94,4.0,0
2018-02-01,4.0,0.5,29.5,5.82,3.8,0
2018-02-02,3.8,0.0,26.9,4.84,2.4,1
2018-02-03,2.4,3.6,11.8,1.81,2.4,0
2018-02-04,2.4,0.0,25.7,5.59,0.8,0
2018-02-05,0.8,0.2,21.0,5.54,0.5,0
2018-02-06,0.5,0.0,20.3,6.48,1.4,0
2018-02-07,1.4,0.3,21.8,6.39,1.8,0
2018-02-08,1.8,0.0,24.0,3.66,4.5,1
2018-02-09,4.5,5.7,29.3,5.28,3.4,1
2018-02-10,3.4,3.6,31.4,2.11,4.9,0
2018-02-11,4.9,0.7,31.7,7.5,1.8,0
2018-02-12,1.8,0.1,17.8,7.89,3.7,1
2018-02-13,3.7,3.5,32.1,3.15,3.2,1
2018-02-14,3.2,5.8,31.7,3.37,7.3,0
2018-02-15,7.3,0.3,23.9,8.18,3.5,0
2018-02-16,3.5,0.0,15.8,9.15,4.2,0
2018-02-17,4.2,0.0,10.9,8.85,5.2,0
2018-02-18,5.2,0.0,13.8,5.45,7.6,1
2018-02-19,7.6,4.7,15.0,0.72,7.9,1
2018-02-20,7.9,2.2,30.3,5.06,4.3,0
2018-02-21,4.3,0.2,16.8,5.65,2.4,0
2018-02-22,2.4,0.0,21.4,6.17,2.1,0
2018-02-23,2.1,0.0,24.1,6.69,1.2,0
2018-02-24,1.2,0.0,26.5,11.32,0.7,0
2018-02-25,0.7,0.0,24.9,11.17,-0.4,0
2018-02-26,-0.4,0.1,27.5,8.17,-2.7,0
2018-02-27,-2.7,0.9,19.6,9.72,-3.4,0
2018-02-28,-3.4,0.7,31.5,10.61,-2.1,1
2018-03-01,-2.1,3.9,37.6,2.67,-0.7,1
2018-03-02,-0.7,5.3,37.5,2.32,2.2,1
2018-03-03,2.2,1.9,24.9,8.4,5.1,1
2018-03-04,5.1,1.3,20.1,7.02,6.6,0
2018-03-05,6.6,0.9,22.7,7.95,6.5,1
2018-03-06,6.5,1.3,17.5,6.39,4.8,1
2018-03-07,4.8,4.9,21.3,10.32,5.8,1
2018-03-08,5.8,5.0,36.9,11.71,5.7,1
2018-03-09,5.7,6.0,20.0,4.95,10.7,0
2018-03-10,10.7,1.0,25.9,6.08,8.0,1
2018-03-11,8.0,3.6,18.1,6.54,8.4,1
2018-03-12,8.4,9.6,20.4,3.37,7.0,1
2018-03-13,7.0,1.4,21.9,6.4,7.8,0
2018-03-14,7.8,0.0,29.0,10.65,9.1,1
2018-03-15,9.1,7.0,29.5,5.69,8.5,1
2018-03-16,8.5,1.2,19.8,10.81,1.6,1
2018-03-17,1.6,3.1,34.2,3.96,-0.1,1
2018-03-18,-0.1,5.0,34.0,5.3,0.6,0
2018-03-19,0.6,0.1,30.9,8.71,3.6,0
2018-03-20,3.6,0.0,29.5,9.08,3.8,0
2018-03-21,3.8,0.0,18.0,14.04,6.4,0
2018-03-22,6.4,0.0,20.4,9.31,8.0,0
2018-03-23,8.0,0.3,28.0,9.06,7.5,1
2018-03-24,7.5,2.3,11.3,4.45,7.6,0
2018-03-25,7.6,0.9,12.4,7.19,6.8,0
2018-03-26,6.8,0.2,13.6,11.91,8.1,1
2018-03-27,8.1,5.3,23.0,5.41,5.3,1
2018-03-28,5.3,11.2,20.4,5.74,4.5,1
2018-03-29,4.5,4.8,23.7,10.62,5.1,1
2018-03-30,5.1,8.7,30.4,4.93,5.4,1
2018-03-31,5.4,1.6,22.1,6.53,5.5,0
2018-04-01,5.5,0.9,21.6,7.61,8.2,1
2018-04-02,8.2,10.5,23.0,5.1,10.4,1
2018-04-03,10.4,3.4,30.3,9.3,9.6,1
2018-04-04,9.6,2.2,39.0,11.96,7.1,0
2018-04-05,7.1,0.0,25.3,19.64,9.1,0
2018-04-06,9.1,0.0,24.1,15.92,11.2,0
2018-04-07,11.2,0.6,23.2,9.89,9.8,1
2018-04-08,9.8,3.8,11.5,3.02,8.8,1
2018-04-09,8.8,5.4,17.3,3.01,10.3,1
2018-04-10,10.3,4.9,22.9,10.08,10.1,1
2018-04-11,10.1,1.8,14.0,8.94,9.3,1
2018-04-12,9.3,1.5,17.3,4.19,8.7,1
2018-04-13,8.7,1.1,12.8,6.26,10.9,0
2018-04-14,10.9,0.0,15.2,14.99,10.5,1
2018-04-15,10.5,1.2,21.6,8.56,10.6,0
2018-04-16,10.6,0.2,25.8,16.3,13.2,0
2018-04-17,13.2,0.0,30.4,18.94,16.1,0
2018-04-18,16.1,0.0,17.9,21.9,17.5,0
2018-04-19,17.5,0.0,13.4,22.47,16.8,0
2018-04-20,16.8,0.0,11.2,21.96,16.2,0
2018-04-21,16.2,0.0,14.5,20.34,16.1,1
2018-04-22,16.1,4.2,21.9,20.75,11.2,0
2018-04-23,11.2,0.0,23.6,15.91,12.2,0
2018-04-24,12.2,0.7,34.9,8.57,10.5,1
2018-04-25,10.5,1.4,30.9,18.09,9.7,0
2018-04-26,9.7,1.0,28.8,19.44,9.4,1
2018-04-27,9.4,12.1,20.0,6.21,8.6,1
2018-04-28,8.6,4.1,14.5,3.01,7.4,0
2018-04-29,7.4,0.5,28.5,5.21,6.3,1
2018-04-30,6.3,8.3,33.7,4.61,8.1,0
2018-05-01,8.1,0.0,28.7,21.12,9.3,1
2018-05-02,9.3,4.7,32.7,7.82,9.7,0
2018-05-03,9.7,0.0,13.6,16.67,13.3,0
2018-05-04,13.3,0.0,10.3,19.76,13.5,0
2018-05-05,13.5,0.0,12.2,25.72,14.5,0
2018-05-06,14.5,0.0,11.9,26.06,16.4,0
2018-05-07,16.4,0.0,12.7,26.28,16.5,0
2018-05-08,16.5,0.0,20.0,23.5,13.6,0
2018-05-09,13.6,0.0,20.6,22.62,12.3,1
2018-05-10,12.3,1.1,20.5,18.75,12.7,0
2018-05-11,12.7,0.0,24.3,20.37,12.2,1
2018-05-12,12.2,15.9,12.4,8.07,12.1,0
2018-05-13,12.1,0.7,12.2,13.38,13.5,0
2018-05-14,13.5,0.0,23.8,23.03,14.9,0
2018-05-15,14.9,0.0,20.4,25.87,12.5,0
2018-05-16,12.5,0.5,29.3,15.9,10.8,0
2018-05-17,10.8,0.0,19.6,25.97,10.7,0
2018-05-18,10.7,0.0,11.6,25.19,12.5,0
2018-05-19,12.5,0.0,14.9,27.27,13.0,0
2018-05-20,13.0,0.0,16.6,26.63,14.8,1
2018-05-21,14.8,3.7,13.0,21.87,15.3,0
2018-05-22,15.3,0.0,25.7,25.81,14.3,0
2018-05-23,14.3,0.0,24.2,18.87,15.4,1
2018-05-24,15.4,4.4,16.8,13.49,15.7,0
2018-05-25,15.7,0.7,11.9,13.32,17.8,1
2018-05-26,17.8,1.9,27.8,19.19,18.9,1
2018-05-27,18.9,9.5,18.2,16.78,19.1,1
2018-05-28,19.1,4.2,18.6,19.41,16.5,1
2018-05-29,16.5,4.1,24.5,9.31,16.0,1
2018-05-30,16.0,5.9,16.6,10.04,17.4,1
2018-05-31,17.4,4.3,15.9,17.88,17.9,1
2018-06-01,17.9,1.6,13.7,13.8,18.0,0
2018-06-02,18.0,0.4,17.8,17.7,18.5,0
2018-06-03,18.5,0.0,17.6,23.75,15.9,0
2018-06-04,15.9,0.2,18.5,10.03,14.6,0
2018-06-05,14.6,0.0,19.1,15.61,14.4,0
2018-06-06,14.4,0.0,15.8,27.87,15.4,1
2018-06-07,15.4,4.6,13.2,12.8,16.6,0
2018-06-08,16.6,0.0,13.0,20.06,15.6,1
2018-06-09,15.6,1.8,14.4,18.22,16.7,0
2018-06-10,16.7,0.0,15.8,20.49,16.2,0
2018-06-11,16.2,0.0,17.1,27.52,14.7,0
2018-06-12,14.7,0.4,18.9,16.33,14.6,0
2018-06-13,14.6,0.1,22.0,20.74,16.8,0
2018-06-14,16.8,0.8,35.7,15.5,15.9,0
2018-06-15,15.9,0.1,18.1,21.66,15.4,0
2018-06-16,15.4,0.7,30.3,14.02,15.0,0
2018-06-17,15.0,0.2,28.0,11.74,18.5,0
2018-06-18,18.5,0.6,25.2,20.52,19.6,0
2018-06-19,19.6,0.0,20.9,12.91,18.9,0
2018-06-20,18.9,0.1,24.4,18.38,15.2,0
2018-06-21,15.2,0.0,23.5,25.1,15.2,0
2018-06-22,15.2,0.0,11.5,29.16,16.8,0
2018-06-23,16.8,0.0,14.6,25.98,17.9,0
2018-06-24,17.9,0.0,11.5,28.08,20.2,0
2018-06-25,20.2,0.0,11.0,29.49,19.3,0
2018-06-26,19.3,0.0,19.2,29.48,17.7,0
2018-06-27,17.7,0.0,17.4,28.0,19.6,0
2018-06-28,19.6,0.0,22.7,26.66,19.7,0
2018-06-29,19.7,0.0,20.7,29.34,19.3,0
2018-06-30,19.3,0.0,23.8,28.15,22.2,0
2018-07-01,22.2,0.0,19.4,26.87,21.8,0
2018-07-02,21.8,0.0,25.7,29.23,19.5,0
2018-07-03,19.5,0.0,27.0,27.45,19.1,0
2018-07-04,19.1,0.8,11.9,22.95,22.0,0
2018-07-05,22.0,0.2,11.4,23.82,22.8,0
2018-07-06,22.8,0.0,19.6,25.9,23.3,0
2018-07-07,23.3,0.0,16.5,25.78,22.7,0
2018-07-08,22.7,0.0,17.5,22.79,21.6,0
2018-07-09,21.6,0.4,26.9,17.98,17.8,0
2018-07-10,17.8,0.0,19.3,18.59,18.0,0
2018-07-11,18.0,0.3,16.0,16.69,18.5,0
2018-07-12,18.5,0.3,11.1,18.08,19.1,1
2018-07-13,19.1,5.4,11.4,22.33,20.6,0
2018-07-14,20.6,0.8,10.7,22.29,21.7,0
2018-07-15,21.7,0.0,9.8,28.27,21.9,0
2018-07-16,21.9,0.0,16.6,21.66,19.2,0
2018-07-17,19.2,0.1,20.8,18.16,20.0,0
2018-07-18,20.0,0.0,9.7,16.5,21.5,0
2018-07-19,21.5,0.0,16.3,19.71,20.3,0
2018-07-20,20.3,0.8,12.3,14.79,21.3,0
2018-07-21,21.3,0.0,8.7,21.18,22.4,0
2018-07-22,22.4,0.0,13.8,17.56,24.1,0
2018-07-23,24.1,0.0,20.6,23.46,22.8,0
2018-07-24,22.8,0.3,20.4,23.18,23.6,0
2018-07-25,23.6,0.0,16.9,23.78,25.5,1
2018-07-26,25.5,1.5,18.3,23.39,23.2,1
2018-07-27,23.2,10.6,20.7,20.91,18.5,1
2018-07-28,18.5,1.9,40.5,19.81,18.0,1
2018-07-29,18.0,6.7,44.1,6.84,19.7,0
2018-07-30,19.7,0.4,33.1,14.95,18.8,1
2018-07-31,18.8,4.2,22.1,18.42,18.5,0
2018-08-01,18.5,0.0,17.4,23.25,20.9,0
2018-08-02,20.9,0.0,14.1,24.22,24.3,0
2018-08-03,24.3,0.0,16.8,24.75,23.3,0
2018-08-04,23.3,0.0,13.7,24.18,21.5,0
2018-08-05,21.5,0.0,17.2,25.23,22.9,0
2018-08-06,22.9,0.0,12.4,24.91,23.1,1
2018-08-07,23.1,4.9,19.2,20.78,19.1,0
2018-08-08,19.1,0.7,23.9,17.15,15.9,1
2018-08-09,15.9,10.5,13.5,4.51,14.7,1
2018-08-10,14.7,5.5,27.3,13.95,15.2,0
2018-08-11,15.2,0.1,19.5,17.96,17.7,1
2018-08-12,17.7,6.3,25.7,8.19,18.5,1
2018-08-13,18.5,1.3,17.5,15.26,18.7,0
2018-08-14,18.7,0.0,18.9,14.17,19.0,0
2018-08-15,19.0,0.0,23.8,12.12,17.4,1
2018-08-16,17.4,9.4,29.0,6.51,16.1,0
2018-08-17,16.1,0.0,22.1,16.27,18.2,0
2018-08-18,18.2,0.1,21.9,11.05,20.0,0
2018-08-19,20.0,0.0,30.3,13.03,20.2,1
2018-08-20,20.2,1.4,16.3,12.66,20.5,0
2018-08-21,20.5,0.1,12.4,13.99,19.3,0
2018-08-22,19.3,0.0,15.3,12.87,18.3,0
2018-08-23,18.3,1.0,22.7,12.87,14.4,1
2018-08-24,14.4,3.9,27.8,15.83,13.3,1
2018-08-25,13.3,1.1,19.1,17.87,14.1,1
2018-08-26,14.1,12.9,32.0,3.21,16.7,0
2018-08-27,16.7,0.0,23.4,12.97,16.4,0
2018-08-28,16.4,0.0,10.6,13.85,15.4,1
2018-08-29,15.4,1.2,16.4,9.21,15.0,0
2018-08-30,15.0,0.0,13.8,16.48,15.1,0
2018-08-31,15.1,0.7,13.0,13.86,16.3,0
2018-09-01,16.3,0.0,14.4,18.77,16.1,0
2018-09-02,16.1,0.0,12.4,20.33,16.2,0
2018-09-03,16.2,0.0,8.2,16.98,15.8,0
2018-09-04,15.8,0.0,18.0,14.47,16.5,0
2018-09-05,16.5,0.0,16.6,9.19,15.6,0
2018-09-06,15.6,0.3,19.8,15.22,13.5,0
2018-09-07,13.5,0.0,23.2,15.13,13.8,1
2018-09-08,13.8,1.1,21.4,7.79,17.4,0
2018-09-09,17.4,0.6,25.7,13.2,16.4,0
2018-09-10,16.4,0.0,21.7,15.72,18.8,1
2018-09-11,18.8,1.4,34.4,7.69,14.4,1
2018-09-12,14.4,3.4,15.5,5.85,13.1,0
2018-09-13,13.1,0.0,15.2,17.06,13.6,0
2018-09-14,13.6,0.0,22.8,7.06,15.0,0
2018-09-15,15.0,0.0,13.8,12.08,17.0,0
2018-09-16,17.0,0.0,25.3,13.72,19.0,0
2018-09-17,19.0,0.0,21.4,15.96,19.0,0
2018-09-18,19.0,0.0,38.1,10.5,18.8,0
2018-09-19,18.8,0.2,41.9,12.01,18.5,1
2018-09-20,18.5,2.2,40.7,7.1,14.1,1
2018-09-21,14.1,7.2,43.3,12.83,11.7,1
2018-09-22,11.7,5.1,17.1,3.21,10.5,1
2018-09-23,10.5,13.3,25.2,4.7,9.6,0
2018-09-24,9.6,0.0,11.0,15.17,10.1,0
2018-09-25,10.1,0.0,14.5,14.13,12.3,0
2018-09-26,12.3,0.0,14.0,14.88,13.6,0
2018-09-27,13.6,0.0,14.3,15.03,12.6,0
2018-09-28,12.6,0.0,23.8,10.75,10.2,0
2018-09-29,10.2,0.0,10.3,14.1,10.2,0
2018-09-30,10.2,0.1,17.8,9.39,10.4,0
2018-10-01,10.4,0.0,18.4,12.1,14.5,0
2018-10-02,14.5,0.4,29.0,7.99,14.0,0
2018-10-03,14.0,0.1,15.5,7.17,13.4,0
2018-10-04,13.4,0.0,16.8,9.59,14.3,0
2018-10-05,14.3,0.0,13.4,10.08,10.5,1
2018-10-06,10.5,7.6,27.0,2.08,9.4,0
2018-10-07,9.4,0.0,23.5,11.09,11.3,0
2018-10-08,11.3,0.0,19.1,9.01,13.3,0
2018-10-09,13.3,0.0,18.1,11.99,15.5,0
2018-10-10,15.5,0.0,16.6,11.8,17.0,1
2018-10-11,17.0,1.2,26.7,8.43,17.6,0
2018-10-12,17.6,0.0,37.4,7.89,20.7,0
2018-10-13,20.7,0.0,31.3,9.04,13.9,1
2018-10-14,13.9,15.6,23.1,2.2,13.1,1
2018-10-15,13.1,5.1,21.5,2.79,15.0,0
2018-10-16,15.0,0.0,21.3,9.38,13.0,0
2018-10-17,13.0,1.0,12.3,1.82,11.8,0
2018-10-18,11.8,0.0,20.7,7.07,8.7,0
2018-10-19,8.7,0.0,9.9,9.46,9.7,0
2018-10-20,9.7,0.0,10.5,9.32,11.6,0
2018-10-21,11.6,0.1,21.5,9.45,9.4,0
2018-10-22,9.4,0.4,20.1,9.83,10.7,0
2018-10-23,10.7,0.0,20.8,8.42,11.8,0
2018-10-24,11.8,0.0,13.4,8.45,9.1,0
2018-10-25,9.1,0.0,14.6,6.48,8.2,1
2018-10-26,8.2,1.4,24.4,5.05,4.9,0
2018-10-27,4.9,0.2,23.8,6.35,6.0,0
2018-10-28,6.0,0.8,27.5,6.84,4.8,0
2018-10-29,4.8,0.0,21.0,6.63,6.2,0
2018-10-30,6.2,0.0,26.2,3.16,6.8,0
2018-10-31,6.8,0.4,20.8,7.21,9.0,1
2018-11-01,9.0,7.5,17.5,2.26,4.4,0
2018-11-02,4.4,0.0,11.2,7.82,8.7,0
2018-11-03,8.7,0.0,29.2,4.99,9.6,0
2018-11-04,9.6,0.2,20.9,3.39,11.0,0
2018-11-05,11.0,0.2,12.5,5.48,11.9,0
2018-11-06,11.9,0.5,23.2,2.09,11.7,1
2018-11-07,11.7,6.2,36.1,3.87,9.4,0
2018-11-08,9.4,0.0,27.5,5.73,10.3,1
2018-11-09,10.3,3.6,38.0,4.2,11.1,1
2018-11-10,11.1,8.5,37.5,4.71,10.3,0
2018-11-11,10.3,0.2,28.0,5.52,10.8,1
2018-11-12,10.8,1.1,23.5,4.81,9.9,0
2018-11-13,9.9,0.0,22.9,5.79,10.5,0
2018-11-14,10.5,0.0,19.2,5.85,12.1,0
2018-11-15,12.1,0.0,14.5,2.22,10.5,0
2018-11-16,10.5,0.6,13.2,1.7,8.2,0
2018-11-17,8.2,0.0,20.1,5.67,7.3,0
2018-11-18,7.3,0.0,23.7,5.5,6.6,1
2018-11-19,6.6,1.2,26.5,2.21,4.0,1
2018-11-20,4.0,6.4,25.9,1.18,3.0,1
2018-11-21,3.0,1.4,19.8,4.99,0.6,0
2018-11-22,0.6,0.0,11.9,1.69,6.3,0
2018-11-23,6.3,0.0,14.1,2.28,7.6,1
2018-11-24,7.6,2.1,21.2,1.93,6.3,0
2018-11-25,6.3,0.3,20.8,1.59,5.6,0
2018-11-26,5.6,0.0,14.7,2.49,5.1,1
2018-11-27,5.1,4.2,28.7,1.77,11.7,1
2018-11-28,11.7,4.0,38.6,1.04,11.6,1
2018-11-29,11.6,4.3,43.3,1.7,8.7,0
2018-11-30,8.7,0.5,25.0,4.17,9.8,1
2018-12-01,9.8,5.5,28.8,0.82,12.8,1
2018-12-02,12.8,3.5,26.5,2.89,10.0,1
2018-12-03,10.0,1.3,28.8,2.83,4.5,1
2018-12-04,4.5,1.6,8.3,3.58,10.0,1
2018-12-05,10.0,10.9,21.7,1.3,11.2,1
2018-12-06,11.2,1.6,24.7,1.09,10.1,1
2018-12-07,10.1,8.3,35.8,1.28,9.2,0
2018-12-08,9.2,0.2,39.3,2.57,8.2,1
2018-12-09,8.2,1.1,32.8,3.09,6.2,0
2018-12-10,6.2,0.1,20.1,2.72,4.6,0
2018-12-11,4.6,0.0,9.7,3.13,5.1,0
2018-12-12,5.1,0.1,18.7,1.94,2.4,0
2018-12-13,2.4,0.0,24.0,4.0,1.3,0
2018-12-14,1.3,0.0,13.8,2.47,2.4,1
2018-12-15,2.4,10.0,33.7,0.75,6.1,1
2018-12-16,6.1,4.4,17.3,3.2,6.3,0
2018-12-17,6.3,0.0,19.1,3.75,8.9,1
2018-12-18,8.9,5.8,32.2,1.16,7.5,0
2018-12-19,7.5,0.1,21.7,3.11,7.5,0
2018-12-20,7.5,0.5,25.3,2.84,10.7,1
2018-12-21,10.7,4.7,36.4,2.34,8.8,0
2018-12-22,8.8,0.2,28.7,3.39,9.0,1
2018-12-23,9.0,4.4,21.0,1.35,4.1,0
2018-12-24,4.1,0.0,12.0,3.32,4.3,0
2018-12-25,4.3,0.0,13.4,2.64,7.1,0
2018-12-26,7.1,0.0,8.9,2.08,3.1,0
2018-12-27,3.1,0.0,5.8,2.21,6.2,0
2018-12-28,6.2,0.0,10.9,2.5,8.4,0
2018-12-29,8.4,0.0,23.5,1.73,7.9,0
2018-12-30,7.9,1.0,19.8,1.72,7.2,0
2018-12-31,7.2,0.0,12.2,3.09,7.0,0
2019-01-01,7.0,0.2,16.4,3.21,3.7,0
2019-01-02,3.7,0.0,11.9,2.55,2.1,0
2019-01-03,2.1,0.0,9.7,3.0,-0.5,0
2019-01-04,-0.5,0.0,9.2,3.69,1.7,0
2019-01-05,1.7,0.0,11.5,3.86,5.0,0
2019-01-06,5.0,0.0,10.2,1.77,6.6,0
2019-01-07,6.6,0.0,24.9,1.94,6.0,0
2019-01-08,6.0,0.0,21.9,4.17,3.7,0
2019-01-09,3.7,0.0,24.3,2.36,2.4,0
2019-01-10,2.4,0.1,13.7,1.74,4.9,0
2019-01-11,4.9,0.0,11.0,2.8,6.9,1
2019-01-12,6.9,1.5,21.3,1.11,9.5,0
2019-01-13,9.5,0.2,30.6,3.17,7.0,0
2019-01-14,7.0,0.1,24.4,2.91,5.7,0
2019-01-15,5.7,0.0,23.1,3.09,7.2,1
2019-01-16,7.2,2.3,29.3,0.89,2.4,0
2019-01-17,2.4,1.0,20.8,4.93,1.1,0
2019-01-18,1.1,0.0,19.2,2.91,3.3,1
2019-01-19,3.3,1.1,18.3,1.33,1.0,0
2019-01-20,1.0,0.0,9.6,4.92,1.7,0
2019-01-21,1.7,0.0,20.3,3.48,3.0,1
2019-01-22,3.0,9.6,25.9,4.36,-0.2,0
2019-01-23,-0.2,0.0,18.9,2.76,0.2,0
2019-01-24,0.2,0.1,10.9,2.05,5.9,1
2019-01-25,5.9,1.1,19.2,2.47,7.5,1
2019-01-26,7.5,1.2,32.0,2.24,5.1,1
2019-01-27,5.1,2.9,36.7,4.55,1.9,0
2019-01-28,1.9,0.0,25.8,6.35,1.2,1
2019-01-29,1.2,3.7,19.2,3.52,-0.1,0
2019-01-30,-0.1,0.6,16.0,5.99,-1.0,0
2019-01-31,-1.0,0.7,27.3,4.74,1.4,1
2019-02-01,1.4,14.9,30.7,1.88,1.5,1
2019-02-02,1.5,1.3,25.5,6.4,0.7,0
2019-02-03,0.7,0.0,19.7,7.32,6.6,1
2019-02-04,6.6,6.6,31.9,1.45,6.2,0
2019-02-05,6.2,0.3,24.4,2.55,9.0,1
2019-02-06,9.0,12.2,25.0,3.98,7.3,1
2019-02-07,7.3,1.4,41.7,6.5,8.8,1
2019-02-08,8.8,6.8,42.2,1.35,7.8,1
2019-02-09,7.8,1.3,39.8,6.67,5.4,1
2019-02-10,5.4,7.3,32.2,3.9,4.2,0
2019-02-11,4.2,0.0,17.6,5.28,5.7,0
2019-02-12,5.7,0.0,19.7,6.71,7.1,0
2019-02-13,7.1,0.0,19.7,6.48,4.6,0
2019-02-14,4.6,0.0,12.8,8.87,5.6,0
2019-02-15,5.6,0.0,14.5,9.17,8.5,0
2019-02-16,8.5,0.0,21.8,4.09,9.2,0
2019-02-17,9.2,0.0,24.6,8.69,7.8,1
2019-02-18,7.8,3.0,21.6,2.78,6.4,0
2019-02-19,6.4,0.0,22.6,7.42,8.5,0
2019-02-20,8.5,0.1,25.5,5.53,9.0,0
2019-02-21,9.0,0.0,20.4,7.84,7.2,0
2019-02-22,7.2,0.0,11.8,8.29,8.1,0
2019-02-23,8.1,0.0,13.3,10.23,6.3,0
2019-02-24,6.3,0.0,10.1,11.18,7.2,0
2019-02-25,7.2,0.0,11.2,11.02,8.7,0
2019-02-26,8.7,0.0,13.5,11.26,8.8,0
2019-02-27,8.8,0.0,12.0,11.51,7.9,1
2019-02-28,7.9,3.4,24.8,5.8,8.7,1
2019-03-01,8.7,1.1,14.9,4.38,10.0,0
2019-03-02,10.0,0.7,34.1,6.52,10.9,1
2019-03-03,10.9,4.2,41.4,2.12,6.7,1
2019-03-04,6.7,3.0,31.7,8.1,6.9,1
2019-03-05,6.9,1.7,26.3,10.03,10.6,1
2019-03-06,10.6,4.9,33.4,5.78,7.8,0
2019-03-07,7.8,1.0,43.5,9.77,6.9,1
2019-03-08,6.9,1.9,27.6,7.5,9.0,0
2019-03-09,9.0,0.4,41.4,10.28,7.3,1
2019-03-10,7.3,7.6,53.7,11.12,6.0,0
2019-03-11,6.0,0.0,31.6,9.48,6.8,1
2019-03-12,6.8,7.8,41.6,1.94,7.8,0
2019-03-13,7.8,0.1,43.5,10.98,9.6,1
2019-03-14,9.6,4.8,45.5,9.88,11.4,1
2019-03-15,11.4,3.8,43.9,6.16,10.6,1
2019-03-16,10.6,3.3,47.6,6.42,6.2,1
2019-03-17,6.2,1.6,28.0,13.49,6.3,0
2019-03-18,6.3,0.5,16.6,10.99,7.9,0
2019-03-19,7.9,0.1,12.2,6.84,10.5,0
2019-03-20,10.5,0.0,13.5,8.46,10.5,0
2019-03-21,10.5,0.0,11.6,7.19,10.0,0
2019-03-22,10.0,0.0,17.3,8.43,9.2,0
2019-03-23,9.2,0.0,15.0,10.01,7.3,0
2019-03-24,7.3,0.0,18.0,15.92,7.5,0
2019-03-25,7.5,0.0,26.0,14.85,6.7,0
2019-03-26,6.7,0.0,13.2,12.43,8.4,0
2019-03-27,8.4,0.0,11.0,10.92,8.6,0
2019-03-28,8.6,0.0,10.9,12.15,9.0,0
2019-03-29,9.0,0.0,10.8,18.05,10.7,0
2019-03-30,10.7,0.1,11.2,15.0,8.3,0
2019-03-31,8.3,0.5,27.7,8.07,7.4,0
2019-04-01,7.4,0.0,21.4,18.09,5.5,1
2019-04-02,5.5,3.9,17.7,7.3,3.2,1
2019-04-03,3.2,1.1,12.6,14.52,5.0,1
2019-04-04,5.0,3.6,25.6,8.83,8.6,0
2019-04-05,8.6,0.0,23.2,10.53,8.2,0
2019-04-06,8.2,0.3,22.4,7.27,9.7,1
2019-04-07,9.7,6.1,16.6,8.42,9.4,1
2019-04-08,9.4,1.5,7.9,9.66,9.0,1
2019-04-09,9.0,7.2,21.6,5.32,7.2,0
2019-04-10,7.2,0.0,26.0,19.04,5.9,0
2019-04-11,5.9,0.0,19.6,18.01,5.3,0
2019-04-12,5.3,0.1,14.8,10.25,4.6,1
2019-04-13,4.6,1.4,18.4,16.38,4.5,0
2019-04-14,4.5,0.0,20.5,13.84,7.7,0
2019-04-15,7.7,0.0,26.3,21.09,10.2,0
2019-04-16,10.2,0.3,10.9,9.75,10.8,0
2019-04-17,10.8,0.0,15.9,19.78,12.8,0
2019-04-18,12.8,0.0,20.4,20.04,13.9,0
2019-04-19,13.9,0.0,16.1,22.53,13.9,0
2019-04-20,13.9,0.0,12.0,23.02,13.2,0
2019-04-21,13.2,0.0,14.8,23.56,14.4,0
2019-04-22,14.4,0.0,18.2,22.99,14.0,0
2019-04-23,14.0,0.1,19.1,19.81,12.5,1
2019-04-24,12.5,5.3,29.6,17.62,11.4,1
2019-04-25,11.4,4.4,26.9,16.3,10.7,0
2019-04-26,10.7,1.0,31.3,16.51,9.6,0
2019-04-27,9.6,0.4,41.8,11.76,10.1,1
2019-04-28,10.1,1.7,24.2,11.86,9.1,0
2019-04-29,9.1,0.0,14.2,11.75,9.8,0
2019-04-30,9.8,0.0,10.7,19.0,11.2,0
2019-05-01,11.2,0.2,12.6,14.26,11.4,1
2019-05-02,11.4,7.2,20.9,17.6,9.2,1
2019-05-03,9.2,1.6,19.1,13.55,7.4,1
2019-05-04,7.4,1.1,30.3,21.95,7.5,0
2019-05-05,7.5,0.3,19.1,13.58,8.3,0
2019-05-06,8.3,0.3,17.7,12.5,10.1,0
2019-05-07,10.1,0.5,16.3,17.17,10.8,1
2019-05-08,10.8,12.4,30.5,12.43,10.7,1
2019-05-09,10.7,6.3,15.6,16.19,10.1,1
2019-05-10,10.1,2.0,8.4,19.52,9.9,1
2019-05-11,9.9,3.0,19.0,19.3,9.8,0
2019-05-12,9.8,0.0,15.5,20.61,10.0,0
2019-05-13,10.0,0.0,18.4,26.63,11.0,0
2019-05-14,11.0,0.0,19.2,27.09,11.9,0
2019-05-15,11.9,0.0,15.7,26.16,11.5,0
2019-05-16,11.5,0.0,24.6,26.42,11.4,1
2019-05-17,11.4,1.8,22.4,6.63,12.7,0
2019-05-18,12.7,0.5,7.6,15.29,12.7,0
2019-05-19,12.7,0.7,10.4,9.73,14.7,0
2019-05-20,14.7,0.5,12.4,21.09,14.2,0
2019-05-21,14.2,0.0,17.8,23.36,14.0,0
2019-05-22,14.0,0.0,17.7,18.47,15.2,0
2019-05-23,15.2,0.0,18.7,24.27,15.8,0
2019-05-24,15.8,0.6,16.6,20.97,17.1,0
2019-05-25,17.1,0.9,16.8,22.13,16.5,1
2019-05-26,16.5,1.8,26.8,14.25,13.5,0
2019-05-27,13.5,0.6,25.2,15.29,12.3,1
2019-05-28,12.3,2.3,17.8,21.02,12.4,1
2019-05-29,12.4,1.9,26.9,12.69,17.6,0
2019-05-30,17.6,0.1,26.6,14.8,15.9,0
2019-05-31,15.9,0.0,19.2,17.02,17.8,0
2019-06-01,17.8,0.0,15.3,26.88,20.1,0
2019-06-02,20.1,0.0,29.0,23.47,15.3,0
2019-06-03,15.3,0.2,22.2,19.43,14.4,1
2019-06-04,14.4,3.3,22.5,12.7,14.2,0
2019-06-05,14.2,0.2,19.6,15.24,13.6,0
2019-06-06,13.6,0.1,23.0,25.27,13.4,1
2019-06-07,13.4,7.1,25.8,10.61,13.6,1
2019-06-08,13.6,3.6,35.1,18.69,13.7,0
2019-06-09,13.7,0.0,10.8,21.65,11.6,1
2019-06-10,11.6,31.4,21.8,6.29,13.5,1
2019-06-11,13.5,2.5,19.3,18.33,12.9,1
2019-06-12,12.9,7.6,14.1,8.18,12.6,1
2019-06-13,12.6,6.9,29.8,9.21,14.2,1
2019-06-14,14.2,1.9,30.2,19.72,14.5,1
2019-06-15,14.5,1.1,27.1,19.26,14.5,1
2019-06-16,14.5,2.2,31.1,16.64,15.7,0
2019-06-17,15.7,0.0,22.6,22.86,14.6,1
2019-06-18,14.6,3.6,10.6,12.74,16.1,1
2019-06-19,16.1,2.6,12.5,13.93,15.4,0
2019-06-20,15.4,0.4,21.1,19.35,15.1,0
2019-06-21,15.1,0.0,15.5,20.93,15.6,0
2019-06-22,15.6,0.0,19.3,23.33,17.6,0
2019-06-23,17.6,0.0,22.4,16.72,20.4,0
2019-06-24,20.4,0.3,14.6,14.6,20.3,1
2019-06-25,20.3,15.3,11.5,17.61,17.7,0
2019-06-26,17.7,0.0,25.8,15.91,16.2,0
2019-06-27,16.2,0.0,25.9,28.35,16.6,0
2019-06-28,16.6,0.0,26.9,26.72,22.1,0
2019-06-29,22.1,0.0,16.1,29.29,19.3,0
2019-06-30,19.3,0.0,21.1,23.83,17.2,0
2019-07-01,17.2,0.0,22.0,23.19,16.1,0
2019-07-02,16.1,0.0,14.3,19.13,16.6,0
2019-07-03,16.6,0.0,15.6,18.78,17.5,0
2019-07-04,17.5,0.0,8.9,28.58,19.9,0
2019-07-05,19.9,0.0,11.9,26.09,18.4,0
2019-07-06,18.4,0.7,16.2,18.21,16.4,1
2019-07-07,16.4,3.6,14.6,12.21,16.1,0
2019-07-08,16.1,0.0,16.6,16.43,17.6,0
2019-07-09,17.6,0.0,16.3,11.8,19.7,1
2019-07-10,19.7,1.3,17.6,18.45,19.6,0
2019-07-11,19.6,0.0,15.9,17.98,19.4,0
2019-07-12,19.4,0.1,24.7,20.04,18.3,0
2019-07-13,18.3,0.6,12.2,17.99,16.8,0
2019-07-14,16.8,0.5,18.5,14.21,15.6,0
2019-07-15,15.6,0.0,12.4,17.82,18.2,0
2019-07-16,18.2,0.0,17.7,25.13,19.3,0
2019-07-17,19.3,0.0,19.9,21.07,18.3,1
2019-07-18,18.3,4.8,20.1,12.65,16.5,1
2019-07-19,16.5,8.9,31.2,9.35,19.2,1
2019-07-20,19.2,16.8,27.4,21.32,18.1,0
2019-07-21,18.1,0.0,19.9,15.91,20.5,0
2019-07-22,20.5,0.0,25.1,17.14,22.8,0
2019-07-23,22.8,0.0,16.6,26.05,25.0,0
2019-07-24,25.0,0.0,19.3,25.96,27.3,0
2019-07-25,27.3,0.0,16.5,24.65,22.4,1
2019-07-26,22.4,3.0,18.3,17.74,17.8,1
2019-07-27,17.8,22.4,17.3,5.54,17.9,0
2019-07-28,17.9,0.0,22.8,11.68,18.7,0
2019-07-29,18.7,0.0,18.7,23.13,18.4,1
2019-07-30,18.4,6.8,39.2,17.0,18.3,0
2019-07-31,18.3,0.7,28.7,18.54,18.5,0
2019-08-01,18.5,0.7,12.9,17.91,18.9,0
2019-08-02,18.9,0.3,13.3,16.41,18.8,0
2019-08-03,18.8,0.3,8.5,16.86,19.3,0
2019-08-04,19.3,0.5,19.5,11.03,19.4,0
2019-08-05,19.4,0.8,26.9,18.62,18.5,0
2019-08-06,18.5,0.6,28.8,19.95,18.0,1
2019-08-07,18.0,1.2,25.3,17.72,18.4,1
2019-08-08,18.4,1.2,17.5,19.55,20.3,1
2019-08-09,20.3,7.5,36.4,18.04,18.4,1
2019-08-10,18.4,1.5,48.1,16.83,17.7,0
2019-08-11,17.7,0.4,28.8,18.51,15.0,1
2019-08-12,15.0,11.9,11.1,12.75,15.3,0
2019-08-13,15.3,0.0,17.1,18.96,15.4,1
2019-08-14,15.4,7.4,30.7,6.84,17.8,0
2019-08-15,17.8,0.0,28.2,17.45,15.6,1
2019-08-16,15.6,7.1,30.8,6.05,18.4,0
2019-08-17,18.4,0.7,26.8,15.5,16.8,1
2019-08-18,16.8,1.5,25.9,15.09,16.0,0
2019-08-19,16.0,0.9,25.1,17.85,15.1,0
2019-08-20,15.1,0.0,19.8,17.72,15.8,0
2019-08-21,15.8,0.0,15.8,17.05,17.3,0
2019-08-22,17.3,0.0,20.0,19.4,18.9,0
2019-08-23,18.9,0.0,8.8,20.61,19.6,0
2019-08-24,19.6,0.0,11.4,21.11,22.4,0
2019-08-25,22.4,0.0,10.2,20.97,22.5,0
2019-08-26,22.5,0.0,12.7,21.2,23.2,0
2019-08-27,23.2,0.1,15.8,20.12,20.5,1
2019-08-28,20.5,2.2,23.2,16.65,17.7,0
2019-08-29,17.7,0.1,21.5,17.99,17.7,0
2019-08-30,17.7,0.0,23.5,17.77,17.1,0
2019-08-31,17.1,0.3,27.0,14.9,15.2,0
2019-09-01,15.2,0.0,20.0,15.58,15.1,0
2019-09-02,15.1,0.0,20.8,14.23,17.2,0
2019-09-03,17.2,0.0,22.4,13.17,17.0,1
2019-09-04,17.0,7.0,28.2,13.94,14.4,0
2019-09-05,14.4,0.0,21.7,13.94,13.7,1
2019-09-06,13.7,1.4,32.8,9.15,13.7,0
2019-09-07,13.7,0.4,20.6,12.84,12.5,0
2019-09-08,12.5,0.0,15.7,17.28,12.8,1
2019-09-09,12.8,5.5,17.0,4.11,14.0,0
2019-09-10,14.0,0.2,12.8,11.96,16.8,0
2019-09-11,16.8,0.5,34.4,7.14,18.2,0
2019-09-12,18.2,0.1,26.8,12.99,16.8,0
2019-09-13,16.8,0.2,16.7,18.09,15.1,0
2019-09-14,15.1,0.0,9.2,17.8,17.2,0
2019-09-15,17.2,0.0,12.7,16.79,16.6,0
2019-09-16,16.6,0.7,12.6,3.4,14.3,0
2019-09-17,14.3,0.0,14.9,16.88,12.6,0
2019-09-18,12.6,0.0,11.0,16.64,14.1,0
2019-09-19,14.1,0.0,14.1,15.89,14.4,0
2019-09-20,14.4,0.0,24.5,16.38,17.4,0
2019-09-21,17.4,0.0,18.3,16.12,18.1,1
2019-09-22,18.1,4.0,21.3,6.33,15.7,1
2019-09-23,15.7,2.6,26.3,9.77,16.8,1
2019-09-24,16.8,17.8,26.8,6.95,16.1,1
2019-09-25,16.1,10.9,24.0,8.06,16.7,1
2019-09-26,16.7,3.4,27.9,7.97,14.8,1
2019-09-27,14.8,4.5,31.0,9.23,15.0,1
2019-09-28,15.0,5.3,33.0,8.19,16.2,1
2019-09-29,16.2,13.9,37.7,7.86,13.8,1
2019-09-30,13.8,9.1,27.2,4.62,15.4,1
2019-10-01,15.4,8.6,30.4,8.08,9.7,0
2019-10-02,9.7,0.0,23.3,12.12,8.9,1
2019-10-03,8.9,3.2,20.0,5.55,12.8,1
2019-10-04,12.8,3.7,26.4,5.51,12.2,0
2019-10-05,12.2,0.1,13.6,5.31,13.6,1
2019-10-06,13.6,13.0,28.4,9.94,12.4,1
2019-10-07,12.4,2.6,23.2,4.3,13.6,0
2019-10-08,13.6,1.0,28.0,8.79,11.6,0
2019-10-09,11.6,0.1,26.7,9.03,12.3,0
2019-10-10,12.3,0.0,29.5,8.83,15.2,1
2019-10-11,15.2,12.0,38.3,4.3,11.6,1
2019-10-12,11.6,12.2,11.8,1.65,13.2,1
2019-10-13,13.2,7.2,32.7,3.55,12.6,1
2019-10-14,12.6,11.1,27.4,2.61,12.1,0
2019-10-15,12.1,0.3,23.2,7.08,12.6,1
2019-10-16,12.6,3.9,21.5,6.13,10.8,0
2019-10-17,10.8,0.4,20.8,5.62,11.6,1
2019-10-18,11.6,6.2,33.3,7.97,10.9,0
2019-10-19,10.9,0.2,22.0,8.61,8.4,0
2019-10-20,8.4,0.0,19.4,6.28,10.4,1
2019-10-21,10.4,7.2,20.5,2.09,8.6,0
2019-10-22,8.6,0.0,10.4,7.67,9.4,1
2019-10-23,9.4,1.4,13.7,3.18,11.1,1
2019-10-24,11.1,10.3,18.6,1.74,12.6,0
2019-10-25,12.6,0.7,39.6,2.42,14.3,1
2019-10-26,14.3,6.0,38.5,1.9,6.9,0
2019-10-27,6.9,0.0,10.9,8.52,6.4,0
2019-10-28,6.4,0.0,16.6,6.89,8.2,0
2019-10-29,8.2,0.0,20.7,4.99,8.8,0
2019-10-30,8.8,0.0,24.9,7.14,8.0,0
2019-10-31,8.0,0.0,17.7,5.73,12.8,1
2019-11-01,12.8,6.7,23.4,1.94,11.6,1
2019-11-02,11.6,6.5,47.2,3.19,8.7,0
2019-11-03,8.7,0.4,19.4,4.23,8.7,1
2019-11-04,8.7,4.5,15.3,5.42,8.5,0
2019-11-05,8.5,0.7,21.6,3.35,6.3,0
2019-11-06,6.3,0.3,17.1,4.38,7.1,1
2019-11-07,7.1,12.8,24.3,5.38,4.0,1
2019-11-08,4.0,1.7,19.6,3.75,4.9,1
2019-11-09,4.9,4.9,21.0,4.18,7.1,1
2019-11-10,7.1,1.5,17.5,4.76,6.8,1
2019-11-11,6.8,4.6,30.1,4.78,5.4,1
2019-11-12,5.4,2.3,27.9,4.41,5.5,1
2019-11-13,5.5,1.2,20.3,5.34,5.3,1
2019-11-14,5.3,18.2,21.6,3.82,5.5,1
2019-11-15,5.5,7.6,25.2,1.94,5.6,0
2019-11-16,5.6,0.3,18.4,3.52,4.4,0
2019-11-17,4.4,0.0,8.0,3.82,5.0,0
2019-11-18,5.0,0.0,20.7,4.78,2.4,0
2019-11-19,2.4,0.0,11.8,2.66,4.8,0
2019-11-20,4.8,0.0,19.4,4.02,4.9,0
2019-11-21,4.9,0.4,18.6,1.91,7.8,1
2019-11-22,7.8,2.1,22.8,2.41,8.6,1
2019-11-23,8.6,2.4,20.0,1.27,9.2,0
2019-11-24,9.2,0.0,17.1,2.02,10.2,1
2019-11-25,10.2,1.6,18.1,1.12,10.9,1
2019-11-26,10.9,4.0,28.0,1.37,9.7,1
2019-11-27,9.7,13.0,17.4,2.16,8.0,1
2019-11-28,8.0,2.3,18.7,1.31,4.5,0
2019-11-29,4.5,0.5,13.8,4.1,2.8,0
2019-11-30,2.8,0.0,14.8,3.68,4.1,0
2019-12-01,4.1,0.0,22.4,3.18,0.9,0
2019-12-02,0.9,0.0,12.0,4.34,3.6,0
2019-12-03,3.6,0.0,11.6,3.36,3.4,0
2019-12-04,3.4,0.0,12.1,3.42,3.5,0
2019-12-05,3.5,0.5,28.3,2.4,10.4,1
2019-12-06,10.4,5.5,32.7,1.24,7.3,0
2019-12-07,7.3,0.0,24.9,3.84,9.1,1
2019-12-08,9.1,3.6,36.5,3.46,5.7,1
2019-12-09,5.7,1.3,29.1,3.83,6.5,1
2019-12-10,6.5,4.8,42.2,0.98,4.9,0
2019-12-11,4.9,0.1,23.0,3.32,4.8,1
2019-12-12,4.8,7.3,28.6,0.73,6.4,1
2019-12-13,6.4,7.2,33.8,2.83,5.7,1
2019-12-14,5.7,7.8,35.0,2.96,7.0,1
2019-12-15,7.0,3.5,30.3,3.56,7.1,1
2019-12-16,7.1,2.2,25.1,2.02,6.3,1
2019-12-17,6.3,8.6,10.2,1.03,6.5,1
2019-12-18,6.5,5.6,25.5,2.92,11.2,1
2019-12-19,11.2,11.6,32.0,1.8,8.3,1
2019-12-20,8.3,14.7,28.4,1.6,8.1,1
2019-12-21,8.1,5.2,23.4,2.99,7.5,1
2019-12-22,7.5,4.3,25.3,2.72,6.7,0
2019-12-23,6.7,0.0,22.1,3.74,8.9,1
2019-12-24,8.9,1.7,28.1,3.14,4.3,0
2019-12-25,4.3,0.0,18.4,3.86,6.4,1
2019-12-26,6.4,7.1,31.6,0.58,6.6,0
2019-12-27,6.6,0.0,18.1,1.71,7.8,0
2019-12-28,7.8,0.0,13.7,1.77,6.1,0
2019-12-29,6.1,0.0,15.9,3.47,5.5,0
2019-12-30,5.5,0.0,16.6,3.77,5.8,0
2019-12-31,5.8,0.0,17.0,1.49,5.0,0
2020-01-01,5.0,0.0,10.2,1.57,8.2,0
2020-01-02,8.2,0.0,26.6,1.71,7.9,1
2020-01-03,7.9,3.1,27.6,2.12,4.4,0
2020-01-04,4.4,0.0,20.2,3.69,5.8,0
2020-01-05,5.8,0.0,17.4,2.04,7.2,1
2020-01-06,7.2,1.3,26.9,3.22,8.6,0
2020-01-07,8.6,0.1,29.2,2.58,10.9,1
2020-01-08,10.9,2.9,27.5,2.07,10.8,1
2020-01-09,10.8,7.1,33.5,3.45,5.5,0
2020-01-10,5.5,0.1,18.7,4.17,8.6,0
2020-01-11,8.6,0.0,33.1,2.28,9.1,0
2020-01-12,9.1,1.0,32.0,4.13,8.0,1
2020-01-13,8.0,4.4,43.4,2.16,10.1,1
2020-01-14,10.1,5.2,46.1,2.28,8.5,1
2020-01-15,8.5,13.1,48.3,2.11,9.1,1
2020-01-16,9.1,5.7,35.0,2.85,7.6,1
2020-01-17,7.6,3.2,32.8,4.3,2.8,0
2020-01-18,2.8,0.0,13.9,5.23,1.0,0
2020-01-19,1.0,0.0,12.3,5.3,1.0,0
2020-01-20,1.0,0.0,11.4,5.06,0.1,0
2020-01-21,0.1,0.0,10.9,4.15,5.0,0
2020-01-22,5.0,0.0,6.9,1.61,6.1,0
2020-01-23,6.1,0.0,8.0,2.37,5.9,0
2020-01-24,5.9,0.2,7.4,1.44,5.7,0
2020-01-25,5.7,0.0,11.5,2.45,8.1,1
2020-01-26,8.1,2.9,29.8,3.27,6.8,1
2020-01-27,6.8,6.9,21.8,2.6,4.3,1
2020-01-28,4.3,1.5,32.4,5.28,4.9,0
2020-01-29,4.9,0.0,25.0,5.91,9.2,0
2020-01-30,9.2,0.6,28.1,1.8,10.4,0
2020-01-31,10.4,0.1,33.1,1.85,9.7,0
2020-02-01,9.7,0.0,35.0,5.61,9.8,1
2020-02-02,9.8,6.7,32.9,3.81,9.0,0
2020-02-03,9.0,0.3,29.4,4.35,6.1,0
2020-02-04,6.1,0.1,28.8,3.61,4.0,0
2020-02-05,4.0,0.0,11.0,6.18,2.8,0
2020-02-06,2.8,0.0,10.6,6.25,4.5,0
2020-02-07,4.5,0.0,22.3,7.26,8.8,0
2020-02-08,8.8,1.0,28.3,4.72,10.1,1
2020-02-09,10.1,18.8,53.0,1.18,6.9,1
2020-02-10,6.9,2.4,45.0,5.23,4.8,0
2020-02-11,4.8,0.3,39.2,7.43,4.7,0
2020-02-12,4.7,0.3,29.9,7.96,6.9,1
2020-02-13,6.9,12.9,36.7,5.04,6.4,0
2020-02-14,6.4,0.1,30.3,6.77,11.2,1
2020-02-15,11.2,7.0,49.6,1.67,10.1,1
2020-02-16,10.1,15.7,49.8,1.24,7.3,0
2020-02-17,7.3,1.0,35.4,6.56,6.6,1
2020-02-18,6.6,2.2,37.9,6.77,5.4,1
2020-02-19,5.4,1.6,25.7,4.22,7.7,1
2020-02-20,7.7,3.9,40.6,2.42,7.1,0
2020-02-21,7.1,0.0,34.1,5.75,10.6,0
2020-02-22,10.6,0.0,38.5,5.55,10.3,1
2020-02-23,10.3,1.2,43.0,5.45,9.1,1
2020-02-24,9.1,4.3,37.2,1.92,5.6,1
2020-02-25,5.6,2.7,26.5,6.25,3.6,0
2020-02-26,3.6,0.8,31.1,8.38,3.5,1
2020-02-27,3.5,7.8,31.3,6.35,5.4,1
2020-02-28,5.4,6.0,33.3,1.67,7.5,1
2020-02-29,7.5,5.6,40.2,7.11,6.1,0
2020-03-01,6.1,0.0,30.8,11.4,5.3,1
2020-03-02,5.3,4.2,22.0,7.79,4.5,0
2020-03-03,4.5,0.2,23.5,9.19,4.0,1
2020-03-04,4.0,5.1,16.1,4.5,5.4,1
2020-03-05,5.4,15.3,30.1,1.6,4.7,0
2020-03-06,4.7,0.1,20.5,10.25,6.8,0
2020-03-07,6.8,0.0,29.7,5.3,9.4,1
2020-03-08,9.4,3.3,38.0,9.57,7.2,1
2020-03-09,7.2,3.8,32.2,7.4,12.3,1
2020-03-10,12.3,3.3,36.1,4.14,10.9,0
2020-03-11,10.9,0.2,35.3,9.98,7.4,1
2020-03-12,7.4,1.6,39.6,12.84,7.0,0
2020-03-13,7.0,0.1,28.2,9.19,8.8,1
2020-03-14,8.8,3.5,24.9,8.2,9.1,1
2020-03-15,9.1,1.7,35.6,3.93,6.3,0
2020-03-16,6.3,0.0,12.2,11.93,8.4,0
2020-03-17,8.4,0.0,24.2,9.44,11.0,0
2020-03-18,11.0,0.6,25.1,5.82,7.6,1
2020-03-19,7.6,1.5,17.1,2.91,6.7,0
2020-03-20,6.7,0.0,29.3,6.46,6.4,0
2020-03-21,6.4,0.0,31.2,16.16,5.9,0
2020-03-22,5.9,0.0,27.2,17.17,5.4,0
2020-03-23,5.4,0.0,18.3,17.9,5.9,0
2020-03-24,5.9,0.0,14.4,17.88,5.6,0
2020-03-25,5.6,0.0,16.8,18.18,5.4,0
2020-03-26,5.4,0.0,22.4,17.89,6.7,0
2020-03-27,6.7,0.0,26.3,17.65,6.7,0
2020-03-28,6.7,0.0,36.5,12.15,4.7,0
2020-03-29,4.7,0.3,40.9,14.75,5.3,0
2020-03-30,5.3,0.6,24.9,8.88,5.8,0
2020-03-31,5.8,0.0,22.7,10.61,4.2,0
2020-04-01,4.2,0.0,11.5,11.46,8.0,0
2020-04-02,8.0,0.0,20.8,9.09,8.5,0
2020-04-03,8.5,0.3,10.6,8.46,8.2,0
2020-04-04,8.2,0.0,16.0,17.86,12.5,0
2020-04-05,12.5,0.0,22.2,20.33,12.8,0
2020-04-06,12.8,0.1,19.3,11.17,11.2,0
2020-04-07,11.2,0.0,14.3,18.67,13.6,0
2020-04-08,13.6,0.0,13.8,18.17,13.4,0
2020-04-09,13.4,0.0,21.0,19.39,13.4,0
2020-04-10,13.4,0.0,19.9,20.55,15.1,0
2020-04-11,15.1,0.0,13.3,17.38,15.6,0
2020-04-12,15.6,0.3,21.5,19.2,8.6,0
2020-04-13,8.6,0.0,33.6,18.14,7.2,0
2020-04-14,7.2,0.0,14.8,21.53,8.6,0
2020-04-15,8.6,0.0,16.2,21.92,11.5,0
2020-04-16,11.5,0.0,15.3,17.83,10.1,1
2020-04-17,10.1,5.4,25.6,12.27,9.8,1
2020-04-18,9.8,3.2,19.6,11.3,10.6,0
2020-04-19,10.6,0.0,24.2,22.22,11.1,0
2020-04-20,11.1,0.0,31.2,23.55,12.6,0
2020-04-21,12.6,0.0,29.8,23.59,13.1,0
2020-04-22,13.1,0.0,22.8,23.95,13.8,0
2020-04-23,13.8,0.0,14.7,23.98,13.0,0
2020-04-24,13.0,0.0,17.8,21.26,10.2,0
2020-04-25,10.2,0.0,13.2,22.44,11.3,0
2020-04-26,11.3,0.0,11.6,24.27,12.2,0
2020-04-27,12.2,0.2,19.6,14.81,8.9,1
2020-04-28,8.9,13.4,21.4,4.36,10.1,1
2020-04-29,10.1,3.0,27.0,11.19,9.3,1
2020-04-30,9.3,8.5,32.4,12.21,10.4,1
2020-05-01,10.4,2.2,24.6,18.87,10.6,0
2020-05-02,10.6,0.0,16.9,17.46,10.0,0
2020-05-03,10.0,1.0,10.1,5.98,11.7,0
2020-05-04,11.7,0.2,22.0,17.04,9.8,0
2020-05-05,9.8,0.0,29.0,25.16,10.4,0
2020-05-06,10.4,0.0,15.5,25.36,13.2,0
2020-05-07,13.2,0.0,16.1,21.79,16.0,0
2020-05-08,16.0,0.0,8.6,22.89,16.0,0
2020-05-09,16.0,0.0,17.7,25.39,11.8,0
2020-05-10,11.8,1.0,35.6,14.83,8.4,0
2020-05-11,8.4,0.0,37.0,17.87,8.5,0
2020-05-12,8.5,0.0,12.7,21.99,8.8,0
2020-05-13,8.8,0.0,25.8,18.13,8.2,0
2020-05-14,8.2,0.0,20.4,20.6,10.3,0
2020-05-15,10.3,0.0,14.4,22.3,11.1,0
2020-05-16,11.1,0.0,17.8,15.51,13.2,0
2020-05-17,13.2,0.0,19.9,24.22,15.6,0
2020-05-18,15.6,0.0,20.0,26.5,17.3,0
2020-05-19,17.3,0.0,16.2,24.05,18.6,0
2020-05-20,18.6,0.0,15.7,27.44,19.0,0
2020-05-21,19.0,0.1,14.2,25.59,17.8,0
2020-05-22,17.8,0.0,31.5,21.09,14.4,0
2020-05-23,14.4,0.2,37.0,24.46,15.8,0
2020-05-24,15.8,0.0,27.8,15.6,17.3,0
2020-05-25,17.3,0.0,16.2,27.41,18.6,0
2020-05-26,18.6,0.0,13.7,27.3,17.9,0
2020-05-27,17.9,0.0,20.0,18.94,15.4,0
2020-05-28,15.4,0.0,19.8,28.38,15.4,0
2020-05-29,15.4,0.0,19.2,28.85,16.4,0
2020-05-30,16.4,0.0,22.0,28.92,17.4,0
2020-05-31,17.4,0.0,25.5,28.98,17.7,0
2020-06-01,17.7,0.0,17.4,28.47,17.8,0
2020-06-02,17.8,0.0,10.9,26.97,15.0,1
2020-06-03,15.0,1.5,23.1,7.74,12.5,0
2020-06-04,12.5,0.8,22.4,12.03,12.7,1
2020-06-05,12.7,1.2,30.4,22.32,11.1,1
2020-06-06,11.1,1.7,35.2,13.7,12.3,1
2020-06-07,12.3,1.5,17.1,17.16,12.3,0
2020-06-08,12.3,0.0,18.8,15.69,13.6,0
2020-06-09,13.6,0.3,11.4,12.55,12.8,1
2020-06-10,12.8,5.8,15.6,7.51,14.6,1
2020-06-11,14.6,4.0,30.1,17.31,16.0,1
2020-06-12,16.0,1.5,30.7,17.04,17.1,1
2020-06-13,17.1,3.7,23.9,25.18,16.7,1
2020-06-14,16.7,1.8,19.4,22.33,17.0,1
2020-06-15,17.0,1.2,10.9,23.62,16.9,1
2020-06-16,16.9,9.8,12.7,22.98,16.8,1
2020-06-17,16.8,4.7,14.5,16.64,15.7,1
2020-06-18,15.7,23.8,17.4,12.77,15.6,1
2020-06-19,15.6,2.5,26.6,17.11,16.3,0
2020-06-20,16.3,0.4,20.0,20.58,16.8,1
2020-06-21,16.8,1.7,25.7,18.23,15.9,0
2020-06-22,15.9,0.0,21.4,28.0,19.5,0
2020-06-23,19.5,0.0,11.9,28.79,22.3,0
2020-06-24,22.3,0.0,22.7,29.08,23.2,0
2020-06-25,23.2,0.0,20.2,29.21,21.3,1
2020-06-26,21.3,3.1,23.3,24.11,16.6,1
2020-06-27,16.6,5.4,38.9,14.06,15.7,0
2020-06-28,15.7,0.7,33.9,19.78,15.3,0
2020-06-29,15.3,0.1,36.9,14.9,15.7,1
2020-06-30,15.7,2.8,22.5,8.67,17.1,1
2020-07-01,17.1,1.4,25.4,16.38,16.2,1
2020-07-02,16.2,3.2,19.7,20.21,16.1,1
2020-07-03,16.1,1.3,32.2,20.1,18.0,1
2020-07-04,18.0,1.1,33.0,9.64,17.6,0
2020-07-05,17.6,0.2,38.0,21.45,15.5,0
2020-07-06,15.5,0.0,27.7,17.89,15.3,1
2020-07-07,15.3,1.3,24.6,15.47,16.6,1
2020-07-08,16.6,11.3,20.0,5.97,17.4,1
2020-07-09,17.4,6.7,25.0,9.26,15.2,0
2020-07-10,15.2,0.4,21.6,18.95,14.8,0
2020-07-11,14.8,0.0,17.0,19.6,16.2,0
2020-07-12,16.2,0.0,12.0,23.73,17.8,0
2020-07-13,17.8,0.2,19.4,21.91,17.3,1
2020-07-14,17.3,1.7,12.1,12.99,15.9,0
2020-07-15,15.9,0.3,15.3,11.41,18.3,0
2020-07-16,18.3,0.0,16.8,11.72,21.0,0
2020-07-17,21.0,0.0,18.4,22.56,19.0,0
2020-07-18,19.0,0.0,18.9,24.22,16.7,1
2020-07-19,16.7,3.9,14.6,9.19,16.0,0
2020-07-20,16.0,0.0,14.5,26.95,15.7,0
2020-07-21,15.7,0.0,10.1,24.24,17.8,0
2020-07-22,17.8,0.0,18.5,18.89,18.9,0
2020-07-23,18.9,0.0,21.3,24.05,19.2,0
2020-07-24,19.2,0.2,18.3,15.45,18.4,1
2020-07-25,18.4,9.3,30.3,10.16,17.1,0
2020-07-26,17.1,0.0,24.0,16.32,17.7,1
2020-07-27,17.7,3.5,41.9,9.3,16.4,0
2020-07-28,16.4,0.1,24.8,18.8,16.2,0
2020-07-29,16.2,0.0,16.0,22.11,19.3,0
2020-07-30,19.3,0.0,10.2,25.91,24.1,0
2020-07-31,24.1,0.7,23.4,25.03,20.5,0
2020-08-01,20.5,0.0,19.7,16.37,18.0,0
2020-08-02,18.0,0.1,18.4,16.26,17.7,0
2020-08-03,17.7,0.7,14.1,19.54,17.1,0
2020-08-04,17.1,0.0,23.7,16.69,19.6,0
2020-08-05,19.6,0.0,29.0,22.22,21.4,0
2020-08-06,21.4,0.3,16.2,12.34,24.4,0
2020-08-07,24.4,0.0,17.4,24.22,25.5,0
2020-08-08,25.5,0.0,15.7,18.13,23.6,0
2020-08-09,23.6,0.2,18.4,22.52,25.5,0
2020-08-10,25.5,0.0,14.5,22.55,26.0,0
2020-08-11,26.0,0.0,11.5,22.38,26.0,0
2020-08-12,26.0,0.2,14.2,21.26,22.7,1
2020-08-13,22.7,10.1,14.0,15.8,19.3,1
2020-08-14,19.3,4.7,12.8,8.75,19.4,1
2020-08-15,19.4,11.9,14.4,7.3,19.7,1
2020-08-16,19.7,2.0,12.9,12.51,18.0,0
2020-08-17,18.0,0.3,18.4,16.25,18.2,1
2020-08-18,18.2,4.9,23.9,14.23,18.3,1
2020-08-19,18.3,7.4,22.6,4.95,19.9,0
2020-08-20,19.9,0.6,27.6,20.16,19.7,0
2020-08-21,19.7,0.0,42.6,17.84,18.1,0
2020-08-22,18.1,0.3,32.6,17.99,17.1,0
2020-08-23,17.1,0.3,21.8,14.54,16.5,1
2020-08-24,16.5,1.1,19.9,14.48,17.7,1
2020-08-25,17.7,11.0,43.3,11.6,17.3,0
2020-08-26,17.3,0.0,41.6,13.47,15.1,1
2020-08-27,15.1,8.7,16.3,9.64,14.0,1
2020-08-28,14.0,4.3,27.5,11.86,13.1,1
2020-08-29,13.1,5.2,33.2,9.13,13.6,0
2020-08-30,13.6,0.1,25.5,11.16,13.0,0
2020-08-31,13.0,0.0,8.7,12.85,14.4,0
2020-09-01,14.4,0.0,6.7,15.0,14.8,1
2020-09-02,14.8,2.0,20.2,11.54,17.8,1
2020-09-03,17.8,3.3,29.6,5.37,15.2,0
2020-09-04,15.2,0.2,20.3,10.05,14.0,0
2020-09-05,14.0,0.1,17.8,14.76,13.4,0
2020-09-06,13.4,0.0,13.3,13.71,14.9,0
2020-09-07,14.9,0.0,22.9,10.2,18.8,0
2020-09-08,18.8,0.0,17.2,9.7,17.7,0
2020-09-09,17.7,0.0,19.8,9.57,13.7,0
2020-09-10,13.7,0.0,10.1,16.91,14.1,0
2020-09-11,14.1,0.0,19.2,15.68,15.6,0
2020-09-12,15.6,0.0,20.4,13.59,17.0,0
2020-09-13,17.0,0.0,19.5,17.47,18.1,0
2020-09-14,18.1,0.0,10.1,17.68,21.0,0
2020-09-15,21.0,0.0,12.4,14.94,19.8,0
2020-09-16,19.8,0.3,22.7,13.76,15.9,0
2020-09-17,15.9,0.0,23.8,15.54,15.6,0
2020-09-18,15.6,0.0,26.5,16.77,17.5,0
2020-09-19,17.5,0.0,27.4,15.67,17.9,0
2020-09-20,17.9,0.0,20.4,15.31,16.3,0
2020-09-21,16.3,0.0,10.5,14.32,17.5,0
2020-09-22,17.5,0.0,21.4,13.37,15.5,1
2020-09-23,15.5,5.1,27.9,6.03,11.2,1
2020-09-24,11.2,5.8,29.1,9.86,10.3,0
2020-09-25,10.3,0.2,39.7,9.92,10.0,0
2020-09-26,10.0,0.0,34.7,10.11,11.9,0
2020-09-27,11.9,0.4,33.6,6.37,12.9,0
2020-09-28,12.9,0.2,16.5,13.46,14.9,1
2020-09-29,14.9,1.9,15.2,8.5,14.1,1
2020-09-30,14.1,6.0,29.5,5.82,12.3,1
2020-10-01,12.3,1.1,19.2,9.95,12.0,1
2020-10-02,12.0,27.6,35.2,1.53,13.3,1
2020-10-03,13.3,31.8,30.3,3.65,10.0,1
2020-10-04,10.0,29.6,29.4,1.74,12.0,0
2020-10-05,12.0,1.0,24.2,9.5,12.5,1
2020-10-06,12.5,3.9,30.4,9.21,11.9,1
2020-10-07,11.9,1.9,25.5,9.1,14.1,1
2020-10-08,14.1,5.3,33.5,5.11,9.2,1
2020-10-09,9.2,4.6,22.8,7.03,8.9,1
2020-10-10,8.9,2.9,29.7,7.66,9.1,0
2020-10-11,9.1,0.1,19.4,9.34,9.2,1
2020-10-12,9.2,3.9,18.1,2.54,9.1,1
2020-10-13,9.1,3.1,20.3,3.47,10.4,1
2020-10-14,10.4,2.5,23.2,7.01,9.4,0
2020-10-15,9.4,0.4,22.1,7.52,9.4,0
2020-10-16,9.4,0.1,14.8,6.78,10.0,1
2020-10-17,10.0,1.6,10.8,3.38,9.4,0
2020-10-18,9.4,0.2,9.4,6.57,11.1,0
2020-10-19,11.1,0.0,22.7,8.4,14.6,1
2020-10-20,14.6,2.4,26.8,6.31,14.2,1
2020-10-21,14.2,10.9,26.0,2.8,12.9,0
2020-10-22,12.9,0.4,25.6,7.78,12.2,0
2020-10-23,12.2,0.7,24.7,6.17,12.7,1
2020-10-24,12.7,5.6,43.1,3.05,10.3,1
2020-10-25,10.3,1.2,26.8,6.88,8.9,0
2020-10-26,8.9,0.3,25.0,6.96,9.6,1
2020-10-27,9.6,2.8,32.3,1.27,9.8,1
2020-10-28,9.8,1.3,29.6,5.76,11.2,1
2020-10-29,11.2,5.1,29.5,1.33,15.0,0
2020-10-30,15.0,0.2,31.2,1.9,13.4,1
2020-10-31,13.4,6.2,37.1,2.68,14.3,0
2020-11-01,14.3,1.0,39.0,3.51,14.1,1
2020-11-02,14.1,1.2,45.1,4.77,7.7,1
2020-11-03,7.7,3.5,33.0,5.39,5.0,0
2020-11-04,5.0,0.0,9.6,7.53,4.5,0
2020-11-05,4.5,0.0,10.3,4.86,5.9,0
2020-11-06,5.9,0.0,16.5,5.29,8.7,0
2020-11-07,8.7,0.0,11.4,6.65,11.3,0
2020-11-08,11.3,0.1,10.6,3.28,13.2,1
2020-11-09,13.2,2.3,13.7,4.05,11.5,0
2020-11-10,11.5,0.7,14.2,4.9,11.0,1
2020-11-11,11.0,1.2,30.1,3.37,10.6,1
2020-11-12,10.6,4.7,31.8,4.9,11.1,0
2020-11-13,11.1,0.2,22.8,3.79,12.6,1
2020-11-14,12.6,9.9,39.0,1.42,11.4,1
2020-11-15,11.4,14.9,36.8,3.15,10.3,1
2020-11-16,10.3,1.2,26.5,2.38,12.7,0
2020-11-17,12.7,0.0,28.0,2.49,12.2,0
2020-11-18,12.2,0.5,30.1,3.73,7.2,0
2020-11-19,7.2,1.0,30.3,1.55,5.6,1
2020-11-20,5.6,2.0,19.4,2.22,10.6,0
2020-11-21,10.6,0.0,30.1,4.17,9.2,0
2020-11-22,9.2,0.1,17.6,3.71,5.8,0
2020-11-23,5.8,0.0,14.8,3.0,9.7,0
2020-11-24,9.7,0.0,23.0,3.61,9.9,0
2020-11-25,9.9,0.3,22.3,2.11,4.9,0
2020-11-26,4.9,0.0,10.6,2.74,4.7,0
2020-11-27,4.7,0.0,11.8,1.38,7.6,0
2020-11-28,7.6,0.0,14.1,4.0,7.3,0
2020-11-29,7.3,0.0,13.7,2.08,7.5,1
2020-11-30,7.5,3.1,23.7,1.04,4.7,0
2020-12-01,4.7,0.0,18.2,4.27,3.7,0
2020-12-02,3.7,0.3,11.0,1.64,5.0,1
2020-12-03,5.0,14.0,22.0,0.59,3.6,1
2020-12-04,3.6,5.7,22.9,1.09,3.9,0
2020-12-05,3.9,0.0,18.0,3.82,2.7,0
2020-12-06,2.7,0.7,15.4,3.07,2.3,0
2020-12-07,2.3,0.2,9.8,2.25,2.5,0
2020-12-08,2.5,0.1,9.9,3.11,4.6,1
2020-12-09,4.6,3.3,15.3,2.67,6.7,0
2020-12-10,6.7,0.1,19.1,1.34,7.5,1
2020-12-11,7.5,5.4,17.7,2.14,6.4,0
2020-12-12,6.4,0.6,19.6,1.73,6.4,1
2020-12-13,6.4,4.6,28.9,0.65,10.5,1
2020-12-14,10.5,7.7,33.4,2.5,8.4,0
2020-12-15,8.4,0.5,24.1,3.41,8.9,1
2020-12-16,8.9,3.1,28.4,1.4,8.4,0
2020-12-17,8.4,0.0,23.3,3.76,11.1,0
2020-12-18,11.1,0.4,31.4,1.08,10.0,1
2020-12-19,10.0,4.6,28.3,2.85,7.7,0
2020-12-20,7.7,0.2,21.7,3.46,10.7,1
2020-12-21,10.7,7.3,27.0,1.07,10.9,1
2020-12-22,10.9,2.6,30.4,1.2,10.5,1
2020-12-23,10.5,7.2,20.4,1.0,4.7,1
2020-12-24,4.7,2.2,33.7,3.36,1.7,0
2020-12-25,1.7,0.0,24.4,3.59,5.6,0
2020-12-26,5.6,0.0,41.8,1.88,5.9,1
2020-12-27,5.9,13.5,49.9,2.74,1.3,0
2020-12-28,1.3,0.3,16.5,2.38,1.3,0
2020-12-29,1.3,0.3,12.6,2.26,0.7,0
2020-12-30,0.7,0.0,14.0,3.31,-0.7,0
2020-12-31,-0.7,0.0,11.2,2.89,0.8,0
2021-01-01,0.8,0.4,10.0,1.34,2.5,0
2021-01-02,2.5,0.0,13.2,3.02,1.6,0
2021-01-03,1.6,0.6,19.7,2.76,3.1,1
2021-01-04,3.1,2.3,26.6,0.75,2.6,1
2021-01-05,2.6,1.9,24.3,1.1,2.4,1
2021-01-06,2.4,3.4,18.5,2.32,-0.8,0
2021-01-07,-0.8,0.0,11.2,3.45,-0.5,0
2021-01-08,-0.5,0.0,8.4,1.56,-0.7,0
2021-01-09,-0.7,0.0,9.7,3.3,0.1,0
2021-01-10,0.1,0.0,10.8,2.23,5.0,0
2021-01-11,5.0,0.6,29.8,3.78,6.1,1
2021-01-12,6.1,3.8,28.1,1.55,4.9,1
2021-01-13,4.9,2.6,12.2,0.51,5.1,1
2021-01-14,5.1,27.6,22.0,0.51,1.7,0
2021-01-15,1.7,0.0,13.5,3.21,4.0,1
2021-01-16,4.0,6.3,24.1,0.9,4.3,0
2021-01-17,4.3,0.0,18.2,4.51,4.4,0
2021-01-18,4.4,0.9,26.6,3.21,10.0,1
2021-01-19,10.0,2.4,34.9,2.3,9.9,1
2021-01-20,9.9,7.2,38.5,1.2,6.0,1
2021-01-21,6.0,2.3,41.4,4.26,2.7,0
2021-01-22,2.7,0.7,13.1,5.58,0.6,0
2021-01-23,0.6,0.0,18.9,4.16,-0.4,1
2021-01-24,-0.4,4.5,17.1,1.34,0.4,0
2021-01-25,0.4,0.7,17.5,6.15,1.9,1
2021-01-26,1.9,4.1,20.4,1.62,7.5,1
2021-01-27,7.5,2.6,15.4,2.31,10.3,1
2021-01-28,10.3,14.6,28.9,4.08,9.0,1
2021-01-29,9.0,9.5,28.6,3.82,4.7,1
2021-01-30,4.7,15.4,30.8,0.72,2.3,1
2021-01-31,2.3,2.0,25.3,3.05,3.7,0
2021-02-01,3.7,0.0,14.1,2.31,9.0,1
2021-02-02,9.0,5.0,29.1,4.1,7.6,1
2021-02-03,7.6,2.5,25.5,2.3,6.0,1
2021-02-04,6.0,5.3,16.6,2.15,6.7,0
2021-02-05,6.7,0.9,15.9,4.61,4.7,1
2021-02-06,4.7,8.8,24.1,4.92,1.3,1
2021-02-07,1.3,4.6,33.5,2.2,-1.4,0
2021-02-08,-1.4,0.5,28.3,3.4,-1.4,0
2021-02-09,-1.4,1.0,20.2,4.78,-2.7,0
2021-02-10,-2.7,0.0,19.5,8.99,-5.0,0
2021-02-11,-5.0,0.0,18.1,7.96,-2.4,0
2021-02-12,-2.4,0.0,26.3,8.12,-2.6,0
2021-02-13,-2.6,0.0,23.8,6.38,2.2,0
2021-02-14,2.2,0.6,29.1,4.43,8.7,1
2021-02-15,8.7,1.8,23.4,4.8,9.1,1
2021-02-16,9.1,2.1,27.7,2.69,9.1,1
2021-02-17,9.1,3.0,31.6,2.36,8.3,1
2021-02-18,8.3,1.3,35.1,4.69,8.0,0
2021-02-19,8.0,1.0,33.3,3.57,12.2,0
2021-02-20,12.2,0.5,27.8,7.23,11.0,0
2021-02-21,11.0,0.4,21.2,6.8,9.5,0
2021-02-22,9.5,1.0,18.8,3.33,9.6,0
2021-02-23,9.6,0.0,31.5,10.2,12.5,0
2021-02-24,12.5,0.0,29.3,7.03,9.8,0
2021-02-25,9.8,0.3,22.9,3.21,4.8,0
2021-02-26,4.8,0.0,11.2,11.21,5.4,0
2021-02-27,5.4,0.0,11.3,10.52,4.6,0
2021-02-28,4.6,0.0,16.8,8.77,5.6,0
2021-03-01,5.6,0.0,18.3,10.01,4.6,0
2021-03-02,4.6,0.0,11.6,8.75,5.8,1
2021-03-03,5.8,6.7,8.8,6.11,5.2,1
2021-03-04,5.2,1.7,17.8,3.44,3.8,0
2021-03-05,3.8,0.0,23.4,6.71,2.8,0
2021-03-06,2.8,0.0,12.4,6.47,2.3,0
2021-03-07,2.3,0.0,8.9,8.67,3.4,0
2021-03-08,3.4,0.1,9.8,8.0,5.5,0
2021-03-09,5.5,0.0,16.4,13.19,7.3,1
2021-03-10,7.3,6.0,37.2,2.14,9.0,1
2021-03-11,9.0,1.4,46.7,9.52,7.0,0
2021-03-12,7.0,1.0,38.1,10.31,6.7,1
2021-03-13,6.7,5.6,41.4,12.07,7.0,1
2021-03-14,7.0,1.8,29.0,8.27,8.5,0
2021-03-15,8.5,0.4,27.0,9.15,8.9,0
2021-03-16,8.9,0.5,26.7,5.18,6.4,0
2021-03-17,6.4,0.9,22.3,7.76,6.6,0
2021-03-18,6.6,1.0,22.7,4.2,7.3,0
2021-03-19,7.3,0.3,20.9,11.9,5.8,0
2021-03-20,5.8,0.0,11.2,5.63,8.2,0
2021-03-21,8.2,0.1,17.7,10.76,7.0,0
2021-03-22,7.0,0.0,12.4,14.08,7.3,0
2021-03-23,7.3,0.0,19.9,11.5,7.9,0
2021-03-24,7.9,0.1,21.2,8.96,7.5,0
2021-03-25,7.5,0.9,27.2,10.71,8.5,1
2021-03-26,8.5,4.3,37.4,4.87,6.9,0
2021-03-27,6.9,0.0,29.6,11.21,10.1,0
2021-03-28,10.1,0.0,39.4,9.24,11.0,0
2021-03-29,11.0,0.0,25.5,16.75,11.4,0
2021-03-30,11.4,0.0,13.0,18.95,14.1,0
2021-03-31,14.1,0.0,17.3,12.31,10.5,0
2021-04-01,10.5,0.0,23.2,17.06,6.6,0
2021-04-02,6.6,0.0,24.0,14.33,6.8,0
2021-04-03,6.8,0.0,22.9,9.01,7.1,0
2021-04-04,7.1,0.0,16.3,19.26,5.4,0
2021-04-05,5.4,0.1,30.2,13.89,2.7,0
2021-04-06,2.7,0.2,24.0,16.26,2.5,0
2021-04-07,2.5,0.0,21.0,12.84,6.4,0
2021-04-08,6.4,0.0,24.5,11.64,7.9,0
2021-04-09,7.9,0.7,16.7,12.55,6.2,0
2021-04-10,6.2,0.0,23.1,9.71,3.8,1
2021-04-11,3.8,1.8,18.0,19.3,3.3,1
2021-04-12,3.3,1.1,10.2,14.55,4.9,0
2021-04-13,4.9,0.6,10.1,17.18,6.0,0
2021-04-14,6.0,0.0,19.2,17.42,4.8,0
2021-04-15,4.8,0.7,21.3,17.08,4.9,0
2021-04-16,4.9,0.0,12.2,15.19,5.8,0
2021-04-17,5.8,0.0,15.1,22.73,7.5,0
2021-04-18,7.5,0.0,11.5,21.34,8.5,0
2021-04-19,8.5,0.0,15.0,22.45,9.3,0
2021-04-20,9.3,0.0,11.6,18.86,8.9,0
2021-04-21,8.9,0.4,23.4,18.11,7.0,0
2021-04-22,7.0,0.0,18.0,23.81,7.8,0
2021-04-23,7.8,0.0,19.1,24.63,9.1,0
2021-04-24,9.1,0.0,23.2,24.2,7.9,0
2021-04-25,7.9,0.0,26.6,19.84,7.3,0
2021-04-26,7.3,0.0,20.4,21.45,8.1,0
2021-04-27,8.1,0.0,14.2,19.48,8.0,1
2021-04-28,8.0,4.6,23.5,7.0,7.3,0
2021-04-29,7.3,0.4,19.8,17.58,6.5,0
2021-04-30,6.5,0.3,14.1,21.54,7.0,0
2021-05-01,7.0,0.6,16.4,21.49,7.9,0
2021-05-02,7.9,0.3,16.6,21.66,8.7,1
2021-05-03,8.7,4.7,46.4,9.86,9.8,1
2021-05-04,9.8,1.8,40.5,21.24,6.8,1
2021-05-05,6.8,3.0,24.3,19.76,6.5,1
2021-05-06,6.5,2.6,18.4,19.99,8.3,0
2021-05-07,8.3,0.1,18.9,19.06,11.6,1
2021-05-08,11.6,9.4,40.5,6.83,15.4,1
2021-05-09,15.4,2.0,27.9,16.74,12.6,1
2021-05-10,12.6,1.9,33.4,21.86,11.4,0
2021-05-11,11.4,0.6,26.0,18.84,11.9,1
2021-05-12,11.9,1.1,20.8,20.47,10.8,1
2021-05-13,10.8,5.3,18.3,8.98,10.2,0
2021-05-14,10.2,0.5,17.8,12.66,10.4,1
2021-05-15,10.4,3.4,16.9,10.5,10.5,1
2021-05-16,10.5,7.8,21.7,13.33,11.7,1
2021-05-17,11.7,3.7,18.5,18.07,11.1,1
2021-05-18,11.1,3.3,28.1,20.2,11.3,1
2021-05-19,11.3,5.7,23.1,19.8,10.3,0
2021-05-20,10.3,0.6,39.0,9.05,11.2,1
2021-05-21,11.2,4.0,47.9,10.64,10.7,1
2021-05-22,10.7,4.8,25.8,15.28,9.8,1
2021-05-23,9.8,6.8,34.2,14.3,10.2,1
2021-05-24,10.2,10.4,31.8,20.52,10.6,0
2021-05-25,10.6,0.8,27.8,16.68,10.8,0
2021-05-26,10.8,0.6,18.8,20.65,13.3,0
2021-05-27,13.3,0.0,13.0,20.6,14.1,0
2021-05-28,14.1,0.5,9.8,15.86,14.1,0
2021-05-29,14.1,0.0,17.3,17.88,12.6,0
2021-05-30,12.6,0.0,19.5,26.1,15.4,0
2021-05-31,15.4,0.0,18.1,28.05,17.4,0
2021-06-01,17.4,0.0,23.8,29.33,19.0,0
2021-06-02,19.0,0.1,19.3,22.72,19.1,1
2021-06-03,19.1,2.0,18.3,24.24,14.5,1
2021-06-04,14.5,6.7,14.4,7.4,16.8,0
2021-06-05,16.8,0.0,12.4,22.29,16.6,1
2021-06-06,16.6,1.1,10.1,16.43,17.1,0
2021-06-07,17.1,0.2,14.5,21.7,17.5,0
2021-06-08,17.5,0.0,14.0,26.53,17.9,0
2021-06-09,17.9,0.0,16.5,29.05,18.4,0
2021-06-10,18.4,0.4,18.8,16.01,19.2,0
2021-06-11,19.2,0.0,22.9,17.07,18.4,0
2021-06-12,18.4,0.0,13.8,23.56,19.6,0
2021-06-13,19.6,0.0,14.1,25.07,21.0,0
2021-06-14,21.0,0.2,14.8,24.51,19.0,0
2021-06-15,19.0,0.2,17.9,22.79,20.8,0
2021-06-16,20.8,0.8,16.5,24.24,19.5,1
2021-06-17,19.5,11.2,13.2,11.44,15.0,1
2021-06-18,15.0,29.1,26.4,5.66,13.8,1
2021-06-19,13.8,3.0,18.5,10.36,14.9,1
2021-06-20,14.9,5.5,18.6,11.01,12.7,1
2021-06-21,12.7,11.4,25.0,5.48,12.9,0
2021-06-22,12.9,0.6,27.0,11.34,13.8,0
2021-06-23,13.8,0.0,11.4,25.09,14.9,0
2021-06-24,14.9,0.4,15.2,18.82,16.5,1
2021-06-25,16.5,2.2,15.2,15.54,15.9,0
2021-06-26,15.9,0.1,13.6,20.37,16.7,1
2021-06-27,16.7,14.4,24.4,9.89,17.2,1
2021-06-28,17.2,7.8,17.8,10.49,16.2,1
2021-06-29,16.2,1.2,19.8,12.18,14.4,0
2021-06-30,14.4,0.4,14.5,9.87,16.3,0
2021-07-01,16.3,0.1,12.7,17.16,18.1,0
2021-07-02,18.1,0.9,14.5,21.77,17.8,1
2021-07-03,17.8,2.6,22.2,16.93,16.5,1
2021-07-04,16.5,5.0,27.8,15.46,16.1,1
2021-07-05,16.1,4.0,22.0,18.0,15.5,1
2021-07-06,15.5,8.5,36.6,19.44,16.2,1
2021-07-07,16.2,2.4,27.6,19.31,16.6,1
2021-07-08,16.6,2.0,14.1,18.74,17.6,0
2021-07-09,17.6,0.6,14.3,19.25,15.5,1
2021-07-10,15.5,1.5,10.3,11.51,16.0,1
2021-07-11,16.0,1.7,15.4,17.3,16.4,1
2021-07-12,16.4,16.0,13.2,11.21,18.0,1
2021-07-13,18.0,1.6,18.4,20.29,18.6,0
2021-07-14,18.6,0.3,21.1,19.3,17.9,0
2021-07-15,17.9,0.0,19.7,17.79,17.8,0
2021-07-16,17.8,0.0,17.0,28.35,19.9,0
2021-07-17,19.9,0.0,13.2,28.02,22.2,0
2021-07-18,22.2,0.0,9.3,26.61,22.5,0
2021-07-19,22.5,0.3,10.8,23.87,22.6,0
2021-07-20,22.6,0.0,17.3,23.49,22.3,0
2021-07-21,22.3,0.6,11.6,23.08,21.0,0
2021-07-22,21.0,0.0,14.1,25.11,18.2,0
2021-07-23,18.2,0.0,25.3,24.11,18.3,1
2021-07-24,18.3,14.3,24.6,12.15,18.3,1
2021-07-25,18.3,4.5,14.7,11.09,19.3,1
2021-07-26,19.3,2.2,15.3,17.53,18.0,1
2021-07-27,18.0,3.4,20.7,12.98,16.7,1
2021-07-28,16.7,6.1,31.0,17.24,16.6,0
2021-07-29,16.6,0.2,27.8,22.51,16.6,1
2021-07-30,16.6,2.6,39.2,17.54,16.3,1
2021-07-31,16.3,5.7,17.2,15.24,16.3,1
2021-08-01,16.3,4.2,15.2,17.58,15.1,0
2021-08-02,15.1,0.4,12.3,13.37,15.7,0
2021-08-03,15.7,0.8,11.0,18.73,16.3,0
2021-08-04,16.3,0.7,9.7,19.86,16.4,1
2021-08-05,16.4,2.1,26.0,10.78,17.1,1
2021-08-06,17.1,8.1,28.8,18.18,16.0,1
2021-08-07,16.0,3.7,26.8,14.46,16.1,1
2021-08-08,16.1,4.6,30.6,15.69,15.9,1
2021-08-09,15.9,10.1,24.4,14.43,17.1,0
2021-08-10,17.1,0.1,15.0,19.25,17.3,0
2021-08-11,17.3,0.0,19.0,17.7,18.3,0
2021-08-12,18.3,0.4,23.0,12.0,17.4,0
2021-08-13,17.4,0.3,24.0,12.98,18.3,0
2021-08-14,18.3,0.0,19.4,17.05,18.0,1
2021-08-15,18.0,1.2,24.5,15.09,15.6,0
2021-08-16,15.6,0.3,23.5,11.21,15.3,0
2021-08-17,15.3,0.6,21.9,6.31,17.9,0
2021-08-18,17.9,0.7,22.8,11.67,16.5,0
2021-08-19,16.5,0.5,17.4,10.71,17.9,0
2021-08-20,17.9,0.4,13.0,11.08,17.3,1
2021-08-21,17.3,5.5,12.5,7.63,17.6,1
2021-08-22,17.6,9.6,19.9,11.53,17.0,0
2021-08-23,17.0,0.1,16.9,12.78,16.5,0
2021-08-24,16.5,0.2,22.5,15.19,16.7,0
2021-08-25,16.7,0.0,18.3,17.33,16.3,0
2021-08-26,16.3,0.0,22.4,10.29,15.2,0
2021-08-27,15.2,0.0,16.4,11.87,15.3,0
2021-08-28,15.3,0.3,23.6,12.99,14.6,0
2021-08-29,14.6,0.0,20.2,12.41,15.8,0
2021-08-30,15.8,0.4,24.4,8.92,15.8,0
2021-08-31,15.8,0.2,23.9,10.05,15.9,0
2021-09-01,15.9,0.1,19.5,10.76,16.1,0
2021-09-02,16.1,0.0,21.3,8.87,16.4,0
2021-09-03,16.4,0.2,16.3,11.68,15.7,0
2021-09-04,15.7,0.4,17.9,8.79,17.8,0
2021-09-05,17.8,0.0,12.2,16.73,19.6,0
2021-09-06,19.6,0.0,10.5,17.1,21.1,0
2021-09-07,21.1,0.0,13.8,18.58,21.3,0
2021-09-08,21.3,0.0,18.2,18.51,18.9,1
2021-09-09,18.9,3.5,21.9,13.05,18.2,1
2021-09-10,18.2,3.4,18.1,8.28,18.0,0
2021-09-11,18.0,0.1,19.8,10.76,16.2,0
2021-09-12,16.2,0.2,13.0,10.95,16.3,0
2021-09-13,16.3,0.0,18.0,8.67,16.6,1
2021-09-14,16.6,14.7,14.8,4.59,16.7,0
2021-09-15,16.7,0.1,14.9,9.67,16.1,0
2021-09-16,16.1,0.0,12.2,12.63,16.1,0
2021-09-17,16.1,0.2,18.8,12.11,17.3,0
2021-09-18,17.3,0.6,13.8,12.35,16.1,1
2021-09-19,16.1,3.3,11.2,5.81,15.5,0
2021-09-20,15.5,0.1,19.1,8.0,15.0,0
2021-09-21,15.0,0.0,8.3,13.08,14.9,0
2021-09-22,14.9,0.0,17.8,14.43,15.9,0
2021-09-23,15.9,0.2,23.1,9.62,16.7,0
2021-09-24,16.7,0.0,16.4,14.47,16.8,0
2021-09-25,16.8,0.1,9.4,6.06,16.7,0
2021-09-26,16.7,0.4,20.8,10.34,15.7,1
2021-09-27,15.7,4.2,39.9,9.87,13.5,1
2021-09-28,13.5,12.0,26.9,6.2,11.4,0
2021-09-29,11.4,0.2,28.0,12.63,12.3,1
2021-09-30,12.3,2.9,36.0,4.18,14.6,1
2021-10-01,14.6,7.6,30.9,5.75,12.1,1
2021-10-02,12.1,21.9,37.1,1.85,12.5,0
2021-10-03,12.5,0.7,31.0,10.73,12.8,1
2021-10-04,12.8,1.1,25.0,9.84,12.8,1
2021-10-05,12.8,17.3,33.0,8.48,12.0,0
2021-10-06,12.0,0.0,27.0,12.51,15.1,0
2021-10-07,15.1,0.1,14.0,4.66,15.8,0
2021-10-08,15.8,0.1,11.2,5.43,12.2,0
2021-10-09,12.2,0.0,10.2,10.02,12.8,0
2021-10-10,12.8,0.2,15.2,5.58,11.2,0
2021-10-11,11.2,0.0,18.9,9.58,11.0,0
2021-10-12,11.0,0.3,18.2,6.25,11.5,0
2021-10-13,11.5,0.0,10.8,5.99,12.4,0
2021-10-14,12.4,0.2,21.1,6.75,11.9,0
2021-10-15,11.9,0.0,16.3,5.74,11.7,1
2021-10-16,11.7,1.3,13.3,6.48,12.5,1
2021-10-17,12.5,1.2,16.9,3.99,13.2,1
2021-10-18,13.2,4.8,21.9,2.81,17.9,1
2021-10-19,17.9,1.8,36.4,7.47,15.3,1
2021-10-20,15.3,34.0,33.9,7.68,9.1,1
2021-10-21,9.1,6.3,29.8,8.59,8.2,0
2021-10-22,8.2,0.0,24.8,7.24,9.0,0
2021-10-23,9.0,0.0,19.0,6.38,12.2,0
2021-10-24,12.2,0.0,22.8,7.16,11.7,1
2021-10-25,11.7,4.6,20.7,7.18,11.9,0
2021-10-26,11.9,0.0,27.7,6.23,14.6,0
2021-10-27,14.6,0.0,31.9,6.05,13.7,0
2021-10-28,13.7,0.0,26.3,8.29,13.1,1
2021-10-29,13.1,4.6,35.9,5.56,11.3,1
2021-10-30,11.3,4.4,21.2,5.66,11.4,1
2021-10-31,11.4,10.1,46.4,3.94,9.5,0
2021-11-01,9.5,0.7,27.3,6.98,6.4,0
2021-11-02,6.4,0.0,8.9,7.52,5.7,0
2021-11-03,5.7,0.4,14.8,5.97,6.8,0
2021-11-04,6.8,0.0,27.0,3.46,5.1,0
2021-11-05,5.1,0.0,11.3,6.58,10.0,0
2021-11-06,10.0,0.1,32.1,3.58,9.7,0
2021-11-07,9.7,0.0,23.5,6.25,7.6,0
2021-11-08,7.6,0.0,11.9,5.55,12.2,0
2021-11-09,12.2,0.0,20.6,4.62,11.6,0
2021-11-10,11.6,0.0,11.0,1.65,10.9,0
2021-11-11,10.9,0.1,12.5,3.26,11.9,1
2021-11-12,11.9,1.1,25.8,3.68,11.1,0
2021-11-13,11.1,0.0,19.4,2.78,10.2,0
2021-11-14,10.2,0.0,19.0,2.83,9.8,0
2021-11-15,9.8,0.0,7.8,3.18,8.1,0
2021-11-16,8.1,0.3,10.9,4.36,7.8,0
2021-11-17,7.8,0.0,12.7,5.34,9.3,0
2021-11-18,9.3,0.0,20.8,4.81,10.9,0
2021-11-19,10.9,0.0,14.9,2.5,9.9,0
2021-11-20,9.9,0.1,13.7,1.48,6.6,0
2021-11-21,6.6,0.4,25.6,4.85,5.8,0
2021-11-22,5.8,0.0,21.3,5.17,4.2,0
2021-11-23,4.2,0.0,10.5,4.5,5.3,0
2021-11-24,5.3,0.0,9.7,1.99,3.9,0
2021-11-25,3.9,0.0,16.9,5.06,4.3,1
2021-11-26,4.3,2.9,28.1,2.89,3.2,1
2021-11-27,3.2,4.2,38.1,2.37,1.3,0
2021-11-28,1.3,0.0,32.4,4.88,0.6,0
2021-11-29,0.6,0.0,17.1,4.01,8.6,0
2021-11-30,8.6,0.4,29.1,2.15,7.8,1
2021-12-01,7.8,2.1,32.5,3.47,1.6,0
2021-12-02,1.6,0.6,23.3,4.23,5.2,1
2021-12-03,5.2,2.5,20.5,1.49,5.3,1
2021-12-04,5.3,4.9,25.1,4.16,5.2,1
2021-12-05,5.2,3.7,27.5,1.28,3.8,1
2021-12-06,3.8,2.1,29.7,0.71,4.3,1
2021-12-07,4.3,8.8,36.1,0.89,5.5,0
2021-12-08,5.5,0.3,30.6,3.25,5.1,1
2021-12-09,5.1,4.3,22.9,3.5,5.6,1
2021-12-10,5.6,4.7,29.6,3.63,4.5,1
2021-12-11,4.5,3.5,20.7,1.51,11.4,0
2021-12-12,11.4,0.9,20.8,1.67,10.4,0
2021-12-13,10.4,0.0,22.2,1.62,10.4,0
2021-12-14,10.4,0.0,20.6,1.85,10.6,0
2021-12-15,10.6,0.5,17.7,2.13,8.9,0
2021-12-16,8.9,0.1,9.2,1.75,7.4,0
2021-12-17,7.4,0.0,14.8,2.07,8.1,0
2021-12-18,8.1,0.0,20.2,1.65,6.4,0
2021-12-19,6.4,0.0,11.8,0.99,5.7,0
2021-12-20,5.7,0.1,13.7,2.37,3.8,0
2021-12-21,3.8,0.0,11.1,2.19,0.8,0
2021-12-22,0.8,0.0,11.9,2.28,6.7,0
2021-12-23,6.7,0.7,22.1,2.08,8.2,1
2021-12-24,8.2,14.3,11.8,1.6,6.9,1
2021-12-25,6.9,2.6,24.6,1.29,7.0,1
2021-12-26,7.0,6.3,20.1,1.74,8.5,1
2021-12-27,8.5,6.5,23.4,1.11,9.7,0
2021-12-28,9.7,0.9,36.4,1.79,10.2,1
2021-12-29,10.2,2.9,30.7,1.14,13.6,0
2021-12-30,13.6,0.5,31.3,0.91,13.1,0
2021-12-31,13.1,0.4,29.8,2.46,12.9,0
2022-01-01,12.9,0.2,25.3,2.76,11.1,1
2022-01-02,11.1,2.0,29.5,3.2,8.7,0
2022-01-03,8.7,0.0,24.4,2.43,4.7,1
2022-01-04,4.7,2.5,21.0,0.66,2.1,0
2022-01-05,2.1,0.0,21.3,4.27,1.4,1
2022-01-06,1.4,2.2,30.9,2.24,3.8,0
2022-01-07,3.8,0.3,28.8,3.38,5.7,1
2022-01-08,5.7,7.9,27.4,0.57,3.1,0
2022-01-09,3.1,0.0,21.2,4.32,4.7,0
2022-01-10,4.7,0.6,12.6,1.2,8.5,1
2022-01-11,8.5,2.5,15.6,0.76,3.9,0
2022-01-12,3.9,0.0,9.2,3.97,1.6,0
2022-01-13,1.6,0.0,9.3,3.97,0.4,0
2022-01-14,0.4,0.0,10.7,4.3,1.5,0
2022-01-15,1.5,0.0,12.9,3.28,3.5,0
2022-01-16,3.5,0.0,11.3,4.08,2.4,0
2022-01-17,2.4,0.0,9.8,5.01,2.2,0
2022-01-18,2.2,0.0,10.7,2.3,5.0,0
2022-01-19,5.0,0.0,18.5,2.53,1.7,0
2022-01-20,1.7,0.0,16.0,5.01,0.2,0
2022-01-21,0.2,0.0,14.1,5.05,1.9,0
2022-01-22,1.9,0.0,12.5,4.76,4.4,0
2022-01-23,4.4,0.0,5.8,1.93,3.4,0
2022-01-24,3.4,0.0,8.5,2.64,1.9,0
2022-01-25,1.9,0.0,8.0,2.04,3.5,0
2022-01-26,3.5,0.0,17.3,4.92,6.6,0
2022-01-27,6.6,0.0,21.4,2.61,4.1,0
2022-01-28,4.1,0.0,20.8,4.23,9.9,0
2022-01-29,9.9,0.1,38.2,3.97,3.8,0
2022-01-30,3.8,0.0,26.4,6.51,5.9,0
2022-01-31,5.9,0.7,33.9,6.78,9.1,0
2022-02-01,9.1,0.7,33.4,5.17,9.3,0
2022-02-02,9.3,0.0,23.9,5.13,8.1,0
2022-02-03,8.1,0.0,19.5,2.92,6.5,1
2022-02-04,6.5,3.7,29.8,4.45,5.9,0
2022-02-05,5.9,0.0,35.8,5.76,9.0,1
2022-02-06,9.0,4.0,39.2,4.36,6.3,0
2022-02-07,6.3,0.0,27.7,5.3,10.3,0
2022-02-08,10.3,0.0,30.1,4.69,9.5,1
2022-02-09,9.5,3.2,22.8,4.44,6.2,0
2022-02-10,6.2,0.6,18.4,5.13,3.3,0
2022-02-11,3.3,0.0,14.7,7.19,4.8,0
2022-02-12,4.8,0.0,30.6,7.63,7.9,1
2022-02-13,7.9,10.5,36.2,2.01,7.4,1
2022-02-14,7.4,4.2,29.7,6.96,6.4,1
2022-02-15,6.4,6.6,34.5,1.63,12.5,1
2022-02-16,12.5,5.9,42.5,4.94,8.7,0
2022-02-17,8.7,0.1,38.3,7.0,8.2,1
2022-02-18,8.2,2.6,68.0,6.72,5.4,1
2022-02-19,5.4,5.2,41.4,3.87,9.6,1
2022-02-20,9.6,3.0,47.2,1.68,7.0,0
2022-02-21,7.0,0.3,42.9,6.46,8.4,0
2022-02-22,8.4,0.5,38.3,4.52,6.4,0
2022-02-23,6.4,0.1,31.4,6.66,6.2,1
2022-02-24,6.2,3.6,33.8,7.14,5.7,0
2022-02-25,5.7,0.0,26.8,10.71,4.5,0
2022-02-26,4.5,0.0,22.0,10.68,5.1,0
2022-02-27,5.1,0.0,20.4,11.94,8.6,1
2022-02-28,8.6,3.0,26.1,5.82,8.2,1
2022-03-01,8.2,9.8,21.5,1.72,6.4,1
2022-03-02,6.4,9.2,16.2,2.87,8.4,0
2022-03-03,8.4,0.1,15.7,6.43,7.3,1
2022-03-04,7.3,2.3,14.1,2.15,5.9,1
2022-03-05,5.9,1.4,33.4,3.88,4.5,0
2022-03-06,4.5,0.3,28.5,7.92,4.2,0
2022-03-07,4.2,0.0,26.0,10.53,5.3,0
2022-03-08,5.3,0.0,20.6,13.38,9.1,0
2022-03-09,9.1,0.1,27.6,8.44,10.9,0
2022-03-10,10.9,0.0,21.3,10.36,9.9,1
2022-03-11,9.9,3.2,29.4,5.65,9.1,1
2022-03-12,9.1,1.6,29.4,12.03,8.5,1
2022-03-13,8.5,1.7,23.9,5.91,6.9,1
2022-03-14,6.9,1.2,16.3,12.02,8.4,0
2022-03-15,8.4,0.0,11.3,11.49,9.6,1
2022-03-16,9.6,10.7,20.8,5.11,7.1,0
2022-03-17,7.1,0.0,20.1,14.16,7.9,0
2022-03-18,7.9,0.0,18.8,15.17,9.1,0
2022-03-19,9.1,0.0,28.4,16.24,6.8,0
2022-03-20,6.8,0.1,21.6,14.05,7.4,0
2022-03-21,7.4,0.0,12.2,15.28,11.0,0
2022-03-22,11.0,0.1,16.3,16.12,10.6,0
2022-03-23,10.6,0.0,10.6,15.88,10.0,0
2022-03-24,10.0,0.0,9.8,17.08,8.7,0
2022-03-25,8.7,0.0,16.2,17.28,9.4,0
2022-03-26,9.4,0.0,19.4,17.6,8.2,0
2022-03-27,8.2,0.0,19.5,9.4,8.5,0
2022-03-28,8.5,0.1,12.0,14.89,9.4,0
2022-03-29,9.4,0.3,18.0,11.87,7.8,1
2022-03-30,7.8,3.3,24.8,9.98,3.8,0
2022-03-31,3.8,0.7,34.7,17.03,3.7,1
2022-04-01,3.7,2.4,35.5,17.03,3.2,0
2022-04-02,3.2,0.8,15.0,16.49,3.5,0
2022-04-03,3.5,0.1,14.4,13.96,8.9,1
2022-04-04,8.9,3.4,29.9,6.42,11.0,0
2022-04-05,11.0,0.1,25.7,9.9,10.5,1
2022-04-06,10.5,2.4,35.4,9.5,9.1,1
2022-04-07,9.1,4.5,45.2,16.89,5.9,1
2022-04-08,5.9,1.6,16.9,13.82,6.2,0
2022-04-09,6.2,0.9,17.7,18.33,7.3,0
2022-04-10,7.3,0.0,16.6,18.19,10.5,0
2022-04-11,10.5,0.0,24.7,17.19,12.8,1
2022-04-12,12.8,5.0,24.5,13.22,12.8,0
2022-04-13,12.8,0.4,23.3,16.59,12.3,0
2022-04-14,12.3,0.0,9.4,15.76,13.7,0
2022-04-15,13.7,0.0,11.3,19.47,12.1,0
2022-04-16,12.1,0.0,14.9,21.79,11.8,0
2022-04-17,11.8,0.0,16.4,20.39,10.8,0
2022-04-18,10.8,0.0,12.3,17.72,10.9,0
2022-04-19,10.9,0.1,20.9,14.72,11.3,0
2022-04-20,11.3,0.0,23.2,21.54,11.7,0
2022-04-21,11.7,0.0,24.5,23.03,11.6,0
2022-04-22,11.6,0.1,32.3,11.8,12.6,0
2022-04-23,12.6,0.0,31.3,18.22,12.6,0
2022-04-24,12.6,0.0,23.9,19.47,9.5,0
2022-04-25,9.5,0.3,23.1,17.77,10.0,0
2022-04-26,10.0,0.0,18.4,18.27,8.6,0
2022-04-27,8.6,0.1,18.4,13.19,9.4,0
2022-04-28,9.4,0.1,16.9,18.63,8.4,0
2022-04-29,8.4,0.0,16.8,14.42,10.1,0
2022-04-30,10.1,0.0,13.5,20.84,11.1,1
2022-05-01,11.1,1.6,14.3,7.68,11.8,0
2022-05-02,11.8,0.4,7.6,13.77,12.2,0
2022-05-03,12.2,0.0,12.8,10.12,12.5,1
2022-05-04,12.5,4.5,16.9,14.84,13.1,0
2022-05-05,13.1,0.0,14.1,19.74,14.7,0
2022-05-06,14.7,0.0,20.2,22.83,14.1,1
2022-05-07,14.1,2.3,15.7,15.7,12.3,0
2022-05-08,12.3,0.0,15.4,25.22,14.0,0
2022-05-09,14.0,0.0,23.7,22.66,15.6,1
2022-05-10,15.6,1.5,24.7,11.18,13.0,1
2022-05-11,13.0,4.2,36.7,7.93,12.6,0
2022-05-12,12.6,0.0,22.5,20.45,14.4,0
2022-05-13,14.4,0.0,26.4,23.85,14.3,0
2022-05-14,14.3,0.0,10.9,26.55,15.0,1
2022-05-15,15.0,23.9,23.1,12.7,16.2,1
2022-05-16,16.2,2.6,29.9,18.35,18.1,0
2022-05-17,18.1,0.1,24.0,22.14,16.7,1
2022-05-18,16.7,7.2,17.8,23.43,16.8,1
2022-05-19,16.8,23.9,18.0,23.13,13.5,1
2022-05-20,13.5,4.0,27.4,11.31,14.2,0
2022-05-21,14.2,0.0,20.0,20.66,15.5,0
2022-05-22,15.5,0.0,13.8,23.05,14.1,1
2022-05-23,14.1,2.5,17.7,12.45,12.7,1
2022-05-24,12.7,4.0,18.4,20.25,13.3,0
2022-05-25,13.3,0.2,30.8,9.47,15.5,0
2022-05-26,15.5,0.0,29.6,17.14,15.4,0
2022-05-27,15.4,0.0,20.1,27.5,12.7,0
2022-05-28,12.7,0.1,18.7,19.14,11.1,0
2022-05-29,11.1,0.4,19.6,22.32,10.9,1
2022-05-30,10.9,1.5,18.9,16.37,11.4,1
2022-05-31,11.4,3.4,16.6,15.85,12.3,0
2022-06-01,12.3,0.0,12.0,19.11,13.8,0
2022-06-02,13.8,0.0,16.2,23.53,16.2,0
2022-06-03,16.2,0.2,23.4,25.17,14.9,1
2022-06-04,14.9,2.4,30.0,20.44,13.8,1
2022-06-05,13.8,5.3,19.5,9.59,14.2,0
2022-06-06,14.2,0.3,18.0,11.69,15.5,1
2022-06-07,15.5,3.5,17.3,20.74,16.6,1
2022-06-08,16.6,29.2,26.4,23.0,15.3,0
2022-06-09,15.3,0.4,21.2,15.69,17.7,0
2022-06-10,17.7,0.1,28.8,22.71,16.6,0
2022-06-11,16.6,0.5,25.0,21.54,15.6,0
2022-06-12,15.6,0.0,22.1,21.5,15.2,0
2022-06-13,15.2,0.0,11.6,22.15,16.7,0
2022-06-14,16.7,0.0,10.8,29.2,18.6,0
2022-06-15,18.6,0.0,10.8,27.8,19.9,0
2022-06-16,19.9,0.0,16.3,27.75,23.3,0
2022-06-17,23.3,0.2,25.7,27.64,19.2,1
2022-06-18,19.2,9.2,28.0,16.89,14.5,1
2022-06-19,14.5,2.0,20.6,17.38,15.7,0
2022-06-20,15.7,0.6,21.9,27.51,16.5,0
2022-06-21,16.5,0.0,10.8,25.94,18.2,0
2022-06-22,18.2,0.0,17.2,29.65,18.1,0
2022-06-23,18.1,0.5,15.1,19.36,18.0,1
2022-06-24,18.0,2.3,29.0,20.43,16.1,0
2022-06-25,16.1,0.9,25.9,23.96,15.9,0
2022-06-26,15.9,0.0,28.0,24.06,15.4,1
2022-06-27,15.4,2.0,28.8,22.64,15.8,0
2022-06-28,15.8,0.2,27.1,22.37,16.3,0
2022-06-29,16.3,0.9,21.7,13.62,15.3,1
2022-06-30,15.3,2.2,17.4,16.37,15.3,0
2022-07-01,15.3,0.7,26.0,20.95,16.5,0
2022-07-02,16.5,0.5,27.9,17.2,16.2,0
2022-07-03,16.2,0.0,17.7,19.94,16.4,0
2022-07-04,16.4,0.0,19.1,23.5,16.5,0
2022-07-05,16.5,0.0,18.9,18.26,18.5,0
2022-07-06,18.5,0.0,21.2,16.62,19.7,0
2022-07-07,19.7,0.0,18.9,21.49,20.5,0
2022-07-08,20.5,0.0,13.3,27.68,20.4,0
2022-07-09,20.4,0.0,14.9,26.08,21.0,0
2022-07-10,21.0,0.0,15.3,27.67,23.2,0
2022-07-11,23.2,0.0,15.8,25.34,24.1,0
2022-07-12,24.1,0.0,20.2,17.56,23.1,0
2022-07-13,23.1,0.4,12.5,20.62,19.5,0
2022-07-14,19.5,0.0,20.2,23.78,19.2,0
2022-07-15,19.2,0.0,19.0,23.71,20.5,0
2022-07-16,20.5,0.0,13.0,27.82,22.7,0
2022-07-17,22.7,0.0,15.1,25.82,27.2,0
2022-07-18,27.2,0.0,14.6,27.54,29.1,0
2022-07-19,29.1,0.9,22.5,26.74,21.3,1
2022-07-20,21.3,1.7,24.5,18.12,20.4,0
2022-07-21,20.4,0.6,16.6,13.88,18.8,1
2022-07-22,18.8,2.5,19.8,16.57,19.4,0
2022-07-23,19.4,0.1,24.0,21.83,20.8,1
2022-07-24,20.8,4.1,27.1,24.27,19.9,0
2022-07-25,19.9,0.0,28.1,16.82,17.7,0
2022-07-26,17.7,0.2,14.0,12.93,17.4,0
2022-07-27,17.4,0.1,17.3,15.81,18.1,1
2022-07-28,18.1,1.6,18.8,17.89,19.8,0
2022-07-29,19.8,0.0,12.2,23.76,20.7,0
2022-07-30,20.7,0.0,17.7,15.5,21.3,0
2022-07-31,21.3,0.6,29.1,13.38,20.7,0
2022-08-01,20.7,0.0,16.7,14.63,21.1,0
2022-08-02,21.1,0.2,25.6,14.97,21.8,0
2022-08-03,21.8,0.0,24.7,16.75,20.1,0
2022-08-04,20.1,0.0,17.7,18.59,17.9,0
2022-08-05,17.9,0.0,18.4,19.8,17.4,0
2022-08-06,17.4,0.0,13.2,25.54,19.6,0
2022-08-07,19.6,0.0,11.0,25.08,20.8,0
2022-08-08,20.8,0.0,19.2,20.6,20.7,0
2022-08-09,20.7,0.0,19.2,24.5,21.5,0
2022-08-10,21.5,0.0,16.6,24.28,23.1,0
2022-08-11,23.1,0.0,18.4,24.46,24.2,0
2022-08-12,24.2,0.0,19.4,24.23,25.1,0
2022-08-13,25.1,0.0,17.1,23.95,25.2,0
2022-08-14,25.2,0.0,17.5,19.3,23.1,0
2022-08-15,23.1,0.7,19.2,17.15,19.8,1
2022-08-16,19.8,3.6,18.2,10.9,19.9,1
2022-08-17,19.9,1.1,20.1,15.26,19.9,0
2022-08-18,19.9,0.6,16.4,15.91,20.1,0
2022-08-19,20.1,0.9,20.2,19.8,18.2,0
2022-08-20,18.2,0.0,22.5,15.51,18.5,0
2022-08-21,18.5,0.0,13.0,17.07,18.0,1
2022-08-22,18.0,2.7,15.9,11.53,21.0,0
2022-08-23,21.0,0.5,19.2,11.4,22.2,0
2022-08-24,22.2,0.6,17.9,14.28,18.3,1
2022-08-25,18.3,17.1,15.1,8.01,18.0,0
2022-08-26,18.0,0.0,8.3,16.49,18.0,0
2022-08-27,18.0,0.3,16.6,18.06,17.4,0
2022-08-28,17.4,0.0,18.7,15.08,17.2,0
2022-08-29,17.2,0.1,20.2,13.13,18.2,0
2022-08-30,18.2,0.0,23.3,11.07,17.9,0
2022-08-31,17.9,0.2,24.9,15.29,18.9,0
2022-09-01,18.9,0.7,23.6,11.92,18.9,0
2022-09-02,18.9,1.0,14.7,11.41,18.8,1
2022-09-03,18.8,1.4,20.0,14.77,19.5,0
2022-09-04,19.5,0.4,22.7,12.15,19.6,1
2022-09-05,19.6,4.9,21.4,13.76,18.0,1
2022-09-06,18.0,8.7,27.9,10.96,17.2,1
2022-09-07,17.2,4.4,21.8,13.96,15.7,1
2022-09-08,15.7,4.6,22.4,11.37,16.2,1
2022-09-09,16.2,1.1,18.0,12.54,16.5,0
2022-09-10,16.5,0.8,12.4,12.1,17.1,0
2022-09-11,17.1,0.0,15.5,13.67,19.6,0
2022-09-12,19.6,0.8,13.0,13.49,17.4,1
2022-09-13,17.4,2.8,16.3,6.63,17.0,1
2022-09-14,17.0,5.3,13.3,14.0,15.0,0
2022-09-15,15.0,0.8,15.4,10.04,12.5,0
2022-09-16,12.5,0.1,21.9,16.11,11.3,0
2022-09-17,11.3,0.0,18.3,17.0,12.5,0
2022-09-18,12.5,0.0,22.3,12.39,13.3,0
2022-09-19,13.3,0.3,8.6,8.07,14.2,0
2022-09-20,14.2,0.0,8.2,12.73,15.0,0
2022-09-21,15.0,0.0,8.2,11.38,14.8,0
2022-09-22,14.8,0.0,17.1,12.18,15.1,1
2022-09-23,15.1,2.6,15.3,7.88,13.2,0
2022-09-24,13.2,0.2,19.3,11.19,12.3,0
2022-09-25,12.3,0.0,16.3,11.35,12.6,1
2022-09-26,12.6,1.7,27.1,7.8,11.0,1
2022-09-27,11.0,2.4,26.1,7.55,10.0,0
2022-09-28,10.0,0.1,16.7,12.14,10.3,0
2022-09-29,10.3,0.0,10.7,12.09,11.5,1
2022-09-30,11.5,5.4,34.9,7.25,14.9,0
2022-10-01,14.9,0.2,25.6,12.66,14.0,0
2022-10-02,14.0,0.4,15.8,9.82,12.3,0
2022-10-03,12.3,0.0,14.0,7.6,15.4,0
2022-10-04,15.4,0.3,27.8,6.0,15.7,0
2022-10-05,15.7,0.9,44.4,4.76,12.8,0
2022-10-06,12.8,0.0,24.6,11.28,14.4,0
2022-10-07,14.4,0.5,31.5,10.16,11.1,0
2022-10-08,11.1,0.0,13.1,11.96,11.4,0
2022-10-09,11.4,0.0,19.6,12.17,12.1,1
2022-10-10,12.1,1.5,17.7,9.78,9.3,0
2022-10-11,9.3,0.0,11.0,11.79,11.6,1
2022-10-12,11.6,1.3,21.7,8.61,13.4,1
2022-10-13,13.4,9.3,13.8,8.19,11.9,1
2022-10-14,11.9,1.2,15.2,2.12,12.3,0
2022-10-15,12.3,0.2,30.0,8.19,13.7,1
2022-10-16,13.7,8.9,24.4,7.97,15.2,1
2022-10-17,15.2,3.4,20.7,7.39,11.3,0
2022-10-18,11.3,0.0,15.8,10.16,14.0,1
2022-10-19,14.0,2.3,30.5,8.31,13.9,1
2022-10-20,13.9,10.0,15.4,4.56,14.7,1
2022-10-21,14.7,5.9,29.0,6.02,14.7,0
2022-10-22,14.7,0.2,24.0,7.46,15.4,1
2022-10-23,15.4,12.5,27.5,4.17,13.6,1
2022-10-24,13.6,1.7,30.4,7.1,13.6,0
2022-10-25,13.6,0.2,19.5,7.31,15.9,0
2022-10-26,15.9,0.6,31.4,6.84,16.3,1
2022-10-27,16.3,4.0,26.9,5.49,15.4,0
2022-10-28,15.4,0.1,28.8,6.4,16.3,1
2022-10-29,16.3,3.0,17.3,5.47,14.3,1
2022-10-30,14.3,1.3,24.3,2.59,14.1,1
2022-10-31,14.1,6.6,24.9,6.21,12.6,1
2022-11-01,12.6,4.2,44.0,4.89,12.0,1
2022-11-02,12.0,2.5,36.1,5.91,10.5,1
2022-11-03,10.5,28.1,26.4,2.15,8.5,1
2022-11-04,8.5,3.1,17.8,7.47,9.6,1
2022-11-05,9.6,2.9,25.5,1.22,12.7,1
2022-11-06,12.7,20.4,24.6,1.65,12.8,1
2022-11-07,12.8,1.4,33.1,1.89,13.0,1
2022-11-08,13.0,4.7,34.9,4.52,11.3,0
2022-11-09,11.3,0.0,28.6,5.98,12.8,0
2022-11-10,12.8,0.0,32.7,4.23,13.7,0
2022-11-11,13.7,0.0,28.4,4.37,11.7,0
2022-11-12,11.7,0.0,12.1,6.04,10.7,0
2022-11-13,10.7,0.0,12.8,5.27,10.9,0
2022-11-14,10.9,0.3,20.2,2.92,11.1,1
2022-11-15,11.1,8.9,31.1,1.39,9.7,1
2022-11-16,9.7,19.4,29.5,4.26,9.6,1
2022-11-17,9.6,6.9,33.5,2.92,8.4,1
2022-11-18,8.4,2.2,23.6,4.86,6.7,0
2022-11-19,6.7,0.3,17.6,3.83,7.2,1
2022-11-20,7.2,6.1,22.7,4.63,5.8,1
2022-11-21,5.8,7.9,38.3,0.94,5.8,0
2022-11-22,5.8,0.1,25.6,4.5,8.2,1
2022-11-23,8.2,5.8,35.1,3.6,9.0,1
2022-11-24,9.0,2.9,31.9,3.28,8.3,0
2022-11-25,8.3,0.0,21.4,4.98,9.7,0
2022-11-26,9.7,0.9,28.4,3.15,11.3,1
2022-11-27,11.3,10.8,30.3,1.17,7.4,1
2022-11-28,7.4,1.5,10.4,3.26,6.6,0
2022-11-29,6.6,0.0,9.7,1.45,6.5,0
2022-11-30,6.5,0.1,8.4,2.31,4.8,0
2022-12-01,4.8,0.0,10.5,3.04,5.0,0
2022-12-02,5.0,0.3,20.1,2.51,6.0,0
2022-12-03,6.0,0.0,24.1,1.71,5.0,1
2022-12-04,5.0,1.6,21.1,1.23,6.4,0
2022-12-05,6.4,0.0,17.8,2.17,4.6,0
2022-12-06,4.6,0.0,13.8,4.02,1.0,0
2022-12-07,1.0,0.0,11.7,3.86,-1.9,0
2022-12-08,-1.9,0.0,11.5,4.2,-2.4,0
2022-12-09,-2.4,0.0,11.3,3.96,-2.0,0
2022-12-10,-2.0,0.0,11.5,4.11,-2.5,0
2022-12-11,-2.5,0.7,11.4,2.28,-0.1,0
2022-12-12,-0.1,0.2,12.4,2.17,-1.7,0
2022-12-13,-1.7,0.0,10.9,2.31,-1.3,0
2022-12-14,-1.3,0.0,15.7,3.56,-3.0,0
2022-12-15,-3.0,0.0,10.9,4.19,-2.8,0
2022-12-16,-2.8,0.0,12.3,4.04,-0.8,0
2022-12-17,-0.8,0.0,16.2,3.24,1.6,1
2022-12-18,1.6,9.9,30.6,0.55,11.7,1
2022-12-19,11.7,4.9,37.3,1.11,9.4,1
2022-12-20,9.4,3.5,33.0,3.84,7.0,0
2022-12-21,7.0,0.9,20.7,1.97,8.0,0
2022-12-22,8.0,0.8,18.1,0.91,9.4,1
2022-12-23,9.4,7.8,25.4,2.1,8.4,0
2022-12-24,8.4,0.0,21.4,2.9,9.8,0
2022-12-25,9.8,0.1,20.7,1.88,6.2,0
2022-12-26,6.2,0.0,25.9,3.97,6.0,1
2022-12-27,6.0,3.8,34.7,2.21,10.5,1
2022-12-28,10.5,4.0,37.6,0.51,7.9,0
2022-12-29,7.9,0.3,33.4,3.46,9.4,1
2022-12-30,9.4,5.9,35.7,1.03,12.1,1
2022-12-31,12.1,10.6,35.8,0.71,10.4,1
2023-01-01,10.4,3.9,34.1,2.35,5.8,0
2023-01-02,5.8,0.6,15.5,3.27,7.8,1
2023-01-03,7.8,3.2,37.4,0.99,11.9,0
2023-01-04,11.9,0.9,35.9,2.94,10.4,0
2023-01-05,10.4,0.1,28.9,1.78,9.5,1
2023-01-06,9.5,1.2,32.3,3.29,10.3,1
2023-01-07,10.3,5.0,36.7,0.9,7.3,1
2023-01-08,7.3,1.4,28.8,2.61,5.7,0
2023-01-09,5.7,0.7,26.0,3.84,8.2,1
2023-01-10,8.2,6.4,36.7,0.51,8.7,1
2023-01-11,8.7,2.6,34.5,3.61,10.4,1
2023-01-12,10.4,5.7,40.7,1.25,7.4,0
2023-01-13,7.4,0.0,33.9,4.62,8.9,1
2023-01-14,8.9,11.4,40.4,1.08,4.8,0
2023-01-15,4.8,0.0,29.6,4.72,2.4,1
2023-01-16,2.4,13.4,27.9,3.36,-2.3,0
2023-01-17,-2.3,0.0,9.7,4.37,-0.5,0
2023-01-18,-0.5,0.0,17.2,5.04,-0.4,0
2023-01-19,-0.4,0.0,10.8,5.22,1.6,0
2023-01-20,1.6,0.0,17.7,5.31,1.2,0
2023-01-21,1.2,0.0,11.2,5.37,-1.8,0
2023-01-22,-1.8,0.0,5.4,4.0,-1.2,0
2023-01-23,-1.2,0.0,6.6,4.05,1.8,0
2023-01-24,1.8,0.0,9.6,4.77,0.6,1
2023-01-25,0.6,1.7,18.9,1.57,4.7,0
2023-01-26,4.7,0.3,23.7,3.25,4.0,0
2023-01-27,4.0,0.0,21.5,3.94,2.1,0
2023-01-28,2.1,0.0,11.2,4.67,4.3,0
2023-01-29,4.3,0.0,25.3,3.38,6.0,0
2023-01-30,6.0,0.0,23.5,6.23,6.2,0
2023-01-31,6.2,0.1,25.6,5.25,6.3,0
2023-02-01,6.3,0.0,31.1,4.87,7.7,0
2023-02-02,7.7,0.2,27.0,3.81,9.4,0
2023-02-03,9.4,0.0,22.7,5.49,7.4,0
2023-02-04,7.4,0.5,13.3,2.11,5.0,0
2023-02-05,5.0,0.0,16.9,6.79,2.2,0
2023-02-06,2.2,0.0,11.8,7.12,1.3,0
2023-02-07,1.3,0.0,10.6,5.74,0.5,0
2023-02-08,0.5,0.0,12.0,7.48,2.3,0
2023-02-09,2.3,0.0,11.7,6.95,2.2,0
2023-02-10,2.2,0.0,16.9,7.37,7.9,0
2023-02-11,7.9,0.0,12.7,4.16,7.2,0
2023-02-12,7.2,0.0,12.0,3.66,5.8,0
2023-02-13,5.8,0.0,12.6,8.67,5.1,0
2023-02-14,5.1,0.0,13.8,8.86,6.5,0
2023-02-15,6.5,0.0,19.3,8.12,9.6,1
2023-02-16,9.6,3.9,24.3,2.14,11.6,0
2023-02-17,11.6,0.1,36.2,4.22,11.1,0
2023-02-18,11.1,0.7,27.3,2.51,8.7,0
2023-02-19,8.7,0.0,18.5,9.11,9.2,0
2023-02-20,9.2,0.0,27.6,5.64,8.2,0
2023-02-21,8.2,0.0,13.2,4.73,5.9,1
2023-02-22,5.9,4.1,12.6,2.7,5.9,1
2023-02-23,5.9,1.7,23.9,2.87,3.9,0
2023-02-24,3.9,0.0,15.2,3.74,4.2,0
2023-02-25,4.2,0.0,27.0,7.08,4.1,0
2023-02-26,4.1,0.0,27.6,7.38,3.8,0
2023-02-27,3.8,0.0,20.9,4.29,4.5,0
2023-02-28,4.5,0.7,27.3,4.49,5.3,0
2023-03-01,5.3,0.6,19.2,4.06,4.0,0
2023-03-02,4.0,0.0,24.5,10.88,3.8,0
2023-03-03,3.8,0.4,19.6,4.06,5.0,0
2023-03-04,5.0,0.0,15.5,4.64,3.2,0
2023-03-05,3.2,0.3,13.5,6.33,3.7,1
2023-03-06,3.7,1.6,22.5,5.41,3.0,1
2023-03-07,3.0,4.1,12.9,4.1,1.2,1
2023-03-08,1.2,13.0,23.3,1.86,6.1,1
2023-03-09,6.1,6.0,21.0,3.18,4.3,1
2023-03-10,4.3,4.6,33.2,6.47,2.4,1
2023-03-11,2.4,1.1,16.7,8.69,9.8,1
2023-03-12,9.8,1.2,31.0,7.02,11.7,0
2023-03-13,11.7,0.9,50.4,9.81,6.4,1
2023-03-14,6.4,5.7,26.7,9.77,4.5,1
2023-03-15,4.5,1.7,22.0,9.06,10.3,1
2023-03-16,10.3,2.4,28.1,7.56,10.8,1
2023-03-17,10.8,1.9,19.5,6.13,10.1,1
2023-03-18,10.1,4.0,14.0,7.05,8.2,1
2023-03-19,8.2,1.7,19.7,8.77,9.7,1
2023-03-20,9.7,3.2,25.6,4.83,10.7,1
2023-03-21,10.7,1.5,31.1,9.74,11.3,1
2023-03-22,11.3,2.2,35.0,8.13,10.8,1
2023-03-23,10.8,8.9,36.2,11.82,9.7,1
2023-03-24,9.7,1.7,35.4,12.93,10.0,0
2023-03-25,10.0,0.5,38.5,13.99,7.5,1
2023-03-26,7.5,8.1,22.2,4.55,5.3,0
2023-03-27,5.3,0.0,9.8,13.99,7.0,1
2023-03-28,7.0,1.9,25.8,3.79,11.4,1
2023-03-29,11.4,3.3,29.6,5.84,12.1,1
2023-03-30,12.1,2.9,31.8,11.65,10.8,1
2023-03-31,10.8,13.2,33.7,4.72,9.6,1
2023-04-01,9.6,1.2,21.2,7.88,7.9,0
2023-04-02,7.9,0.0,23.0,11.91,5.5,0
2023-04-03,5.5,0.0,18.5,16.71,5.7,0
2023-04-04,5.7,0.0,13.3,20.1,6.5,0
2023-04-05,6.5,1.0,12.5,10.17,9.4,1
2023-04-06,9.4,4.9,22.8,10.55,8.1,0
2023-04-07,8.1,0.2,10.3,18.95,7.8,0
2023-04-08,7.8,0.0,11.0,15.32,9.3,0
2023-04-09,9.3,0.0,14.0,18.82,10.9,1
2023-04-10,10.9,9.1,33.0,8.86,8.7,1
2023-04-11,8.7,7.4,39.4,13.1,7.6,1
2023-04-12,7.6,3.3,46.0,16.08,8.3,0
2023-04-13,8.3,1.0,27.0,21.02,7.2,1
2023-04-14,7.2,8.1,21.3,8.31,9.6,1
2023-04-15,9.6,2.3,18.0,12.77,9.8,0
2023-04-16,9.8,0.0,10.5,9.72,10.6,0
2023-04-17,10.6,0.5,18.4,15.42,8.8,0
2023-04-18,8.8,0.2,32.2,12.53,10.2,0
2023-04-19,10.2,0.0,29.7,18.43,8.8,1
2023-04-20,8.8,2.3,29.4,20.69,7.3,1
2023-04-21,7.3,3.3,16.3,11.23,8.0,1
2023-04-22,8.0,1.5,17.7,15.75,10.4,1
2023-04-23,10.4,3.9,22.0,8.65,8.1,1
2023-04-24,8.1,13.8,20.4,12.63,6.4,0
2023-04-25,6.4,0.0,12.9,19.26,7.9,0
2023-04-26,7.9,0.0,15.1,12.14,9.3,1
2023-04-27,9.3,6.6,21.8,8.77,13.2,0
2023-04-28,13.2,0.8,22.5,12.73,10.9,0
2023-04-29,10.9,0.0,13.4,21.31,11.3,0
2023-04-30,11.3,0.0,15.9,16.64,11.9,0
2023-05-01,11.9,1.0,16.0,15.11,10.4,0
2023-05-02,10.4,0.0,18.8,10.74,9.3,0
2023-05-03,9.3,0.0,24.1,24.87,13.0,0
2023-05-04,13.0,0.9,24.8,16.77,13.7,0
2023-05-05,13.7,0.7,19.9,17.0,12.5,1
2023-05-06,12.5,5.6,23.3,7.44,15.0,0
2023-05-07,15.0,0.7,10.7,14.0,12.6,1
2023-05-08,12.6,2.6,23.4,9.7,13.9,1
2023-05-09,13.9,10.1,18.6,14.37,12.7,1
2023-05-10,12.7,6.2,22.0,20.58,12.3,1
2023-05-11,12.3,3.7,9.4,18.38,11.0,1
2023-05-12,11.0,1.9,32.0,7.96,11.7,0
2023-05-13,11.7,0.0,20.7,14.22,12.5,0
2023-05-14,12.5,0.7,11.5,20.54,12.1,0
2023-05-15,12.1,0.5,23.7,18.17,11.1,0
2023-05-16,11.1,0.2,21.9,22.4,12.0,0
2023-05-17,12.0,0.4,11.1,19.56,12.9,0
2023-05-18,12.9,0.2,14.1,20.8,12.0,1
2023-05-19,12.0,1.1,15.9,16.34,12.9,0
2023-05-20,12.9,0.1,22.9,23.97,13.0,0
2023-05-21,13.0,0.0,25.0,18.66,14.1,0
2023-05-22,14.1,0.0,24.2,19.36,12.9,0
2023-05-23,12.9,0.0,16.7,19.94,14.4,0
2023-05-24,14.4,0.0,14.9,23.16,13.4,0
2023-05-25,13.4,0.0,16.6,18.67,12.5,0
2023-05-26,12.5,0.0,20.9,27.61,13.0,0
2023-05-27,13.0,0.0,18.2,26.65,14.0,0
2023-05-28,14.0,0.0,25.3,27.36,12.4,0
2023-05-29,12.4,0.0,26.6,26.0,12.7,0
2023-05-30,12.7,0.0,27.1,21.08,13.9,0
2023-05-31,13.9,0.0,23.9,17.27,13.4,0
2023-06-01,13.4,0.0,23.0,22.49,13.2,0
2023-06-02,13.2,0.0,22.7,22.83,14.6,0
2023-06-03,14.6,0.0,21.9,24.02,14.9,0
2023-06-04,14.9,0.0,18.5,29.18,13.1,0
2023-06-05,13.1,0.0,20.4,23.05,13.2,0
2023-06-06,13.2,0.1,21.9,18.08,14.3,0
2023-06-07,14.3,0.0,19.7,28.51,14.8,0
2023-06-08,14.8,0.0,21.9,28.95,17.6,0
2023-06-09,17.6,0.0,22.9,28.86,21.4,0
2023-06-10,21.4,0.0,19.5,26.75,22.3,0
2023-06-11,22.3,0.0,11.5,24.77,21.4,1
2023-06-12,21.4,5.7,13.3,24.46,19.9,0
2023-06-13,19.9,0.0,24.4,29.41,19.0,0
2023-06-14,19.0,0.0,18.8,28.77,19.2,0
2023-06-15,19.2,0.0,17.3,26.12,19.2,0
2023-06-16,19.2,0.0,17.4,28.83,18.5,1
2023-06-17,18.5,2.1,13.8,22.91,19.0,1
2023-06-18,19.0,16.9,18.9,14.86,18.6,0
2023-06-19,18.6,0.9,21.6,24.57,19.0,1
2023-06-20,19.0,5.9,24.3,17.54,19.3,0
2023-06-21,19.3,1.0,16.5,24.22,20.2,0
2023-06-22,20.2,0.0,15.8,26.31,20.5,0
2023-06-23,20.5,0.0,17.9,25.69,21.2,0
2023-06-24,21.2,0.2,14.4,19.95,22.4,0
2023-06-25,22.4,0.1,27.8,28.91,18.4,0
2023-06-26,18.4,0.0,23.5,20.94,18.5,0
2023-06-27,18.5,0.0,20.5,14.75,20.2,0
2023-06-28,20.2,0.1,15.5,11.51,18.6,1
2023-06-29,18.6,5.9,15.7,19.08,16.3,0
2023-06-30,16.3,0.6,33.2,11.89,19.1,0
2023-07-01,19.1,0.2,24.4,18.5,16.5,0
2023-07-02,16.5,0.0,27.7,23.2,15.7,0
2023-07-03,15.7,0.7,33.5,17.0,15.1,1
2023-07-04,15.1,13.1,19.9,11.51,15.4,1
2023-07-05,15.4,6.1,23.8,23.79,16.2,0
2023-07-06,16.2,0.0,20.3,22.94,20.2,0
2023-07-07,20.2,0.0,17.9,28.64,21.5,1
2023-07-08,21.5,12.6,20.9,15.03,18.7,1
2023-07-09,18.7,4.9,22.1,14.98,18.7,0
2023-07-10,18.7,0.0,29.6,20.9,19.2,1
2023-07-11,19.2,3.2,27.5,17.31,17.5,1
2023-07-12,17.5,1.8,26.1,22.32,17.5,0
2023-07-13,17.5,0.5,22.1,20.37,16.8,1
2023-07-14,16.8,7.8,31.5,5.64,17.0,1
2023-07-15,17.0,1.4,43.9,20.51,17.0,0
2023-07-16,17.0,0.0,31.8,21.1,16.8,0
2023-07-17,16.8,0.6,22.5,20.76,17.1,0
2023-07-18,17.1,0.1,18.4,18.93,17.9,0
2023-07-19,17.9,0.4,20.0,21.95,17.3,0
2023-07-20,17.3,0.1,14.2,24.33,16.4,0
2023-07-21,16.4,0.1,17.7,17.66,15.4,1
2023-07-22,15.4,9.0,30.3,8.06,18.8,1
2023-07-23,18.8,2.6,31.4,19.3,15.7,1
2023-07-24,15.7,2.3,19.6,9.99,15.6,0
2023-07-25,15.6,0.7,17.6,22.75,15.7,1
2023-07-26,15.7,7.7,21.4,19.24,19.0,1
2023-07-27,19.0,7.4,27.4,10.26,18.6,0
2023-07-28,18.6,0.2,20.9,14.19,18.3,0
2023-07-29,18.3,0.7,26.1,21.45,16.9,1
2023-07-30,16.9,3.2,30.4,14.04,18.0,1
2023-07-31,18.0,2.6,27.9,10.44,17.5,0
2023-08-01,17.5,0.0,24.9,18.0,17.2,1
2023-08-02,17.2,18.8,32.3,11.51,16.9,0
2023-08-03,16.9,0.1,18.9,17.17,16.5,0
2023-08-04,16.5,0.4,16.9,14.64,15.2,1
2023-08-05,15.2,18.2,29.9,8.51,14.8,0
2023-08-06,14.8,0.9,24.5,20.35,15.5,0
2023-08-07,15.5,0.0,18.4,19.86,14.8,1
2023-08-08,14.8,2.4,23.2,5.21,17.5,0
2023-08-09,17.5,0.0,11.1,22.5,19.5,0
2023-08-10,19.5,0.0,16.6,21.79,20.1,0
2023-08-11,20.1,0.6,22.5,14.94,17.7,0
2023-08-12,17.7,0.5,32.6,16.5,18.0,0
2023-08-13,18.0,0.3,25.8,16.68,18.2,1
2023-08-14,18.2,3.8,31.5,13.35,17.9,0
2023-08-15,17.9,0.2,17.3,18.56,18.3,0
2023-08-16,18.3,0.2,16.2,20.42,18.5,0
2023-08-17,18.5,0.1,23.4,21.65,19.7,1
2023-08-18,19.7,4.2,22.3,14.12,20.2,0
2023-08-19,20.2,0.2,27.8,18.58,18.9,0
2023-08-20,18.9,0.4,19.1,18.29,18.3,0
2023-08-21,18.3,0.0,20.7,17.45,19.2,0
2023-08-22,19.2,0.0,18.6,17.89,19.2,0
2023-08-23,19.2,0.0,7.6,19.48,20.0,1
2023-08-24,20.0,1.3,14.0,13.96,16.8,0
2023-08-25,16.8,0.1,18.5,17.19,15.2,1
2023-08-26,15.2,1.2,17.2,14.22,15.1,0
2023-08-27,15.1,0.2,20.3,17.66,15.6,0
2023-08-28,15.6,0.2,15.5,15.09,15.5,0
2023-08-29,15.5,0.0,17.4,13.47,15.7,0
2023-08-30,15.7,0.3,21.0,18.08,14.1,1
2023-08-31,14.1,1.3,14.6,6.98,17.6,1
2023-09-01,17.6,1.4,6.4,11.31,18.5,0
2023-09-02,18.5,0.4,15.6,13.62,18.5,0
2023-09-03,18.5,0.0,12.4,18.66,20.0,0
2023-09-04,20.0,0.0,18.9,19.79,20.7,0
2023-09-05,20.7,0.0,16.9,19.4,21.9,0
2023-09-06,21.9,0.0,10.5,18.68,22.8,0
2023-09-07,22.8,0.0,13.7,19.13,23.3,0
2023-09-08,23.3,0.0,8.6,14.3,24.2,0
2023-09-09,24.2,0.0,7.6,18.1,23.1,1
2023-09-10,23.1,1.6,20.9,15.12,20.8,0
2023-09-11,20.8,0.0,18.6,13.02,18.9,1
2023-09-12,18.9,2.9,17.1,12.53,16.2,0
2023-09-13,16.2,0.1,19.5,13.48,17.1,0
2023-09-14,17.1,0.0,12.8,16.43,17.4,0
2023-09-15,17.4,0.0,13.5,15.51,18.7,0
2023-09-16,18.7,0.0,17.1,14.28,18.2,1
2023-09-17,18.2,4.8,26.3,8.35,17.0,1
2023-09-18,17.0,7.3,32.3,10.34,16.6,0
2023-09-19,16.6,0.4,45.6,6.57,17.9,1
2023-09-20,17.9,27.3,48.5,5.49,14.0,1
2023-09-21,14.0,5.5,17.1,11.96,12.5,1
2023-09-22,12.5,1.5,19.1,13.98,12.7,0
2023-09-23,12.7,0.0,16.1,13.09,16.8,0
2023-09-24,16.8,0.0,30.6,7.72,18.0,0
2023-09-25,18.0,0.2,25.2,13.98,17.2,1
2023-09-26,17.2,1.8,25.7,10.53,17.3,0
2023-09-27,17.3,0.0,28.7,7.86,16.6,0
2023-09-28,16.6,0.1,26.5,8.43,17.0,1
2023-09-29,17.0,2.4,23.1,14.11,14.6,0
2023-09-30,14.6,0.0,19.0,9.54,18.1,0
2023-10-01,18.1,0.0,22.4,7.46,17.6,1
2023-10-02,17.6,4.1,19.0,5.94,14.9,0
2023-10-03,14.9,0.3,25.9,11.96,13.8,0
2023-10-04,13.8,0.0,25.1,8.96,14.7,0
2023-10-05,14.7,0.2,22.1,8.59,16.5,0
2023-10-06,16.5,0.0,24.6,10.96,17.6,0
2023-10-07,17.6,0.0,21.9,11.38,16.8,0
2023-10-08,16.8,0.0,12.2,11.17,16.7,0
2023-10-09,16.7,0.0,11.0,11.26,16.5,0
2023-10-10,16.5,0.0,20.6,11.21,17.2,0
2023-10-11,17.2,0.4,25.3,6.0,15.0,1
2023-10-12,15.0,15.7,16.9,2.22,17.1,1
2023-10-13,17.1,14.2,38.3,6.26,9.8,0
2023-10-14,9.8,0.3,20.7,10.5,6.9,0
2023-10-15,6.9,0.0,14.2,11.48,7.6,0
2023-10-16,7.6,0.0,19.1,6.71,11.6,0
2023-10-17,11.6,0.0,27.8,10.22,12.8,1
2023-10-18,12.8,7.2,32.2,2.62,15.7,1
2023-10-19,15.7,6.0,33.2,4.45,14.2,1
2023-10-20,14.2,11.3,17.9,4.9,12.8,1
2023-10-21,12.8,3.4,21.8,5.99,10.0,0
2023-10-22,10.0,0.0,12.7,8.94,10.9,0
2023-10-23,10.9,0.8,16.3,5.8,10.2,1
2023-10-24,10.2,3.2,17.4,7.82,10.3,0
2023-10-25,10.3,0.8,16.2,5.89,11.2,1
2023-10-26,11.2,2.6,18.2,6.89,10.0,0
2023-10-27,10.0,1.0,17.8,6.4,11.7,1
2023-10-28,11.7,10.4,26.1,7.32,10.8,1
2023-10-29,10.8,6.7,24.7,4.11,10.9,0
2023-10-30,10.9,0.8,20.0,6.52,9.8,1
2023-10-31,9.8,2.4,15.2,5.54,12.0,1
2023-11-01,12.0,7.3,30.6,4.61,10.3,1
2023-11-02,10.3,21.3,42.8,1.78,9.4,1
2023-11-03,9.4,6.3,29.4,6.17,8.6,1
2023-11-04,8.6,5.5,26.5,4.3,9.0,0
2023-11-05,9.0,0.1,29.6,6.81,8.9,0
2023-11-06,8.9,0.0,25.6,6.82,7.8,0
2023-11-07,7.8,0.1,26.0,6.11,9.4,1
2023-11-08,9.4,3.3,35.8,1.01,8.0,0
2023-11-09,8.0,0.1,23.5,4.91,6.5,1
2023-11-10,6.5,1.7,20.3,3.65,5.3,0
2023-11-11,5.3,0.0,14.5,6.59,6.8,1
2023-11-12,6.8,2.0,12.4,1.74,12.1,1
2023-11-13,12.1,12.5,37.6,4.61,10.4,1
2023-11-14,10.4,6.1,28.5,1.89,8.6,0
2023-11-15,8.6,0.0,27.4,5.94,5.7,1
2023-11-16,5.7,3.0,13.8,1.28,6.1,1
2023-11-17,6.1,1.2,14.6,5.54,12.1,1
2023-11-18,12.1,5.5,26.1,0.87,11.9,0
2023-11-19,11.9,0.0,30.4,3.33,9.9,1
2023-11-20,9.9,3.0,24.2,3.38,9.4,0
2023-11-21,9.4,0.7,21.9,1.83,6.8,0
2023-11-22,6.8,0.0,15.7,2.79,10.4,0
2023-11-23,10.4,0.1,25.4,3.59,6.9,0
2023-11-24,6.9,0.2,25.3,3.24,1.6,0
2023-11-25,1.6,0.0,13.4,5.18,3.4,1
2023-11-26,3.4,3.8,18.0,1.02,7.8,1
2023-11-27,7.8,6.2,22.4,1.88,3.8,0
2023-11-28,3.8,0.0,21.4,4.5,1.3,0
2023-11-29,1.3,0.0,10.0,4.24,0.1,0
2023-11-30,0.1,0.0,19.1,3.31,-0.1,0
2023-12-01,-0.1,0.0,17.4,3.77,-2.5,0
2023-12-02,-2.5,0.0,9.0,2.48,4.3,1
2023-12-03,4.3,5.9,17.8,1.79,6.4,1
2023-12-04,6.4,8.9,25.4,1.26,5.3,1
2023-12-05,5.3,2.5,18.8,1.13,2.4,0
2023-12-06,2.4,0.0,12.3,3.87,6.3,1
2023-12-07,6.3,5.7,28.0,0.76,7.9,0
2023-12-08,7.9,0.0,21.4,3.86,9.6,1
2023-12-09,9.6,7.9,33.6,1.54,9.2,1
2023-12-10,9.2,2.1,33.2,1.03,8.4,0
2023-12-11,8.4,0.0,38.0,3.92,9.2,1
2023-12-12,9.2,7.3,21.3,1.77,7.1,0
2023-12-13,7.1,0.5,31.3,1.12,4.6,0
2023-12-14,4.6,0.9,20.3,0.61,5.0,0
2023-12-15,5.0,0.0,12.9,3.72,8.6,0
2023-12-16,8.6,0.0,21.2,1.19,9.0,0
2023-12-17,9.0,0.0,30.6,3.57,9.8,0
2023-12-18,9.8,0.0,25.0,1.51,10.1,1
2023-12-19,10.1,12.7,26.1,0.33,7.6,0
2023-12-20,7.6,0.0,27.3,2.29,11.1,0
2023-12-21,11.1,0.3,35.3,1.87,9.9,0
2023-12-22,9.9,0.3,33.6,1.58,9.4,0
2023-12-23,9.4,0.0,29.0,3.15,12.4,1
2023-12-24,12.4,1.2,33.8,1.07,12.3,1
2023-12-25,12.3,3.2,29.5,1.08,7.2,0
2023-12-26,7.2,0.0,24.6,3.16,10.0,1
2023-12-27,10.0,6.5,40.2,0.43,10.6,0
2023-12-28,10.6,0.4,40.5,2.97,8.6,1
2023-12-29,8.6,1.5,28.5,2.26,8.9,1
2023-12-30,8.9,3.0,37.0,1.74,8.4,1
2023-12-31,8.4,8.2,40.7,3.15,7.7,1
